[Sat, 19 Jul 2025 18:31:02 +0000] wpr: __construct
array (
  'prefix' => 'wpr',
  'licensing_servers' => 
  array (
    0 => 'https://dashboard.wpreset.com/api/',
  ),
  'version' => '2.04',
  'plugin_file' => '/home2/vedannqu/admin.leafngo.org/wp-content/plugins/wp-reset/wp-reset.php',
  'plugin_page' => 'tools_page_wp-reset',
  'skip_hooks' => false,
  'debug' => true,
  'js_folder' => 'https://admin.leafngo.org/wp-content/plugins/wp-reset//js/',
)
array (
  'prefix' => 'wpr',
  'licensing_servers' => 
  array (
    0 => 'https://dashboard.wpreset.com/api/',
  ),
  'version' => '2.04',
  'slug' => 'wp-reset',
  'basename' => 'wp-reset/wp-reset.php',
  'plugin_page' => 'tools_page_wp-reset',
  'plugin_file' => '/home2/vedannqu/admin.leafngo.org/wp-content/plugins/wp-reset/wp-reset.php',
  'js_folder' => 'https://admin.leafngo.org/wp-content/plugins/wp-reset//js/',
  'api_ver' => 'v1/',
  'valid_forever' => '2035-01-01',
  'unlimited_installs' => 99999,
  'debug' => true,
  'filesystem_initialized' => false,
)

[Sat, 19 Jul 2025 18:31:03 +0000] wpr: __construct
array (
  'prefix' => 'wpr',
  'licensing_servers' => 
  array (
    0 => 'https://dashboard.wpreset.com/api/',
  ),
  'version' => '2.04',
  'plugin_file' => '/home2/vedannqu/admin.leafngo.org/wp-content/plugins/wp-reset/wp-reset.php',
  'plugin_page' => 'tools_page_wp-reset',
  'skip_hooks' => false,
  'debug' => true,
  'js_folder' => 'https://admin.leafngo.org/wp-content/plugins/wp-reset//js/',
)
array (
  'prefix' => 'wpr',
  'licensing_servers' => 
  array (
    0 => 'https://dashboard.wpreset.com/api/',
  ),
  'version' => '2.04',
  'slug' => 'wp-reset',
  'basename' => 'wp-reset/wp-reset.php',
  'plugin_page' => 'tools_page_wp-reset',
  'plugin_file' => '/home2/vedannqu/admin.leafngo.org/wp-content/plugins/wp-reset/wp-reset.php',
  'js_folder' => 'https://admin.leafngo.org/wp-content/plugins/wp-reset//js/',
  'api_ver' => 'v1/',
  'valid_forever' => '2035-01-01',
  'unlimited_installs' => 99999,
  'debug' => true,
  'filesystem_initialized' => false,
)

[Sat, 19 Jul 2025 18:31:07 +0000] wpr: __construct
array (
  'prefix' => 'wpr',
  'licensing_servers' => 
  array (
    0 => 'https://dashboard.wpreset.com/api/',
  ),
  'version' => '2.04',
  'plugin_file' => '/home2/vedannqu/admin.leafngo.org/wp-content/plugins/wp-reset/wp-reset.php',
  'plugin_page' => 'tools_page_wp-reset',
  'skip_hooks' => false,
  'debug' => true,
  'js_folder' => 'https://admin.leafngo.org/wp-content/plugins/wp-reset//js/',
)
array (
  'prefix' => 'wpr',
  'licensing_servers' => 
  array (
    0 => 'https://dashboard.wpreset.com/api/',
  ),
  'version' => '2.04',
  'slug' => 'wp-reset',
  'basename' => 'wp-reset/wp-reset.php',
  'plugin_page' => 'tools_page_wp-reset',
  'plugin_file' => '/home2/vedannqu/admin.leafngo.org/wp-content/plugins/wp-reset/wp-reset.php',
  'js_folder' => 'https://admin.leafngo.org/wp-content/plugins/wp-reset//js/',
  'api_ver' => 'v1/',
  'valid_forever' => '2035-01-01',
  'unlimited_installs' => 99999,
  'debug' => true,
  'filesystem_initialized' => false,
)

[Sat, 19 Jul 2025 18:31:19 +0000] wpr: __construct
array (
  'prefix' => 'wpr',
  'licensing_servers' => 
  array (
    0 => 'https://dashboard.wpreset.com/api/',
  ),
  'version' => '2.04',
  'plugin_file' => '/home2/vedannqu/admin.leafngo.org/wp-content/plugins/wp-reset/wp-reset.php',
  'plugin_page' => 'tools_page_wp-reset',
  'skip_hooks' => false,
  'debug' => true,
  'js_folder' => 'https://admin.leafngo.org/wp-content/plugins/wp-reset//js/',
)
array (
  'prefix' => 'wpr',
  'licensing_servers' => 
  array (
    0 => 'https://dashboard.wpreset.com/api/',
  ),
  'version' => '2.04',
  'slug' => 'wp-reset',
  'basename' => 'wp-reset/wp-reset.php',
  'plugin_page' => 'tools_page_wp-reset',
  'plugin_file' => '/home2/vedannqu/admin.leafngo.org/wp-content/plugins/wp-reset/wp-reset.php',
  'js_folder' => 'https://admin.leafngo.org/wp-content/plugins/wp-reset//js/',
  'api_ver' => 'v1/',
  'valid_forever' => '2035-01-01',
  'unlimited_installs' => 99999,
  'debug' => true,
  'filesystem_initialized' => false,
)

[Sat, 19 Jul 2025 18:31:22 +0000] wpr: __construct
array (
  'prefix' => 'wpr',
  'licensing_servers' => 
  array (
    0 => 'https://dashboard.wpreset.com/api/',
  ),
  'version' => '2.04',
  'plugin_file' => '/home2/vedannqu/admin.leafngo.org/wp-content/plugins/wp-reset/wp-reset.php',
  'plugin_page' => 'tools_page_wp-reset',
  'skip_hooks' => false,
  'debug' => true,
  'js_folder' => 'https://admin.leafngo.org/wp-content/plugins/wp-reset//js/',
)
array (
  'prefix' => 'wpr',
  'licensing_servers' => 
  array (
    0 => 'https://dashboard.wpreset.com/api/',
  ),
  'version' => '2.04',
  'slug' => 'wp-reset',
  'basename' => 'wp-reset/wp-reset.php',
  'plugin_page' => 'tools_page_wp-reset',
  'plugin_file' => '/home2/vedannqu/admin.leafngo.org/wp-content/plugins/wp-reset/wp-reset.php',
  'js_folder' => 'https://admin.leafngo.org/wp-content/plugins/wp-reset//js/',
  'api_ver' => 'v1/',
  'valid_forever' => '2035-01-01',
  'unlimited_installs' => 99999,
  'debug' => true,
  'filesystem_initialized' => false,
)

[Sat, 19 Jul 2025 18:31:27 +0000] wpr: __construct
array (
  'prefix' => 'wpr',
  'licensing_servers' => 
  array (
    0 => 'https://dashboard.wpreset.com/api/',
  ),
  'version' => '2.04',
  'plugin_file' => '/home2/vedannqu/admin.leafngo.org/wp-content/plugins/wp-reset/wp-reset.php',
  'plugin_page' => 'tools_page_wp-reset',
  'skip_hooks' => false,
  'debug' => true,
  'js_folder' => 'https://admin.leafngo.org/wp-content/plugins/wp-reset//js/',
)
array (
  'prefix' => 'wpr',
  'licensing_servers' => 
  array (
    0 => 'https://dashboard.wpreset.com/api/',
  ),
  'version' => '2.04',
  'slug' => 'wp-reset',
  'basename' => 'wp-reset/wp-reset.php',
  'plugin_page' => 'tools_page_wp-reset',
  'plugin_file' => '/home2/vedannqu/admin.leafngo.org/wp-content/plugins/wp-reset/wp-reset.php',
  'js_folder' => 'https://admin.leafngo.org/wp-content/plugins/wp-reset//js/',
  'api_ver' => 'v1/',
  'valid_forever' => '2035-01-01',
  'unlimited_installs' => 99999,
  'debug' => true,
  'filesystem_initialized' => false,
)

[Sat, 19 Jul 2025 18:31:33 +0000] wpr: __construct
array (
  'prefix' => 'wpr',
  'licensing_servers' => 
  array (
    0 => 'https://dashboard.wpreset.com/api/',
  ),
  'version' => '2.04',
  'plugin_file' => '/home2/vedannqu/admin.leafngo.org/wp-content/plugins/wp-reset/wp-reset.php',
  'plugin_page' => 'tools_page_wp-reset',
  'skip_hooks' => false,
  'debug' => true,
  'js_folder' => 'https://admin.leafngo.org/wp-content/plugins/wp-reset//js/',
)
array (
  'prefix' => 'wpr',
  'licensing_servers' => 
  array (
    0 => 'https://dashboard.wpreset.com/api/',
  ),
  'version' => '2.04',
  'slug' => 'wp-reset',
  'basename' => 'wp-reset/wp-reset.php',
  'plugin_page' => 'tools_page_wp-reset',
  'plugin_file' => '/home2/vedannqu/admin.leafngo.org/wp-content/plugins/wp-reset/wp-reset.php',
  'js_folder' => 'https://admin.leafngo.org/wp-content/plugins/wp-reset//js/',
  'api_ver' => 'v1/',
  'valid_forever' => '2035-01-01',
  'unlimited_installs' => 99999,
  'debug' => true,
  'filesystem_initialized' => false,
)

[Sat, 19 Jul 2025 18:31:33 +0000] wpr: __construct
array (
  'prefix' => 'wpr',
  'licensing_servers' => 
  array (
    0 => 'https://dashboard.wpreset.com/api/',
  ),
  'version' => '2.04',
  'plugin_file' => '/home2/vedannqu/admin.leafngo.org/wp-content/plugins/wp-reset/wp-reset.php',
  'plugin_page' => 'tools_page_wp-reset',
  'skip_hooks' => false,
  'debug' => true,
  'js_folder' => 'https://admin.leafngo.org/wp-content/plugins/wp-reset//js/',
)
array (
  'prefix' => 'wpr',
  'licensing_servers' => 
  array (
    0 => 'https://dashboard.wpreset.com/api/',
  ),
  'version' => '2.04',
  'slug' => 'wp-reset',
  'basename' => 'wp-reset/wp-reset.php',
  'plugin_page' => 'tools_page_wp-reset',
  'plugin_file' => '/home2/vedannqu/admin.leafngo.org/wp-content/plugins/wp-reset/wp-reset.php',
  'js_folder' => 'https://admin.leafngo.org/wp-content/plugins/wp-reset//js/',
  'api_ver' => 'v1/',
  'valid_forever' => '2035-01-01',
  'unlimited_installs' => 99999,
  'debug' => true,
  'filesystem_initialized' => false,
)

[Sat, 19 Jul 2025 18:31:39 +0000] wpr: __construct
array (
  'prefix' => 'wpr',
  'licensing_servers' => 
  array (
    0 => 'https://dashboard.wpreset.com/api/',
  ),
  'version' => '2.04',
  'plugin_file' => '/home2/vedannqu/admin.leafngo.org/wp-content/plugins/wp-reset/wp-reset.php',
  'plugin_page' => 'tools_page_wp-reset',
  'skip_hooks' => false,
  'debug' => true,
  'js_folder' => 'https://admin.leafngo.org/wp-content/plugins/wp-reset//js/',
)
array (
  'prefix' => 'wpr',
  'licensing_servers' => 
  array (
    0 => 'https://dashboard.wpreset.com/api/',
  ),
  'version' => '2.04',
  'slug' => 'wp-reset',
  'basename' => 'wp-reset/wp-reset.php',
  'plugin_page' => 'tools_page_wp-reset',
  'plugin_file' => '/home2/vedannqu/admin.leafngo.org/wp-content/plugins/wp-reset/wp-reset.php',
  'js_folder' => 'https://admin.leafngo.org/wp-content/plugins/wp-reset//js/',
  'api_ver' => 'v1/',
  'valid_forever' => '2035-01-01',
  'unlimited_installs' => 99999,
  'debug' => true,
  'filesystem_initialized' => false,
)

[Sat, 19 Jul 2025 18:31:48 +0000] wpr: __construct
array (
  'prefix' => 'wpr',
  'licensing_servers' => 
  array (
    0 => 'https://dashboard.wpreset.com/api/',
  ),
  'version' => '2.04',
  'plugin_file' => '/home2/vedannqu/admin.leafngo.org/wp-content/plugins/wp-reset/wp-reset.php',
  'plugin_page' => 'tools_page_wp-reset',
  'skip_hooks' => false,
  'debug' => true,
  'js_folder' => 'https://admin.leafngo.org/wp-content/plugins/wp-reset//js/',
)
array (
  'prefix' => 'wpr',
  'licensing_servers' => 
  array (
    0 => 'https://dashboard.wpreset.com/api/',
  ),
  'version' => '2.04',
  'slug' => 'wp-reset',
  'basename' => 'wp-reset/wp-reset.php',
  'plugin_page' => 'tools_page_wp-reset',
  'plugin_file' => '/home2/vedannqu/admin.leafngo.org/wp-content/plugins/wp-reset/wp-reset.php',
  'js_folder' => 'https://admin.leafngo.org/wp-content/plugins/wp-reset//js/',
  'api_ver' => 'v1/',
  'valid_forever' => '2035-01-01',
  'unlimited_installs' => 99999,
  'debug' => true,
  'filesystem_initialized' => false,
)

[Sat, 19 Jul 2025 18:32:04 +0000] wpr: __construct
array (
  'prefix' => 'wpr',
  'licensing_servers' => 
  array (
    0 => 'https://dashboard.wpreset.com/api/',
  ),
  'version' => '2.04',
  'plugin_file' => '/home2/vedannqu/admin.leafngo.org/wp-content/plugins/wp-reset/wp-reset.php',
  'plugin_page' => 'tools_page_wp-reset',
  'skip_hooks' => false,
  'debug' => true,
  'js_folder' => 'https://admin.leafngo.org/wp-content/plugins/wp-reset//js/',
)
array (
  'prefix' => 'wpr',
  'licensing_servers' => 
  array (
    0 => 'https://dashboard.wpreset.com/api/',
  ),
  'version' => '2.04',
  'slug' => 'wp-reset',
  'basename' => 'wp-reset/wp-reset.php',
  'plugin_page' => 'tools_page_wp-reset',
  'plugin_file' => '/home2/vedannqu/admin.leafngo.org/wp-content/plugins/wp-reset/wp-reset.php',
  'js_folder' => 'https://admin.leafngo.org/wp-content/plugins/wp-reset//js/',
  'api_ver' => 'v1/',
  'valid_forever' => '2035-01-01',
  'unlimited_installs' => 99999,
  'debug' => true,
  'filesystem_initialized' => false,
)

[Sat, 19 Jul 2025 18:32:05 +0000] wpr: __construct
array (
  'prefix' => 'wpr',
  'licensing_servers' => 
  array (
    0 => 'https://dashboard.wpreset.com/api/',
  ),
  'version' => '2.04',
  'plugin_file' => '/home2/vedannqu/admin.leafngo.org/wp-content/plugins/wp-reset/wp-reset.php',
  'plugin_page' => 'tools_page_wp-reset',
  'skip_hooks' => false,
  'debug' => true,
  'js_folder' => 'https://admin.leafngo.org/wp-content/plugins/wp-reset//js/',
)
array (
  'prefix' => 'wpr',
  'licensing_servers' => 
  array (
    0 => 'https://dashboard.wpreset.com/api/',
  ),
  'version' => '2.04',
  'slug' => 'wp-reset',
  'basename' => 'wp-reset/wp-reset.php',
  'plugin_page' => 'tools_page_wp-reset',
  'plugin_file' => '/home2/vedannqu/admin.leafngo.org/wp-content/plugins/wp-reset/wp-reset.php',
  'js_folder' => 'https://admin.leafngo.org/wp-content/plugins/wp-reset//js/',
  'api_ver' => 'v1/',
  'valid_forever' => '2035-01-01',
  'unlimited_installs' => 99999,
  'debug' => true,
  'filesystem_initialized' => false,
)

[Sat, 19 Jul 2025 18:32:22 +0000] wpr: __construct
array (
  'prefix' => 'wpr',
  'licensing_servers' => 
  array (
    0 => 'https://dashboard.wpreset.com/api/',
  ),
  'version' => '2.04',
  'plugin_file' => '/home2/vedannqu/admin.leafngo.org/wp-content/plugins/wp-reset/wp-reset.php',
  'plugin_page' => 'tools_page_wp-reset',
  'skip_hooks' => false,
  'debug' => true,
  'js_folder' => 'https://admin.leafngo.org/wp-content/plugins/wp-reset//js/',
)
array (
  'prefix' => 'wpr',
  'licensing_servers' => 
  array (
    0 => 'https://dashboard.wpreset.com/api/',
  ),
  'version' => '2.04',
  'slug' => 'wp-reset',
  'basename' => 'wp-reset/wp-reset.php',
  'plugin_page' => 'tools_page_wp-reset',
  'plugin_file' => '/home2/vedannqu/admin.leafngo.org/wp-content/plugins/wp-reset/wp-reset.php',
  'js_folder' => 'https://admin.leafngo.org/wp-content/plugins/wp-reset//js/',
  'api_ver' => 'v1/',
  'valid_forever' => '2035-01-01',
  'unlimited_installs' => 99999,
  'debug' => true,
  'filesystem_initialized' => false,
)

[Sat, 19 Jul 2025 18:33:06 +0000] wpr: __construct
array (
  'prefix' => 'wpr',
  'licensing_servers' => 
  array (
    0 => 'https://dashboard.wpreset.com/api/',
  ),
  'version' => '2.04',
  'plugin_file' => '/home2/vedannqu/admin.leafngo.org/wp-content/plugins/wp-reset/wp-reset.php',
  'plugin_page' => 'tools_page_wp-reset',
  'skip_hooks' => false,
  'debug' => true,
  'js_folder' => 'https://admin.leafngo.org/wp-content/plugins/wp-reset//js/',
)
array (
  'prefix' => 'wpr',
  'licensing_servers' => 
  array (
    0 => 'https://dashboard.wpreset.com/api/',
  ),
  'version' => '2.04',
  'slug' => 'wp-reset',
  'basename' => 'wp-reset/wp-reset.php',
  'plugin_page' => 'tools_page_wp-reset',
  'plugin_file' => '/home2/vedannqu/admin.leafngo.org/wp-content/plugins/wp-reset/wp-reset.php',
  'js_folder' => 'https://admin.leafngo.org/wp-content/plugins/wp-reset//js/',
  'api_ver' => 'v1/',
  'valid_forever' => '2035-01-01',
  'unlimited_installs' => 99999,
  'debug' => true,
  'filesystem_initialized' => false,
)

[Sat, 19 Jul 2025 18:34:36 +0000] wpr: __construct
array (
  'prefix' => 'wpr',
  'licensing_servers' => 
  array (
    0 => 'https://dashboard.wpreset.com/api/',
  ),
  'version' => '2.04',
  'plugin_file' => '/home2/vedannqu/admin.leafngo.org/wp-content/plugins/wp-reset/wp-reset.php',
  'plugin_page' => 'tools_page_wp-reset',
  'skip_hooks' => false,
  'debug' => true,
  'js_folder' => 'https://admin.leafngo.org/wp-content/plugins/wp-reset//js/',
)
array (
  'prefix' => 'wpr',
  'licensing_servers' => 
  array (
    0 => 'https://dashboard.wpreset.com/api/',
  ),
  'version' => '2.04',
  'slug' => 'wp-reset',
  'basename' => 'wp-reset/wp-reset.php',
  'plugin_page' => 'tools_page_wp-reset',
  'plugin_file' => '/home2/vedannqu/admin.leafngo.org/wp-content/plugins/wp-reset/wp-reset.php',
  'js_folder' => 'https://admin.leafngo.org/wp-content/plugins/wp-reset//js/',
  'api_ver' => 'v1/',
  'valid_forever' => '2035-01-01',
  'unlimited_installs' => 99999,
  'debug' => true,
  'filesystem_initialized' => false,
)

[Sun, 20 Jul 2025 08:40:15 +0000] wpr: __construct
array (
  'prefix' => 'wpr',
  'licensing_servers' => 
  array (
    0 => 'https://dashboard.wpreset.com/api/',
  ),
  'version' => '2.04',
  'plugin_file' => '/home2/vedannqu/admin.leafngo.org/wp-content/plugins/wp-reset/wp-reset.php',
  'plugin_page' => 'tools_page_wp-reset',
  'skip_hooks' => false,
  'debug' => true,
  'js_folder' => 'https://admin.leafngo.org/wp-content/plugins/wp-reset//js/',
)
array (
  'prefix' => 'wpr',
  'licensing_servers' => 
  array (
    0 => 'https://dashboard.wpreset.com/api/',
  ),
  'version' => '2.04',
  'slug' => 'wp-reset',
  'basename' => 'wp-reset/wp-reset.php',
  'plugin_page' => 'tools_page_wp-reset',
  'plugin_file' => '/home2/vedannqu/admin.leafngo.org/wp-content/plugins/wp-reset/wp-reset.php',
  'js_folder' => 'https://admin.leafngo.org/wp-content/plugins/wp-reset//js/',
  'api_ver' => 'v1/',
  'valid_forever' => '2035-01-01',
  'unlimited_installs' => 99999,
  'debug' => true,
  'filesystem_initialized' => false,
)

[Sun, 20 Jul 2025 10:16:23 +0000] wpr: __construct
array (
  'prefix' => 'wpr',
  'licensing_servers' => 
  array (
    0 => 'https://dashboard.wpreset.com/api/',
  ),
  'version' => '2.04',
  'plugin_file' => '/home2/vedannqu/admin.leafngo.org/wp-content/plugins/wp-reset/wp-reset.php',
  'plugin_page' => 'tools_page_wp-reset',
  'skip_hooks' => false,
  'debug' => true,
  'js_folder' => 'https://admin.leafngo.org/wp-content/plugins/wp-reset//js/',
)
array (
  'prefix' => 'wpr',
  'licensing_servers' => 
  array (
    0 => 'https://dashboard.wpreset.com/api/',
  ),
  'version' => '2.04',
  'slug' => 'wp-reset',
  'basename' => 'wp-reset/wp-reset.php',
  'plugin_page' => 'tools_page_wp-reset',
  'plugin_file' => '/home2/vedannqu/admin.leafngo.org/wp-content/plugins/wp-reset/wp-reset.php',
  'js_folder' => 'https://admin.leafngo.org/wp-content/plugins/wp-reset//js/',
  'api_ver' => 'v1/',
  'valid_forever' => '2035-01-01',
  'unlimited_installs' => 99999,
  'debug' => true,
  'filesystem_initialized' => false,
)

[Sun, 20 Jul 2025 10:16:39 +0000] wpr: __construct
array (
  'prefix' => 'wpr',
  'licensing_servers' => 
  array (
    0 => 'https://dashboard.wpreset.com/api/',
  ),
  'version' => '2.04',
  'plugin_file' => '/home2/vedannqu/admin.leafngo.org/wp-content/plugins/wp-reset/wp-reset.php',
  'plugin_page' => 'tools_page_wp-reset',
  'skip_hooks' => false,
  'debug' => true,
  'js_folder' => 'https://admin.leafngo.org/wp-content/plugins/wp-reset//js/',
)
array (
  'prefix' => 'wpr',
  'licensing_servers' => 
  array (
    0 => 'https://dashboard.wpreset.com/api/',
  ),
  'version' => '2.04',
  'slug' => 'wp-reset',
  'basename' => 'wp-reset/wp-reset.php',
  'plugin_page' => 'tools_page_wp-reset',
  'plugin_file' => '/home2/vedannqu/admin.leafngo.org/wp-content/plugins/wp-reset/wp-reset.php',
  'js_folder' => 'https://admin.leafngo.org/wp-content/plugins/wp-reset//js/',
  'api_ver' => 'v1/',
  'valid_forever' => '2035-01-01',
  'unlimited_installs' => 99999,
  'debug' => true,
  'filesystem_initialized' => false,
)

[Sun, 20 Jul 2025 10:16:43 +0000] wpr: __construct
array (
  'prefix' => 'wpr',
  'licensing_servers' => 
  array (
    0 => 'https://dashboard.wpreset.com/api/',
  ),
  'version' => '2.04',
  'plugin_file' => '/home2/vedannqu/admin.leafngo.org/wp-content/plugins/wp-reset/wp-reset.php',
  'plugin_page' => 'tools_page_wp-reset',
  'skip_hooks' => false,
  'debug' => true,
  'js_folder' => 'https://admin.leafngo.org/wp-content/plugins/wp-reset//js/',
)
array (
  'prefix' => 'wpr',
  'licensing_servers' => 
  array (
    0 => 'https://dashboard.wpreset.com/api/',
  ),
  'version' => '2.04',
  'slug' => 'wp-reset',
  'basename' => 'wp-reset/wp-reset.php',
  'plugin_page' => 'tools_page_wp-reset',
  'plugin_file' => '/home2/vedannqu/admin.leafngo.org/wp-content/plugins/wp-reset/wp-reset.php',
  'js_folder' => 'https://admin.leafngo.org/wp-content/plugins/wp-reset//js/',
  'api_ver' => 'v1/',
  'valid_forever' => '2035-01-01',
  'unlimited_installs' => 99999,
  'debug' => true,
  'filesystem_initialized' => false,
)

[Sun, 20 Jul 2025 10:17:41 +0000] wpr: __construct
array (
  'prefix' => 'wpr',
  'licensing_servers' => 
  array (
    0 => 'https://dashboard.wpreset.com/api/',
  ),
  'version' => '2.04',
  'plugin_file' => '/home2/vedannqu/admin.leafngo.org/wp-content/plugins/wp-reset/wp-reset.php',
  'plugin_page' => 'tools_page_wp-reset',
  'skip_hooks' => false,
  'debug' => true,
  'js_folder' => 'https://admin.leafngo.org/wp-content/plugins/wp-reset//js/',
)
array (
  'prefix' => 'wpr',
  'licensing_servers' => 
  array (
    0 => 'https://dashboard.wpreset.com/api/',
  ),
  'version' => '2.04',
  'slug' => 'wp-reset',
  'basename' => 'wp-reset/wp-reset.php',
  'plugin_page' => 'tools_page_wp-reset',
  'plugin_file' => '/home2/vedannqu/admin.leafngo.org/wp-content/plugins/wp-reset/wp-reset.php',
  'js_folder' => 'https://admin.leafngo.org/wp-content/plugins/wp-reset//js/',
  'api_ver' => 'v1/',
  'valid_forever' => '2035-01-01',
  'unlimited_installs' => 99999,
  'debug' => true,
  'filesystem_initialized' => false,
)

[Sun, 20 Jul 2025 10:18:07 +0000] wpr: __construct
array (
  'prefix' => 'wpr',
  'licensing_servers' => 
  array (
    0 => 'https://dashboard.wpreset.com/api/',
  ),
  'version' => '2.04',
  'plugin_file' => '/home2/vedannqu/admin.leafngo.org/wp-content/plugins/wp-reset/wp-reset.php',
  'plugin_page' => 'tools_page_wp-reset',
  'skip_hooks' => false,
  'debug' => true,
  'js_folder' => 'https://admin.leafngo.org/wp-content/plugins/wp-reset//js/',
)
array (
  'prefix' => 'wpr',
  'licensing_servers' => 
  array (
    0 => 'https://dashboard.wpreset.com/api/',
  ),
  'version' => '2.04',
  'slug' => 'wp-reset',
  'basename' => 'wp-reset/wp-reset.php',
  'plugin_page' => 'tools_page_wp-reset',
  'plugin_file' => '/home2/vedannqu/admin.leafngo.org/wp-content/plugins/wp-reset/wp-reset.php',
  'js_folder' => 'https://admin.leafngo.org/wp-content/plugins/wp-reset//js/',
  'api_ver' => 'v1/',
  'valid_forever' => '2035-01-01',
  'unlimited_installs' => 99999,
  'debug' => true,
  'filesystem_initialized' => false,
)

[Sun, 20 Jul 2025 10:18:18 +0000] wpr: __construct
array (
  'prefix' => 'wpr',
  'licensing_servers' => 
  array (
    0 => 'https://dashboard.wpreset.com/api/',
  ),
  'version' => '2.04',
  'plugin_file' => '/home2/vedannqu/admin.leafngo.org/wp-content/plugins/wp-reset/wp-reset.php',
  'plugin_page' => 'tools_page_wp-reset',
  'skip_hooks' => false,
  'debug' => true,
  'js_folder' => 'https://admin.leafngo.org/wp-content/plugins/wp-reset//js/',
)
array (
  'prefix' => 'wpr',
  'licensing_servers' => 
  array (
    0 => 'https://dashboard.wpreset.com/api/',
  ),
  'version' => '2.04',
  'slug' => 'wp-reset',
  'basename' => 'wp-reset/wp-reset.php',
  'plugin_page' => 'tools_page_wp-reset',
  'plugin_file' => '/home2/vedannqu/admin.leafngo.org/wp-content/plugins/wp-reset/wp-reset.php',
  'js_folder' => 'https://admin.leafngo.org/wp-content/plugins/wp-reset//js/',
  'api_ver' => 'v1/',
  'valid_forever' => '2035-01-01',
  'unlimited_installs' => 99999,
  'debug' => true,
  'filesystem_initialized' => false,
)

[Sun, 20 Jul 2025 10:19:08 +0000] wpr: __construct
array (
  'prefix' => 'wpr',
  'licensing_servers' => 
  array (
    0 => 'https://dashboard.wpreset.com/api/',
  ),
  'version' => '2.04',
  'plugin_file' => '/home2/vedannqu/admin.leafngo.org/wp-content/plugins/wp-reset/wp-reset.php',
  'plugin_page' => 'tools_page_wp-reset',
  'skip_hooks' => false,
  'debug' => true,
  'js_folder' => 'https://admin.leafngo.org/wp-content/plugins/wp-reset//js/',
)
array (
  'prefix' => 'wpr',
  'licensing_servers' => 
  array (
    0 => 'https://dashboard.wpreset.com/api/',
  ),
  'version' => '2.04',
  'slug' => 'wp-reset',
  'basename' => 'wp-reset/wp-reset.php',
  'plugin_page' => 'tools_page_wp-reset',
  'plugin_file' => '/home2/vedannqu/admin.leafngo.org/wp-content/plugins/wp-reset/wp-reset.php',
  'js_folder' => 'https://admin.leafngo.org/wp-content/plugins/wp-reset//js/',
  'api_ver' => 'v1/',
  'valid_forever' => '2035-01-01',
  'unlimited_installs' => 99999,
  'debug' => true,
  'filesystem_initialized' => false,
)

[Sun, 20 Jul 2025 10:19:10 +0000] wpr: __construct
array (
  'prefix' => 'wpr',
  'licensing_servers' => 
  array (
    0 => 'https://dashboard.wpreset.com/api/',
  ),
  'version' => '2.04',
  'plugin_file' => '/home2/vedannqu/admin.leafngo.org/wp-content/plugins/wp-reset/wp-reset.php',
  'plugin_page' => 'tools_page_wp-reset',
  'skip_hooks' => false,
  'debug' => true,
  'js_folder' => 'https://admin.leafngo.org/wp-content/plugins/wp-reset//js/',
)
array (
  'prefix' => 'wpr',
  'licensing_servers' => 
  array (
    0 => 'https://dashboard.wpreset.com/api/',
  ),
  'version' => '2.04',
  'slug' => 'wp-reset',
  'basename' => 'wp-reset/wp-reset.php',
  'plugin_page' => 'tools_page_wp-reset',
  'plugin_file' => '/home2/vedannqu/admin.leafngo.org/wp-content/plugins/wp-reset/wp-reset.php',
  'js_folder' => 'https://admin.leafngo.org/wp-content/plugins/wp-reset//js/',
  'api_ver' => 'v1/',
  'valid_forever' => '2035-01-01',
  'unlimited_installs' => 99999,
  'debug' => true,
  'filesystem_initialized' => false,
)

[Sun, 20 Jul 2025 10:19:15 +0000] wpr: __construct
array (
  'prefix' => 'wpr',
  'licensing_servers' => 
  array (
    0 => 'https://dashboard.wpreset.com/api/',
  ),
  'version' => '2.04',
  'plugin_file' => '/home2/vedannqu/admin.leafngo.org/wp-content/plugins/wp-reset/wp-reset.php',
  'plugin_page' => 'tools_page_wp-reset',
  'skip_hooks' => false,
  'debug' => true,
  'js_folder' => 'https://admin.leafngo.org/wp-content/plugins/wp-reset//js/',
)
array (
  'prefix' => 'wpr',
  'licensing_servers' => 
  array (
    0 => 'https://dashboard.wpreset.com/api/',
  ),
  'version' => '2.04',
  'slug' => 'wp-reset',
  'basename' => 'wp-reset/wp-reset.php',
  'plugin_page' => 'tools_page_wp-reset',
  'plugin_file' => '/home2/vedannqu/admin.leafngo.org/wp-content/plugins/wp-reset/wp-reset.php',
  'js_folder' => 'https://admin.leafngo.org/wp-content/plugins/wp-reset//js/',
  'api_ver' => 'v1/',
  'valid_forever' => '2035-01-01',
  'unlimited_installs' => 99999,
  'debug' => true,
  'filesystem_initialized' => false,
)

[Sun, 20 Jul 2025 10:19:15 +0000] wpr: __construct
array (
  'prefix' => 'wpr',
  'licensing_servers' => 
  array (
    0 => 'https://dashboard.wpreset.com/api/',
  ),
  'version' => '2.04',
  'plugin_file' => '/home2/vedannqu/admin.leafngo.org/wp-content/plugins/wp-reset/wp-reset.php',
  'plugin_page' => 'tools_page_wp-reset',
  'skip_hooks' => false,
  'debug' => true,
  'js_folder' => 'https://admin.leafngo.org/wp-content/plugins/wp-reset//js/',
)
array (
  'prefix' => 'wpr',
  'licensing_servers' => 
  array (
    0 => 'https://dashboard.wpreset.com/api/',
  ),
  'version' => '2.04',
  'slug' => 'wp-reset',
  'basename' => 'wp-reset/wp-reset.php',
  'plugin_page' => 'tools_page_wp-reset',
  'plugin_file' => '/home2/vedannqu/admin.leafngo.org/wp-content/plugins/wp-reset/wp-reset.php',
  'js_folder' => 'https://admin.leafngo.org/wp-content/plugins/wp-reset//js/',
  'api_ver' => 'v1/',
  'valid_forever' => '2035-01-01',
  'unlimited_installs' => 99999,
  'debug' => true,
  'filesystem_initialized' => false,
)

[Sun, 20 Jul 2025 10:19:16 +0000] wpr: __construct
array (
  'prefix' => 'wpr',
  'licensing_servers' => 
  array (
    0 => 'https://dashboard.wpreset.com/api/',
  ),
  'version' => '2.04',
  'plugin_file' => '/home2/vedannqu/admin.leafngo.org/wp-content/plugins/wp-reset/wp-reset.php',
  'plugin_page' => 'tools_page_wp-reset',
  'skip_hooks' => false,
  'debug' => true,
  'js_folder' => 'https://admin.leafngo.org/wp-content/plugins/wp-reset//js/',
)
array (
  'prefix' => 'wpr',
  'licensing_servers' => 
  array (
    0 => 'https://dashboard.wpreset.com/api/',
  ),
  'version' => '2.04',
  'slug' => 'wp-reset',
  'basename' => 'wp-reset/wp-reset.php',
  'plugin_page' => 'tools_page_wp-reset',
  'plugin_file' => '/home2/vedannqu/admin.leafngo.org/wp-content/plugins/wp-reset/wp-reset.php',
  'js_folder' => 'https://admin.leafngo.org/wp-content/plugins/wp-reset//js/',
  'api_ver' => 'v1/',
  'valid_forever' => '2035-01-01',
  'unlimited_installs' => 99999,
  'debug' => true,
  'filesystem_initialized' => false,
)

[Sun, 20 Jul 2025 10:19:23 +0000] wpr: __construct
array (
  'prefix' => 'wpr',
  'licensing_servers' => 
  array (
    0 => 'https://dashboard.wpreset.com/api/',
  ),
  'version' => '2.04',
  'plugin_file' => '/home2/vedannqu/admin.leafngo.org/wp-content/plugins/wp-reset/wp-reset.php',
  'plugin_page' => 'tools_page_wp-reset',
  'skip_hooks' => false,
  'debug' => true,
  'js_folder' => 'https://admin.leafngo.org/wp-content/plugins/wp-reset//js/',
)
array (
  'prefix' => 'wpr',
  'licensing_servers' => 
  array (
    0 => 'https://dashboard.wpreset.com/api/',
  ),
  'version' => '2.04',
  'slug' => 'wp-reset',
  'basename' => 'wp-reset/wp-reset.php',
  'plugin_page' => 'tools_page_wp-reset',
  'plugin_file' => '/home2/vedannqu/admin.leafngo.org/wp-content/plugins/wp-reset/wp-reset.php',
  'js_folder' => 'https://admin.leafngo.org/wp-content/plugins/wp-reset//js/',
  'api_ver' => 'v1/',
  'valid_forever' => '2035-01-01',
  'unlimited_installs' => 99999,
  'debug' => true,
  'filesystem_initialized' => false,
)

[Sun, 20 Jul 2025 10:19:24 +0000] wpr: __construct
array (
  'prefix' => 'wpr',
  'licensing_servers' => 
  array (
    0 => 'https://dashboard.wpreset.com/api/',
  ),
  'version' => '2.04',
  'plugin_file' => '/home2/vedannqu/admin.leafngo.org/wp-content/plugins/wp-reset/wp-reset.php',
  'plugin_page' => 'tools_page_wp-reset',
  'skip_hooks' => false,
  'debug' => true,
  'js_folder' => 'https://admin.leafngo.org/wp-content/plugins/wp-reset//js/',
)
array (
  'prefix' => 'wpr',
  'licensing_servers' => 
  array (
    0 => 'https://dashboard.wpreset.com/api/',
  ),
  'version' => '2.04',
  'slug' => 'wp-reset',
  'basename' => 'wp-reset/wp-reset.php',
  'plugin_page' => 'tools_page_wp-reset',
  'plugin_file' => '/home2/vedannqu/admin.leafngo.org/wp-content/plugins/wp-reset/wp-reset.php',
  'js_folder' => 'https://admin.leafngo.org/wp-content/plugins/wp-reset//js/',
  'api_ver' => 'v1/',
  'valid_forever' => '2035-01-01',
  'unlimited_installs' => 99999,
  'debug' => true,
  'filesystem_initialized' => false,
)

[Sun, 20 Jul 2025 10:19:30 +0000] wpr: __construct
array (
  'prefix' => 'wpr',
  'licensing_servers' => 
  array (
    0 => 'https://dashboard.wpreset.com/api/',
  ),
  'version' => '2.04',
  'plugin_file' => '/home2/vedannqu/admin.leafngo.org/wp-content/plugins/wp-reset/wp-reset.php',
  'plugin_page' => 'tools_page_wp-reset',
  'skip_hooks' => false,
  'debug' => true,
  'js_folder' => 'https://admin.leafngo.org/wp-content/plugins/wp-reset//js/',
)
array (
  'prefix' => 'wpr',
  'licensing_servers' => 
  array (
    0 => 'https://dashboard.wpreset.com/api/',
  ),
  'version' => '2.04',
  'slug' => 'wp-reset',
  'basename' => 'wp-reset/wp-reset.php',
  'plugin_page' => 'tools_page_wp-reset',
  'plugin_file' => '/home2/vedannqu/admin.leafngo.org/wp-content/plugins/wp-reset/wp-reset.php',
  'js_folder' => 'https://admin.leafngo.org/wp-content/plugins/wp-reset//js/',
  'api_ver' => 'v1/',
  'valid_forever' => '2035-01-01',
  'unlimited_installs' => 99999,
  'debug' => true,
  'filesystem_initialized' => false,
)

[Sun, 20 Jul 2025 10:19:42 +0000] wpr: __construct
array (
  'prefix' => 'wpr',
  'licensing_servers' => 
  array (
    0 => 'https://dashboard.wpreset.com/api/',
  ),
  'version' => '2.04',
  'plugin_file' => '/home2/vedannqu/admin.leafngo.org/wp-content/plugins/wp-reset/wp-reset.php',
  'plugin_page' => 'tools_page_wp-reset',
  'skip_hooks' => false,
  'debug' => true,
  'js_folder' => 'https://admin.leafngo.org/wp-content/plugins/wp-reset//js/',
)
array (
  'prefix' => 'wpr',
  'licensing_servers' => 
  array (
    0 => 'https://dashboard.wpreset.com/api/',
  ),
  'version' => '2.04',
  'slug' => 'wp-reset',
  'basename' => 'wp-reset/wp-reset.php',
  'plugin_page' => 'tools_page_wp-reset',
  'plugin_file' => '/home2/vedannqu/admin.leafngo.org/wp-content/plugins/wp-reset/wp-reset.php',
  'js_folder' => 'https://admin.leafngo.org/wp-content/plugins/wp-reset//js/',
  'api_ver' => 'v1/',
  'valid_forever' => '2035-01-01',
  'unlimited_installs' => 99999,
  'debug' => true,
  'filesystem_initialized' => false,
)

[Sun, 20 Jul 2025 10:19:44 +0000] wpr: __construct
array (
  'prefix' => 'wpr',
  'licensing_servers' => 
  array (
    0 => 'https://dashboard.wpreset.com/api/',
  ),
  'version' => '2.04',
  'plugin_file' => '/home2/vedannqu/admin.leafngo.org/wp-content/plugins/wp-reset/wp-reset.php',
  'plugin_page' => 'tools_page_wp-reset',
  'skip_hooks' => false,
  'debug' => true,
  'js_folder' => 'https://admin.leafngo.org/wp-content/plugins/wp-reset//js/',
)
array (
  'prefix' => 'wpr',
  'licensing_servers' => 
  array (
    0 => 'https://dashboard.wpreset.com/api/',
  ),
  'version' => '2.04',
  'slug' => 'wp-reset',
  'basename' => 'wp-reset/wp-reset.php',
  'plugin_page' => 'tools_page_wp-reset',
  'plugin_file' => '/home2/vedannqu/admin.leafngo.org/wp-content/plugins/wp-reset/wp-reset.php',
  'js_folder' => 'https://admin.leafngo.org/wp-content/plugins/wp-reset//js/',
  'api_ver' => 'v1/',
  'valid_forever' => '2035-01-01',
  'unlimited_installs' => 99999,
  'debug' => true,
  'filesystem_initialized' => false,
)

[Sun, 20 Jul 2025 10:19:46 +0000] wpr: __construct
array (
  'prefix' => 'wpr',
  'licensing_servers' => 
  array (
    0 => 'https://dashboard.wpreset.com/api/',
  ),
  'version' => '2.04',
  'plugin_file' => '/home2/vedannqu/admin.leafngo.org/wp-content/plugins/wp-reset/wp-reset.php',
  'plugin_page' => 'tools_page_wp-reset',
  'skip_hooks' => false,
  'debug' => true,
  'js_folder' => 'https://admin.leafngo.org/wp-content/plugins/wp-reset//js/',
)
array (
  'prefix' => 'wpr',
  'licensing_servers' => 
  array (
    0 => 'https://dashboard.wpreset.com/api/',
  ),
  'version' => '2.04',
  'slug' => 'wp-reset',
  'basename' => 'wp-reset/wp-reset.php',
  'plugin_page' => 'tools_page_wp-reset',
  'plugin_file' => '/home2/vedannqu/admin.leafngo.org/wp-content/plugins/wp-reset/wp-reset.php',
  'js_folder' => 'https://admin.leafngo.org/wp-content/plugins/wp-reset//js/',
  'api_ver' => 'v1/',
  'valid_forever' => '2035-01-01',
  'unlimited_installs' => 99999,
  'debug' => true,
  'filesystem_initialized' => false,
)

[Sun, 20 Jul 2025 10:19:48 +0000] wpr: __construct
array (
  'prefix' => 'wpr',
  'licensing_servers' => 
  array (
    0 => 'https://dashboard.wpreset.com/api/',
  ),
  'version' => '2.04',
  'plugin_file' => '/home2/vedannqu/admin.leafngo.org/wp-content/plugins/wp-reset/wp-reset.php',
  'plugin_page' => 'tools_page_wp-reset',
  'skip_hooks' => false,
  'debug' => true,
  'js_folder' => 'https://admin.leafngo.org/wp-content/plugins/wp-reset//js/',
)
array (
  'prefix' => 'wpr',
  'licensing_servers' => 
  array (
    0 => 'https://dashboard.wpreset.com/api/',
  ),
  'version' => '2.04',
  'slug' => 'wp-reset',
  'basename' => 'wp-reset/wp-reset.php',
  'plugin_page' => 'tools_page_wp-reset',
  'plugin_file' => '/home2/vedannqu/admin.leafngo.org/wp-content/plugins/wp-reset/wp-reset.php',
  'js_folder' => 'https://admin.leafngo.org/wp-content/plugins/wp-reset//js/',
  'api_ver' => 'v1/',
  'valid_forever' => '2035-01-01',
  'unlimited_installs' => 99999,
  'debug' => true,
  'filesystem_initialized' => false,
)

[Sun, 20 Jul 2025 10:19:48 +0000] wpr: __construct
array (
  'prefix' => 'wpr',
  'licensing_servers' => 
  array (
    0 => 'https://dashboard.wpreset.com/api/',
  ),
  'version' => '2.04',
  'plugin_file' => '/home2/vedannqu/admin.leafngo.org/wp-content/plugins/wp-reset/wp-reset.php',
  'plugin_page' => 'tools_page_wp-reset',
  'skip_hooks' => false,
  'debug' => true,
  'js_folder' => 'https://admin.leafngo.org/wp-content/plugins/wp-reset//js/',
)
array (
  'prefix' => 'wpr',
  'licensing_servers' => 
  array (
    0 => 'https://dashboard.wpreset.com/api/',
  ),
  'version' => '2.04',
  'slug' => 'wp-reset',
  'basename' => 'wp-reset/wp-reset.php',
  'plugin_page' => 'tools_page_wp-reset',
  'plugin_file' => '/home2/vedannqu/admin.leafngo.org/wp-content/plugins/wp-reset/wp-reset.php',
  'js_folder' => 'https://admin.leafngo.org/wp-content/plugins/wp-reset//js/',
  'api_ver' => 'v1/',
  'valid_forever' => '2035-01-01',
  'unlimited_installs' => 99999,
  'debug' => true,
  'filesystem_initialized' => false,
)

[Sun, 20 Jul 2025 10:19:49 +0000] wpr: __construct
array (
  'prefix' => 'wpr',
  'licensing_servers' => 
  array (
    0 => 'https://dashboard.wpreset.com/api/',
  ),
  'version' => '2.04',
  'plugin_file' => '/home2/vedannqu/admin.leafngo.org/wp-content/plugins/wp-reset/wp-reset.php',
  'plugin_page' => 'tools_page_wp-reset',
  'skip_hooks' => false,
  'debug' => true,
  'js_folder' => 'https://admin.leafngo.org/wp-content/plugins/wp-reset//js/',
)
array (
  'prefix' => 'wpr',
  'licensing_servers' => 
  array (
    0 => 'https://dashboard.wpreset.com/api/',
  ),
  'version' => '2.04',
  'slug' => 'wp-reset',
  'basename' => 'wp-reset/wp-reset.php',
  'plugin_page' => 'tools_page_wp-reset',
  'plugin_file' => '/home2/vedannqu/admin.leafngo.org/wp-content/plugins/wp-reset/wp-reset.php',
  'js_folder' => 'https://admin.leafngo.org/wp-content/plugins/wp-reset//js/',
  'api_ver' => 'v1/',
  'valid_forever' => '2035-01-01',
  'unlimited_installs' => 99999,
  'debug' => true,
  'filesystem_initialized' => false,
)

[Sun, 20 Jul 2025 10:19:52 +0000] wpr: __construct
array (
  'prefix' => 'wpr',
  'licensing_servers' => 
  array (
    0 => 'https://dashboard.wpreset.com/api/',
  ),
  'version' => '2.04',
  'plugin_file' => '/home2/vedannqu/admin.leafngo.org/wp-content/plugins/wp-reset/wp-reset.php',
  'plugin_page' => 'tools_page_wp-reset',
  'skip_hooks' => false,
  'debug' => true,
  'js_folder' => 'https://admin.leafngo.org/wp-content/plugins/wp-reset//js/',
)
array (
  'prefix' => 'wpr',
  'licensing_servers' => 
  array (
    0 => 'https://dashboard.wpreset.com/api/',
  ),
  'version' => '2.04',
  'slug' => 'wp-reset',
  'basename' => 'wp-reset/wp-reset.php',
  'plugin_page' => 'tools_page_wp-reset',
  'plugin_file' => '/home2/vedannqu/admin.leafngo.org/wp-content/plugins/wp-reset/wp-reset.php',
  'js_folder' => 'https://admin.leafngo.org/wp-content/plugins/wp-reset//js/',
  'api_ver' => 'v1/',
  'valid_forever' => '2035-01-01',
  'unlimited_installs' => 99999,
  'debug' => true,
  'filesystem_initialized' => false,
)

[Sun, 20 Jul 2025 10:19:54 +0000] wpr: __construct
array (
  'prefix' => 'wpr',
  'licensing_servers' => 
  array (
    0 => 'https://dashboard.wpreset.com/api/',
  ),
  'version' => '2.04',
  'plugin_file' => '/home2/vedannqu/admin.leafngo.org/wp-content/plugins/wp-reset/wp-reset.php',
  'plugin_page' => 'tools_page_wp-reset',
  'skip_hooks' => false,
  'debug' => true,
  'js_folder' => 'https://admin.leafngo.org/wp-content/plugins/wp-reset//js/',
)
array (
  'prefix' => 'wpr',
  'licensing_servers' => 
  array (
    0 => 'https://dashboard.wpreset.com/api/',
  ),
  'version' => '2.04',
  'slug' => 'wp-reset',
  'basename' => 'wp-reset/wp-reset.php',
  'plugin_page' => 'tools_page_wp-reset',
  'plugin_file' => '/home2/vedannqu/admin.leafngo.org/wp-content/plugins/wp-reset/wp-reset.php',
  'js_folder' => 'https://admin.leafngo.org/wp-content/plugins/wp-reset//js/',
  'api_ver' => 'v1/',
  'valid_forever' => '2035-01-01',
  'unlimited_installs' => 99999,
  'debug' => true,
  'filesystem_initialized' => false,
)

[Sun, 20 Jul 2025 10:20:04 +0000] wpr: __construct
array (
  'prefix' => 'wpr',
  'licensing_servers' => 
  array (
    0 => 'https://dashboard.wpreset.com/api/',
  ),
  'version' => '2.04',
  'plugin_file' => '/home2/vedannqu/admin.leafngo.org/wp-content/plugins/wp-reset/wp-reset.php',
  'plugin_page' => 'tools_page_wp-reset',
  'skip_hooks' => false,
  'debug' => true,
  'js_folder' => 'https://admin.leafngo.org/wp-content/plugins/wp-reset//js/',
)
array (
  'prefix' => 'wpr',
  'licensing_servers' => 
  array (
    0 => 'https://dashboard.wpreset.com/api/',
  ),
  'version' => '2.04',
  'slug' => 'wp-reset',
  'basename' => 'wp-reset/wp-reset.php',
  'plugin_page' => 'tools_page_wp-reset',
  'plugin_file' => '/home2/vedannqu/admin.leafngo.org/wp-content/plugins/wp-reset/wp-reset.php',
  'js_folder' => 'https://admin.leafngo.org/wp-content/plugins/wp-reset//js/',
  'api_ver' => 'v1/',
  'valid_forever' => '2035-01-01',
  'unlimited_installs' => 99999,
  'debug' => true,
  'filesystem_initialized' => false,
)

[Sun, 20 Jul 2025 10:20:12 +0000] wpr: __construct
array (
  'prefix' => 'wpr',
  'licensing_servers' => 
  array (
    0 => 'https://dashboard.wpreset.com/api/',
  ),
  'version' => '2.04',
  'plugin_file' => '/home2/vedannqu/admin.leafngo.org/wp-content/plugins/wp-reset/wp-reset.php',
  'plugin_page' => 'tools_page_wp-reset',
  'skip_hooks' => false,
  'debug' => true,
  'js_folder' => 'https://admin.leafngo.org/wp-content/plugins/wp-reset//js/',
)
array (
  'prefix' => 'wpr',
  'licensing_servers' => 
  array (
    0 => 'https://dashboard.wpreset.com/api/',
  ),
  'version' => '2.04',
  'slug' => 'wp-reset',
  'basename' => 'wp-reset/wp-reset.php',
  'plugin_page' => 'tools_page_wp-reset',
  'plugin_file' => '/home2/vedannqu/admin.leafngo.org/wp-content/plugins/wp-reset/wp-reset.php',
  'js_folder' => 'https://admin.leafngo.org/wp-content/plugins/wp-reset//js/',
  'api_ver' => 'v1/',
  'valid_forever' => '2035-01-01',
  'unlimited_installs' => 99999,
  'debug' => true,
  'filesystem_initialized' => false,
)

[Sun, 20 Jul 2025 10:20:19 +0000] wpr: __construct
array (
  'prefix' => 'wpr',
  'licensing_servers' => 
  array (
    0 => 'https://dashboard.wpreset.com/api/',
  ),
  'version' => '2.04',
  'plugin_file' => '/home2/vedannqu/admin.leafngo.org/wp-content/plugins/wp-reset/wp-reset.php',
  'plugin_page' => 'tools_page_wp-reset',
  'skip_hooks' => false,
  'debug' => true,
  'js_folder' => 'https://admin.leafngo.org/wp-content/plugins/wp-reset//js/',
)
array (
  'prefix' => 'wpr',
  'licensing_servers' => 
  array (
    0 => 'https://dashboard.wpreset.com/api/',
  ),
  'version' => '2.04',
  'slug' => 'wp-reset',
  'basename' => 'wp-reset/wp-reset.php',
  'plugin_page' => 'tools_page_wp-reset',
  'plugin_file' => '/home2/vedannqu/admin.leafngo.org/wp-content/plugins/wp-reset/wp-reset.php',
  'js_folder' => 'https://admin.leafngo.org/wp-content/plugins/wp-reset//js/',
  'api_ver' => 'v1/',
  'valid_forever' => '2035-01-01',
  'unlimited_installs' => 99999,
  'debug' => true,
  'filesystem_initialized' => false,
)

[Sun, 20 Jul 2025 10:20:19 +0000] wpr: __construct
array (
  'prefix' => 'wpr',
  'licensing_servers' => 
  array (
    0 => 'https://dashboard.wpreset.com/api/',
  ),
  'version' => '2.04',
  'plugin_file' => '/home2/vedannqu/admin.leafngo.org/wp-content/plugins/wp-reset/wp-reset.php',
  'plugin_page' => 'tools_page_wp-reset',
  'skip_hooks' => false,
  'debug' => true,
  'js_folder' => 'https://admin.leafngo.org/wp-content/plugins/wp-reset//js/',
)
array (
  'prefix' => 'wpr',
  'licensing_servers' => 
  array (
    0 => 'https://dashboard.wpreset.com/api/',
  ),
  'version' => '2.04',
  'slug' => 'wp-reset',
  'basename' => 'wp-reset/wp-reset.php',
  'plugin_page' => 'tools_page_wp-reset',
  'plugin_file' => '/home2/vedannqu/admin.leafngo.org/wp-content/plugins/wp-reset/wp-reset.php',
  'js_folder' => 'https://admin.leafngo.org/wp-content/plugins/wp-reset//js/',
  'api_ver' => 'v1/',
  'valid_forever' => '2035-01-01',
  'unlimited_installs' => 99999,
  'debug' => true,
  'filesystem_initialized' => false,
)

[Sun, 20 Jul 2025 10:20:34 +0000] wpr: __construct
array (
  'prefix' => 'wpr',
  'licensing_servers' => 
  array (
    0 => 'https://dashboard.wpreset.com/api/',
  ),
  'version' => '2.04',
  'plugin_file' => '/home2/vedannqu/admin.leafngo.org/wp-content/plugins/wp-reset/wp-reset.php',
  'plugin_page' => 'tools_page_wp-reset',
  'skip_hooks' => false,
  'debug' => true,
  'js_folder' => 'https://admin.leafngo.org/wp-content/plugins/wp-reset//js/',
)
array (
  'prefix' => 'wpr',
  'licensing_servers' => 
  array (
    0 => 'https://dashboard.wpreset.com/api/',
  ),
  'version' => '2.04',
  'slug' => 'wp-reset',
  'basename' => 'wp-reset/wp-reset.php',
  'plugin_page' => 'tools_page_wp-reset',
  'plugin_file' => '/home2/vedannqu/admin.leafngo.org/wp-content/plugins/wp-reset/wp-reset.php',
  'js_folder' => 'https://admin.leafngo.org/wp-content/plugins/wp-reset//js/',
  'api_ver' => 'v1/',
  'valid_forever' => '2035-01-01',
  'unlimited_installs' => 99999,
  'debug' => true,
  'filesystem_initialized' => false,
)

[Sun, 20 Jul 2025 10:21:01 +0000] wpr: __construct
array (
  'prefix' => 'wpr',
  'licensing_servers' => 
  array (
    0 => 'https://dashboard.wpreset.com/api/',
  ),
  'version' => '2.04',
  'plugin_file' => '/home2/vedannqu/admin.leafngo.org/wp-content/plugins/wp-reset/wp-reset.php',
  'plugin_page' => 'tools_page_wp-reset',
  'skip_hooks' => false,
  'debug' => true,
  'js_folder' => 'https://admin.leafngo.org/wp-content/plugins/wp-reset//js/',
)
array (
  'prefix' => 'wpr',
  'licensing_servers' => 
  array (
    0 => 'https://dashboard.wpreset.com/api/',
  ),
  'version' => '2.04',
  'slug' => 'wp-reset',
  'basename' => 'wp-reset/wp-reset.php',
  'plugin_page' => 'tools_page_wp-reset',
  'plugin_file' => '/home2/vedannqu/admin.leafngo.org/wp-content/plugins/wp-reset/wp-reset.php',
  'js_folder' => 'https://admin.leafngo.org/wp-content/plugins/wp-reset//js/',
  'api_ver' => 'v1/',
  'valid_forever' => '2035-01-01',
  'unlimited_installs' => 99999,
  'debug' => true,
  'filesystem_initialized' => false,
)

[Sun, 20 Jul 2025 10:21:04 +0000] wpr: __construct
array (
  'prefix' => 'wpr',
  'licensing_servers' => 
  array (
    0 => 'https://dashboard.wpreset.com/api/',
  ),
  'version' => '2.04',
  'plugin_file' => '/home2/vedannqu/admin.leafngo.org/wp-content/plugins/wp-reset/wp-reset.php',
  'plugin_page' => 'tools_page_wp-reset',
  'skip_hooks' => false,
  'debug' => true,
  'js_folder' => 'https://admin.leafngo.org/wp-content/plugins/wp-reset//js/',
)
array (
  'prefix' => 'wpr',
  'licensing_servers' => 
  array (
    0 => 'https://dashboard.wpreset.com/api/',
  ),
  'version' => '2.04',
  'slug' => 'wp-reset',
  'basename' => 'wp-reset/wp-reset.php',
  'plugin_page' => 'tools_page_wp-reset',
  'plugin_file' => '/home2/vedannqu/admin.leafngo.org/wp-content/plugins/wp-reset/wp-reset.php',
  'js_folder' => 'https://admin.leafngo.org/wp-content/plugins/wp-reset//js/',
  'api_ver' => 'v1/',
  'valid_forever' => '2035-01-01',
  'unlimited_installs' => 99999,
  'debug' => true,
  'filesystem_initialized' => false,
)

[Sun, 20 Jul 2025 10:21:06 +0000] wpr: __construct
array (
  'prefix' => 'wpr',
  'licensing_servers' => 
  array (
    0 => 'https://dashboard.wpreset.com/api/',
  ),
  'version' => '2.04',
  'plugin_file' => '/home2/vedannqu/admin.leafngo.org/wp-content/plugins/wp-reset/wp-reset.php',
  'plugin_page' => 'tools_page_wp-reset',
  'skip_hooks' => false,
  'debug' => true,
  'js_folder' => 'https://admin.leafngo.org/wp-content/plugins/wp-reset//js/',
)
array (
  'prefix' => 'wpr',
  'licensing_servers' => 
  array (
    0 => 'https://dashboard.wpreset.com/api/',
  ),
  'version' => '2.04',
  'slug' => 'wp-reset',
  'basename' => 'wp-reset/wp-reset.php',
  'plugin_page' => 'tools_page_wp-reset',
  'plugin_file' => '/home2/vedannqu/admin.leafngo.org/wp-content/plugins/wp-reset/wp-reset.php',
  'js_folder' => 'https://admin.leafngo.org/wp-content/plugins/wp-reset//js/',
  'api_ver' => 'v1/',
  'valid_forever' => '2035-01-01',
  'unlimited_installs' => 99999,
  'debug' => true,
  'filesystem_initialized' => false,
)

[Sun, 20 Jul 2025 10:21:07 +0000] wpr: __construct
array (
  'prefix' => 'wpr',
  'licensing_servers' => 
  array (
    0 => 'https://dashboard.wpreset.com/api/',
  ),
  'version' => '2.04',
  'plugin_file' => '/home2/vedannqu/admin.leafngo.org/wp-content/plugins/wp-reset/wp-reset.php',
  'plugin_page' => 'tools_page_wp-reset',
  'skip_hooks' => false,
  'debug' => true,
  'js_folder' => 'https://admin.leafngo.org/wp-content/plugins/wp-reset//js/',
)
array (
  'prefix' => 'wpr',
  'licensing_servers' => 
  array (
    0 => 'https://dashboard.wpreset.com/api/',
  ),
  'version' => '2.04',
  'slug' => 'wp-reset',
  'basename' => 'wp-reset/wp-reset.php',
  'plugin_page' => 'tools_page_wp-reset',
  'plugin_file' => '/home2/vedannqu/admin.leafngo.org/wp-content/plugins/wp-reset/wp-reset.php',
  'js_folder' => 'https://admin.leafngo.org/wp-content/plugins/wp-reset//js/',
  'api_ver' => 'v1/',
  'valid_forever' => '2035-01-01',
  'unlimited_installs' => 99999,
  'debug' => true,
  'filesystem_initialized' => false,
)

[Sun, 20 Jul 2025 10:21:08 +0000] wpr: __construct
array (
  'prefix' => 'wpr',
  'licensing_servers' => 
  array (
    0 => 'https://dashboard.wpreset.com/api/',
  ),
  'version' => '2.04',
  'plugin_file' => '/home2/vedannqu/admin.leafngo.org/wp-content/plugins/wp-reset/wp-reset.php',
  'plugin_page' => 'tools_page_wp-reset',
  'skip_hooks' => false,
  'debug' => true,
  'js_folder' => 'https://admin.leafngo.org/wp-content/plugins/wp-reset//js/',
)
array (
  'prefix' => 'wpr',
  'licensing_servers' => 
  array (
    0 => 'https://dashboard.wpreset.com/api/',
  ),
  'version' => '2.04',
  'slug' => 'wp-reset',
  'basename' => 'wp-reset/wp-reset.php',
  'plugin_page' => 'tools_page_wp-reset',
  'plugin_file' => '/home2/vedannqu/admin.leafngo.org/wp-content/plugins/wp-reset/wp-reset.php',
  'js_folder' => 'https://admin.leafngo.org/wp-content/plugins/wp-reset//js/',
  'api_ver' => 'v1/',
  'valid_forever' => '2035-01-01',
  'unlimited_installs' => 99999,
  'debug' => true,
  'filesystem_initialized' => false,
)

[Sun, 20 Jul 2025 10:21:11 +0000] wpr: __construct
array (
  'prefix' => 'wpr',
  'licensing_servers' => 
  array (
    0 => 'https://dashboard.wpreset.com/api/',
  ),
  'version' => '2.04',
  'plugin_file' => '/home2/vedannqu/admin.leafngo.org/wp-content/plugins/wp-reset/wp-reset.php',
  'plugin_page' => 'tools_page_wp-reset',
  'skip_hooks' => false,
  'debug' => true,
  'js_folder' => 'https://admin.leafngo.org/wp-content/plugins/wp-reset//js/',
)
array (
  'prefix' => 'wpr',
  'licensing_servers' => 
  array (
    0 => 'https://dashboard.wpreset.com/api/',
  ),
  'version' => '2.04',
  'slug' => 'wp-reset',
  'basename' => 'wp-reset/wp-reset.php',
  'plugin_page' => 'tools_page_wp-reset',
  'plugin_file' => '/home2/vedannqu/admin.leafngo.org/wp-content/plugins/wp-reset/wp-reset.php',
  'js_folder' => 'https://admin.leafngo.org/wp-content/plugins/wp-reset//js/',
  'api_ver' => 'v1/',
  'valid_forever' => '2035-01-01',
  'unlimited_installs' => 99999,
  'debug' => true,
  'filesystem_initialized' => false,
)

[Sun, 20 Jul 2025 10:21:14 +0000] wpr: __construct
array (
  'prefix' => 'wpr',
  'licensing_servers' => 
  array (
    0 => 'https://dashboard.wpreset.com/api/',
  ),
  'version' => '2.04',
  'plugin_file' => '/home2/vedannqu/admin.leafngo.org/wp-content/plugins/wp-reset/wp-reset.php',
  'plugin_page' => 'tools_page_wp-reset',
  'skip_hooks' => false,
  'debug' => true,
  'js_folder' => 'https://admin.leafngo.org/wp-content/plugins/wp-reset//js/',
)
array (
  'prefix' => 'wpr',
  'licensing_servers' => 
  array (
    0 => 'https://dashboard.wpreset.com/api/',
  ),
  'version' => '2.04',
  'slug' => 'wp-reset',
  'basename' => 'wp-reset/wp-reset.php',
  'plugin_page' => 'tools_page_wp-reset',
  'plugin_file' => '/home2/vedannqu/admin.leafngo.org/wp-content/plugins/wp-reset/wp-reset.php',
  'js_folder' => 'https://admin.leafngo.org/wp-content/plugins/wp-reset//js/',
  'api_ver' => 'v1/',
  'valid_forever' => '2035-01-01',
  'unlimited_installs' => 99999,
  'debug' => true,
  'filesystem_initialized' => false,
)

[Sun, 20 Jul 2025 10:21:22 +0000] wpr: __construct
array (
  'prefix' => 'wpr',
  'licensing_servers' => 
  array (
    0 => 'https://dashboard.wpreset.com/api/',
  ),
  'version' => '2.04',
  'plugin_file' => '/home2/vedannqu/admin.leafngo.org/wp-content/plugins/wp-reset/wp-reset.php',
  'plugin_page' => 'tools_page_wp-reset',
  'skip_hooks' => false,
  'debug' => true,
  'js_folder' => 'https://admin.leafngo.org/wp-content/plugins/wp-reset//js/',
)
array (
  'prefix' => 'wpr',
  'licensing_servers' => 
  array (
    0 => 'https://dashboard.wpreset.com/api/',
  ),
  'version' => '2.04',
  'slug' => 'wp-reset',
  'basename' => 'wp-reset/wp-reset.php',
  'plugin_page' => 'tools_page_wp-reset',
  'plugin_file' => '/home2/vedannqu/admin.leafngo.org/wp-content/plugins/wp-reset/wp-reset.php',
  'js_folder' => 'https://admin.leafngo.org/wp-content/plugins/wp-reset//js/',
  'api_ver' => 'v1/',
  'valid_forever' => '2035-01-01',
  'unlimited_installs' => 99999,
  'debug' => true,
  'filesystem_initialized' => false,
)

[Sun, 20 Jul 2025 10:21:30 +0000] wpr: __construct
array (
  'prefix' => 'wpr',
  'licensing_servers' => 
  array (
    0 => 'https://dashboard.wpreset.com/api/',
  ),
  'version' => '2.04',
  'plugin_file' => '/home2/vedannqu/admin.leafngo.org/wp-content/plugins/wp-reset/wp-reset.php',
  'plugin_page' => 'tools_page_wp-reset',
  'skip_hooks' => false,
  'debug' => true,
  'js_folder' => 'https://admin.leafngo.org/wp-content/plugins/wp-reset//js/',
)
array (
  'prefix' => 'wpr',
  'licensing_servers' => 
  array (
    0 => 'https://dashboard.wpreset.com/api/',
  ),
  'version' => '2.04',
  'slug' => 'wp-reset',
  'basename' => 'wp-reset/wp-reset.php',
  'plugin_page' => 'tools_page_wp-reset',
  'plugin_file' => '/home2/vedannqu/admin.leafngo.org/wp-content/plugins/wp-reset/wp-reset.php',
  'js_folder' => 'https://admin.leafngo.org/wp-content/plugins/wp-reset//js/',
  'api_ver' => 'v1/',
  'valid_forever' => '2035-01-01',
  'unlimited_installs' => 99999,
  'debug' => true,
  'filesystem_initialized' => false,
)

[Sun, 20 Jul 2025 10:21:39 +0000] wpr: __construct
array (
  'prefix' => 'wpr',
  'licensing_servers' => 
  array (
    0 => 'https://dashboard.wpreset.com/api/',
  ),
  'version' => '2.04',
  'plugin_file' => '/home2/vedannqu/admin.leafngo.org/wp-content/plugins/wp-reset/wp-reset.php',
  'plugin_page' => 'tools_page_wp-reset',
  'skip_hooks' => false,
  'debug' => true,
  'js_folder' => 'https://admin.leafngo.org/wp-content/plugins/wp-reset//js/',
)
array (
  'prefix' => 'wpr',
  'licensing_servers' => 
  array (
    0 => 'https://dashboard.wpreset.com/api/',
  ),
  'version' => '2.04',
  'slug' => 'wp-reset',
  'basename' => 'wp-reset/wp-reset.php',
  'plugin_page' => 'tools_page_wp-reset',
  'plugin_file' => '/home2/vedannqu/admin.leafngo.org/wp-content/plugins/wp-reset/wp-reset.php',
  'js_folder' => 'https://admin.leafngo.org/wp-content/plugins/wp-reset//js/',
  'api_ver' => 'v1/',
  'valid_forever' => '2035-01-01',
  'unlimited_installs' => 99999,
  'debug' => true,
  'filesystem_initialized' => false,
)

[Sun, 20 Jul 2025 10:21:53 +0000] wpr: __construct
array (
  'prefix' => 'wpr',
  'licensing_servers' => 
  array (
    0 => 'https://dashboard.wpreset.com/api/',
  ),
  'version' => '2.04',
  'plugin_file' => '/home2/vedannqu/admin.leafngo.org/wp-content/plugins/wp-reset/wp-reset.php',
  'plugin_page' => 'tools_page_wp-reset',
  'skip_hooks' => false,
  'debug' => true,
  'js_folder' => 'https://admin.leafngo.org/wp-content/plugins/wp-reset//js/',
)
array (
  'prefix' => 'wpr',
  'licensing_servers' => 
  array (
    0 => 'https://dashboard.wpreset.com/api/',
  ),
  'version' => '2.04',
  'slug' => 'wp-reset',
  'basename' => 'wp-reset/wp-reset.php',
  'plugin_page' => 'tools_page_wp-reset',
  'plugin_file' => '/home2/vedannqu/admin.leafngo.org/wp-content/plugins/wp-reset/wp-reset.php',
  'js_folder' => 'https://admin.leafngo.org/wp-content/plugins/wp-reset//js/',
  'api_ver' => 'v1/',
  'valid_forever' => '2035-01-01',
  'unlimited_installs' => 99999,
  'debug' => true,
  'filesystem_initialized' => false,
)

[Sun, 20 Jul 2025 10:21:53 +0000] wpr: __construct
array (
  'prefix' => 'wpr',
  'licensing_servers' => 
  array (
    0 => 'https://dashboard.wpreset.com/api/',
  ),
  'version' => '2.04',
  'plugin_file' => '/home2/vedannqu/admin.leafngo.org/wp-content/plugins/wp-reset/wp-reset.php',
  'plugin_page' => 'tools_page_wp-reset',
  'skip_hooks' => false,
  'debug' => true,
  'js_folder' => 'https://admin.leafngo.org/wp-content/plugins/wp-reset//js/',
)
array (
  'prefix' => 'wpr',
  'licensing_servers' => 
  array (
    0 => 'https://dashboard.wpreset.com/api/',
  ),
  'version' => '2.04',
  'slug' => 'wp-reset',
  'basename' => 'wp-reset/wp-reset.php',
  'plugin_page' => 'tools_page_wp-reset',
  'plugin_file' => '/home2/vedannqu/admin.leafngo.org/wp-content/plugins/wp-reset/wp-reset.php',
  'js_folder' => 'https://admin.leafngo.org/wp-content/plugins/wp-reset//js/',
  'api_ver' => 'v1/',
  'valid_forever' => '2035-01-01',
  'unlimited_installs' => 99999,
  'debug' => true,
  'filesystem_initialized' => false,
)

[Sun, 20 Jul 2025 10:21:55 +0000] wpr: __construct
array (
  'prefix' => 'wpr',
  'licensing_servers' => 
  array (
    0 => 'https://dashboard.wpreset.com/api/',
  ),
  'version' => '2.04',
  'plugin_file' => '/home2/vedannqu/admin.leafngo.org/wp-content/plugins/wp-reset/wp-reset.php',
  'plugin_page' => 'tools_page_wp-reset',
  'skip_hooks' => false,
  'debug' => true,
  'js_folder' => 'https://admin.leafngo.org/wp-content/plugins/wp-reset//js/',
)
array (
  'prefix' => 'wpr',
  'licensing_servers' => 
  array (
    0 => 'https://dashboard.wpreset.com/api/',
  ),
  'version' => '2.04',
  'slug' => 'wp-reset',
  'basename' => 'wp-reset/wp-reset.php',
  'plugin_page' => 'tools_page_wp-reset',
  'plugin_file' => '/home2/vedannqu/admin.leafngo.org/wp-content/plugins/wp-reset/wp-reset.php',
  'js_folder' => 'https://admin.leafngo.org/wp-content/plugins/wp-reset//js/',
  'api_ver' => 'v1/',
  'valid_forever' => '2035-01-01',
  'unlimited_installs' => 99999,
  'debug' => true,
  'filesystem_initialized' => false,
)

[Sun, 20 Jul 2025 10:22:00 +0000] wpr: __construct
array (
  'prefix' => 'wpr',
  'licensing_servers' => 
  array (
    0 => 'https://dashboard.wpreset.com/api/',
  ),
  'version' => '2.04',
  'plugin_file' => '/home2/vedannqu/admin.leafngo.org/wp-content/plugins/wp-reset/wp-reset.php',
  'plugin_page' => 'tools_page_wp-reset',
  'skip_hooks' => false,
  'debug' => true,
  'js_folder' => 'https://admin.leafngo.org/wp-content/plugins/wp-reset//js/',
)
array (
  'prefix' => 'wpr',
  'licensing_servers' => 
  array (
    0 => 'https://dashboard.wpreset.com/api/',
  ),
  'version' => '2.04',
  'slug' => 'wp-reset',
  'basename' => 'wp-reset/wp-reset.php',
  'plugin_page' => 'tools_page_wp-reset',
  'plugin_file' => '/home2/vedannqu/admin.leafngo.org/wp-content/plugins/wp-reset/wp-reset.php',
  'js_folder' => 'https://admin.leafngo.org/wp-content/plugins/wp-reset//js/',
  'api_ver' => 'v1/',
  'valid_forever' => '2035-01-01',
  'unlimited_installs' => 99999,
  'debug' => true,
  'filesystem_initialized' => false,
)

[Sun, 20 Jul 2025 10:22:01 +0000] wpr: __construct
array (
  'prefix' => 'wpr',
  'licensing_servers' => 
  array (
    0 => 'https://dashboard.wpreset.com/api/',
  ),
  'version' => '2.04',
  'plugin_file' => '/home2/vedannqu/admin.leafngo.org/wp-content/plugins/wp-reset/wp-reset.php',
  'plugin_page' => 'tools_page_wp-reset',
  'skip_hooks' => false,
  'debug' => true,
  'js_folder' => 'https://admin.leafngo.org/wp-content/plugins/wp-reset//js/',
)
array (
  'prefix' => 'wpr',
  'licensing_servers' => 
  array (
    0 => 'https://dashboard.wpreset.com/api/',
  ),
  'version' => '2.04',
  'slug' => 'wp-reset',
  'basename' => 'wp-reset/wp-reset.php',
  'plugin_page' => 'tools_page_wp-reset',
  'plugin_file' => '/home2/vedannqu/admin.leafngo.org/wp-content/plugins/wp-reset/wp-reset.php',
  'js_folder' => 'https://admin.leafngo.org/wp-content/plugins/wp-reset//js/',
  'api_ver' => 'v1/',
  'valid_forever' => '2035-01-01',
  'unlimited_installs' => 99999,
  'debug' => true,
  'filesystem_initialized' => false,
)

[Sun, 20 Jul 2025 10:22:02 +0000] wpr: __construct
array (
  'prefix' => 'wpr',
  'licensing_servers' => 
  array (
    0 => 'https://dashboard.wpreset.com/api/',
  ),
  'version' => '2.04',
  'plugin_file' => '/home2/vedannqu/admin.leafngo.org/wp-content/plugins/wp-reset/wp-reset.php',
  'plugin_page' => 'tools_page_wp-reset',
  'skip_hooks' => false,
  'debug' => true,
  'js_folder' => 'https://admin.leafngo.org/wp-content/plugins/wp-reset//js/',
)
array (
  'prefix' => 'wpr',
  'licensing_servers' => 
  array (
    0 => 'https://dashboard.wpreset.com/api/',
  ),
  'version' => '2.04',
  'slug' => 'wp-reset',
  'basename' => 'wp-reset/wp-reset.php',
  'plugin_page' => 'tools_page_wp-reset',
  'plugin_file' => '/home2/vedannqu/admin.leafngo.org/wp-content/plugins/wp-reset/wp-reset.php',
  'js_folder' => 'https://admin.leafngo.org/wp-content/plugins/wp-reset//js/',
  'api_ver' => 'v1/',
  'valid_forever' => '2035-01-01',
  'unlimited_installs' => 99999,
  'debug' => true,
  'filesystem_initialized' => false,
)

[Sun, 20 Jul 2025 10:22:03 +0000] wpr: __construct
array (
  'prefix' => 'wpr',
  'licensing_servers' => 
  array (
    0 => 'https://dashboard.wpreset.com/api/',
  ),
  'version' => '2.04',
  'plugin_file' => '/home2/vedannqu/admin.leafngo.org/wp-content/plugins/wp-reset/wp-reset.php',
  'plugin_page' => 'tools_page_wp-reset',
  'skip_hooks' => false,
  'debug' => true,
  'js_folder' => 'https://admin.leafngo.org/wp-content/plugins/wp-reset//js/',
)
array (
  'prefix' => 'wpr',
  'licensing_servers' => 
  array (
    0 => 'https://dashboard.wpreset.com/api/',
  ),
  'version' => '2.04',
  'slug' => 'wp-reset',
  'basename' => 'wp-reset/wp-reset.php',
  'plugin_page' => 'tools_page_wp-reset',
  'plugin_file' => '/home2/vedannqu/admin.leafngo.org/wp-content/plugins/wp-reset/wp-reset.php',
  'js_folder' => 'https://admin.leafngo.org/wp-content/plugins/wp-reset//js/',
  'api_ver' => 'v1/',
  'valid_forever' => '2035-01-01',
  'unlimited_installs' => 99999,
  'debug' => true,
  'filesystem_initialized' => false,
)

[Sun, 20 Jul 2025 10:22:06 +0000] wpr: __construct
array (
  'prefix' => 'wpr',
  'licensing_servers' => 
  array (
    0 => 'https://dashboard.wpreset.com/api/',
  ),
  'version' => '2.04',
  'plugin_file' => '/home2/vedannqu/admin.leafngo.org/wp-content/plugins/wp-reset/wp-reset.php',
  'plugin_page' => 'tools_page_wp-reset',
  'skip_hooks' => false,
  'debug' => true,
  'js_folder' => 'https://admin.leafngo.org/wp-content/plugins/wp-reset//js/',
)
array (
  'prefix' => 'wpr',
  'licensing_servers' => 
  array (
    0 => 'https://dashboard.wpreset.com/api/',
  ),
  'version' => '2.04',
  'slug' => 'wp-reset',
  'basename' => 'wp-reset/wp-reset.php',
  'plugin_page' => 'tools_page_wp-reset',
  'plugin_file' => '/home2/vedannqu/admin.leafngo.org/wp-content/plugins/wp-reset/wp-reset.php',
  'js_folder' => 'https://admin.leafngo.org/wp-content/plugins/wp-reset//js/',
  'api_ver' => 'v1/',
  'valid_forever' => '2035-01-01',
  'unlimited_installs' => 99999,
  'debug' => true,
  'filesystem_initialized' => false,
)

[Sun, 20 Jul 2025 10:22:08 +0000] wpr: __construct
array (
  'prefix' => 'wpr',
  'licensing_servers' => 
  array (
    0 => 'https://dashboard.wpreset.com/api/',
  ),
  'version' => '2.04',
  'plugin_file' => '/home2/vedannqu/admin.leafngo.org/wp-content/plugins/wp-reset/wp-reset.php',
  'plugin_page' => 'tools_page_wp-reset',
  'skip_hooks' => false,
  'debug' => true,
  'js_folder' => 'https://admin.leafngo.org/wp-content/plugins/wp-reset//js/',
)
array (
  'prefix' => 'wpr',
  'licensing_servers' => 
  array (
    0 => 'https://dashboard.wpreset.com/api/',
  ),
  'version' => '2.04',
  'slug' => 'wp-reset',
  'basename' => 'wp-reset/wp-reset.php',
  'plugin_page' => 'tools_page_wp-reset',
  'plugin_file' => '/home2/vedannqu/admin.leafngo.org/wp-content/plugins/wp-reset/wp-reset.php',
  'js_folder' => 'https://admin.leafngo.org/wp-content/plugins/wp-reset//js/',
  'api_ver' => 'v1/',
  'valid_forever' => '2035-01-01',
  'unlimited_installs' => 99999,
  'debug' => true,
  'filesystem_initialized' => false,
)

[Sun, 20 Jul 2025 10:22:18 +0000] wpr: __construct
array (
  'prefix' => 'wpr',
  'licensing_servers' => 
  array (
    0 => 'https://dashboard.wpreset.com/api/',
  ),
  'version' => '2.04',
  'plugin_file' => '/home2/vedannqu/admin.leafngo.org/wp-content/plugins/wp-reset/wp-reset.php',
  'plugin_page' => 'tools_page_wp-reset',
  'skip_hooks' => false,
  'debug' => true,
  'js_folder' => 'https://admin.leafngo.org/wp-content/plugins/wp-reset//js/',
)
array (
  'prefix' => 'wpr',
  'licensing_servers' => 
  array (
    0 => 'https://dashboard.wpreset.com/api/',
  ),
  'version' => '2.04',
  'slug' => 'wp-reset',
  'basename' => 'wp-reset/wp-reset.php',
  'plugin_page' => 'tools_page_wp-reset',
  'plugin_file' => '/home2/vedannqu/admin.leafngo.org/wp-content/plugins/wp-reset/wp-reset.php',
  'js_folder' => 'https://admin.leafngo.org/wp-content/plugins/wp-reset//js/',
  'api_ver' => 'v1/',
  'valid_forever' => '2035-01-01',
  'unlimited_installs' => 99999,
  'debug' => true,
  'filesystem_initialized' => false,
)

[Sun, 20 Jul 2025 10:22:24 +0000] wpr: __construct
array (
  'prefix' => 'wpr',
  'licensing_servers' => 
  array (
    0 => 'https://dashboard.wpreset.com/api/',
  ),
  'version' => '2.04',
  'plugin_file' => '/home2/vedannqu/admin.leafngo.org/wp-content/plugins/wp-reset/wp-reset.php',
  'plugin_page' => 'tools_page_wp-reset',
  'skip_hooks' => false,
  'debug' => true,
  'js_folder' => 'https://admin.leafngo.org/wp-content/plugins/wp-reset//js/',
)
array (
  'prefix' => 'wpr',
  'licensing_servers' => 
  array (
    0 => 'https://dashboard.wpreset.com/api/',
  ),
  'version' => '2.04',
  'slug' => 'wp-reset',
  'basename' => 'wp-reset/wp-reset.php',
  'plugin_page' => 'tools_page_wp-reset',
  'plugin_file' => '/home2/vedannqu/admin.leafngo.org/wp-content/plugins/wp-reset/wp-reset.php',
  'js_folder' => 'https://admin.leafngo.org/wp-content/plugins/wp-reset//js/',
  'api_ver' => 'v1/',
  'valid_forever' => '2035-01-01',
  'unlimited_installs' => 99999,
  'debug' => true,
  'filesystem_initialized' => false,
)

[Sun, 20 Jul 2025 10:22:26 +0000] wpr: __construct
array (
  'prefix' => 'wpr',
  'licensing_servers' => 
  array (
    0 => 'https://dashboard.wpreset.com/api/',
  ),
  'version' => '2.04',
  'plugin_file' => '/home2/vedannqu/admin.leafngo.org/wp-content/plugins/wp-reset/wp-reset.php',
  'plugin_page' => 'tools_page_wp-reset',
  'skip_hooks' => false,
  'debug' => true,
  'js_folder' => 'https://admin.leafngo.org/wp-content/plugins/wp-reset//js/',
)
array (
  'prefix' => 'wpr',
  'licensing_servers' => 
  array (
    0 => 'https://dashboard.wpreset.com/api/',
  ),
  'version' => '2.04',
  'slug' => 'wp-reset',
  'basename' => 'wp-reset/wp-reset.php',
  'plugin_page' => 'tools_page_wp-reset',
  'plugin_file' => '/home2/vedannqu/admin.leafngo.org/wp-content/plugins/wp-reset/wp-reset.php',
  'js_folder' => 'https://admin.leafngo.org/wp-content/plugins/wp-reset//js/',
  'api_ver' => 'v1/',
  'valid_forever' => '2035-01-01',
  'unlimited_installs' => 99999,
  'debug' => true,
  'filesystem_initialized' => false,
)

[Sun, 20 Jul 2025 10:22:28 +0000] wpr: __construct
array (
  'prefix' => 'wpr',
  'licensing_servers' => 
  array (
    0 => 'https://dashboard.wpreset.com/api/',
  ),
  'version' => '2.04',
  'plugin_file' => '/home2/vedannqu/admin.leafngo.org/wp-content/plugins/wp-reset/wp-reset.php',
  'plugin_page' => 'tools_page_wp-reset',
  'skip_hooks' => false,
  'debug' => true,
  'js_folder' => 'https://admin.leafngo.org/wp-content/plugins/wp-reset//js/',
)
array (
  'prefix' => 'wpr',
  'licensing_servers' => 
  array (
    0 => 'https://dashboard.wpreset.com/api/',
  ),
  'version' => '2.04',
  'slug' => 'wp-reset',
  'basename' => 'wp-reset/wp-reset.php',
  'plugin_page' => 'tools_page_wp-reset',
  'plugin_file' => '/home2/vedannqu/admin.leafngo.org/wp-content/plugins/wp-reset/wp-reset.php',
  'js_folder' => 'https://admin.leafngo.org/wp-content/plugins/wp-reset//js/',
  'api_ver' => 'v1/',
  'valid_forever' => '2035-01-01',
  'unlimited_installs' => 99999,
  'debug' => true,
  'filesystem_initialized' => false,
)

[Sun, 20 Jul 2025 10:22:28 +0000] wpr: __construct
array (
  'prefix' => 'wpr',
  'licensing_servers' => 
  array (
    0 => 'https://dashboard.wpreset.com/api/',
  ),
  'version' => '2.04',
  'plugin_file' => '/home2/vedannqu/admin.leafngo.org/wp-content/plugins/wp-reset/wp-reset.php',
  'plugin_page' => 'tools_page_wp-reset',
  'skip_hooks' => false,
  'debug' => true,
  'js_folder' => 'https://admin.leafngo.org/wp-content/plugins/wp-reset//js/',
)
array (
  'prefix' => 'wpr',
  'licensing_servers' => 
  array (
    0 => 'https://dashboard.wpreset.com/api/',
  ),
  'version' => '2.04',
  'slug' => 'wp-reset',
  'basename' => 'wp-reset/wp-reset.php',
  'plugin_page' => 'tools_page_wp-reset',
  'plugin_file' => '/home2/vedannqu/admin.leafngo.org/wp-content/plugins/wp-reset/wp-reset.php',
  'js_folder' => 'https://admin.leafngo.org/wp-content/plugins/wp-reset//js/',
  'api_ver' => 'v1/',
  'valid_forever' => '2035-01-01',
  'unlimited_installs' => 99999,
  'debug' => true,
  'filesystem_initialized' => false,
)

[Sun, 20 Jul 2025 10:22:28 +0000] wpr: __construct
array (
  'prefix' => 'wpr',
  'licensing_servers' => 
  array (
    0 => 'https://dashboard.wpreset.com/api/',
  ),
  'version' => '2.04',
  'plugin_file' => '/home2/vedannqu/admin.leafngo.org/wp-content/plugins/wp-reset/wp-reset.php',
  'plugin_page' => 'tools_page_wp-reset',
  'skip_hooks' => false,
  'debug' => true,
  'js_folder' => 'https://admin.leafngo.org/wp-content/plugins/wp-reset//js/',
)
array (
  'prefix' => 'wpr',
  'licensing_servers' => 
  array (
    0 => 'https://dashboard.wpreset.com/api/',
  ),
  'version' => '2.04',
  'slug' => 'wp-reset',
  'basename' => 'wp-reset/wp-reset.php',
  'plugin_page' => 'tools_page_wp-reset',
  'plugin_file' => '/home2/vedannqu/admin.leafngo.org/wp-content/plugins/wp-reset/wp-reset.php',
  'js_folder' => 'https://admin.leafngo.org/wp-content/plugins/wp-reset//js/',
  'api_ver' => 'v1/',
  'valid_forever' => '2035-01-01',
  'unlimited_installs' => 99999,
  'debug' => true,
  'filesystem_initialized' => false,
)

[Sun, 20 Jul 2025 10:22:29 +0000] wpr: __construct
array (
  'prefix' => 'wpr',
  'licensing_servers' => 
  array (
    0 => 'https://dashboard.wpreset.com/api/',
  ),
  'version' => '2.04',
  'plugin_file' => '/home2/vedannqu/admin.leafngo.org/wp-content/plugins/wp-reset/wp-reset.php',
  'plugin_page' => 'tools_page_wp-reset',
  'skip_hooks' => false,
  'debug' => true,
  'js_folder' => 'https://admin.leafngo.org/wp-content/plugins/wp-reset//js/',
)
array (
  'prefix' => 'wpr',
  'licensing_servers' => 
  array (
    0 => 'https://dashboard.wpreset.com/api/',
  ),
  'version' => '2.04',
  'slug' => 'wp-reset',
  'basename' => 'wp-reset/wp-reset.php',
  'plugin_page' => 'tools_page_wp-reset',
  'plugin_file' => '/home2/vedannqu/admin.leafngo.org/wp-content/plugins/wp-reset/wp-reset.php',
  'js_folder' => 'https://admin.leafngo.org/wp-content/plugins/wp-reset//js/',
  'api_ver' => 'v1/',
  'valid_forever' => '2035-01-01',
  'unlimited_installs' => 99999,
  'debug' => true,
  'filesystem_initialized' => false,
)

[Sun, 20 Jul 2025 10:22:40 +0000] wpr: __construct
array (
  'prefix' => 'wpr',
  'licensing_servers' => 
  array (
    0 => 'https://dashboard.wpreset.com/api/',
  ),
  'version' => '2.04',
  'plugin_file' => '/home2/vedannqu/admin.leafngo.org/wp-content/plugins/wp-reset/wp-reset.php',
  'plugin_page' => 'tools_page_wp-reset',
  'skip_hooks' => false,
  'debug' => true,
  'js_folder' => 'https://admin.leafngo.org/wp-content/plugins/wp-reset//js/',
)
array (
  'prefix' => 'wpr',
  'licensing_servers' => 
  array (
    0 => 'https://dashboard.wpreset.com/api/',
  ),
  'version' => '2.04',
  'slug' => 'wp-reset',
  'basename' => 'wp-reset/wp-reset.php',
  'plugin_page' => 'tools_page_wp-reset',
  'plugin_file' => '/home2/vedannqu/admin.leafngo.org/wp-content/plugins/wp-reset/wp-reset.php',
  'js_folder' => 'https://admin.leafngo.org/wp-content/plugins/wp-reset//js/',
  'api_ver' => 'v1/',
  'valid_forever' => '2035-01-01',
  'unlimited_installs' => 99999,
  'debug' => true,
  'filesystem_initialized' => false,
)

[Sun, 20 Jul 2025 10:24:43 +0000] wpr: __construct
array (
  'prefix' => 'wpr',
  'licensing_servers' => 
  array (
    0 => 'https://dashboard.wpreset.com/api/',
  ),
  'version' => '2.04',
  'plugin_file' => '/home2/vedannqu/admin.leafngo.org/wp-content/plugins/wp-reset/wp-reset.php',
  'plugin_page' => 'tools_page_wp-reset',
  'skip_hooks' => false,
  'debug' => true,
  'js_folder' => 'https://admin.leafngo.org/wp-content/plugins/wp-reset//js/',
)
array (
  'prefix' => 'wpr',
  'licensing_servers' => 
  array (
    0 => 'https://dashboard.wpreset.com/api/',
  ),
  'version' => '2.04',
  'slug' => 'wp-reset',
  'basename' => 'wp-reset/wp-reset.php',
  'plugin_page' => 'tools_page_wp-reset',
  'plugin_file' => '/home2/vedannqu/admin.leafngo.org/wp-content/plugins/wp-reset/wp-reset.php',
  'js_folder' => 'https://admin.leafngo.org/wp-content/plugins/wp-reset//js/',
  'api_ver' => 'v1/',
  'valid_forever' => '2035-01-01',
  'unlimited_installs' => 99999,
  'debug' => true,
  'filesystem_initialized' => false,
)

[Sun, 20 Jul 2025 10:24:45 +0000] wpr: __construct
array (
  'prefix' => 'wpr',
  'licensing_servers' => 
  array (
    0 => 'https://dashboard.wpreset.com/api/',
  ),
  'version' => '2.04',
  'plugin_file' => '/home2/vedannqu/admin.leafngo.org/wp-content/plugins/wp-reset/wp-reset.php',
  'plugin_page' => 'tools_page_wp-reset',
  'skip_hooks' => false,
  'debug' => true,
  'js_folder' => 'https://admin.leafngo.org/wp-content/plugins/wp-reset//js/',
)
array (
  'prefix' => 'wpr',
  'licensing_servers' => 
  array (
    0 => 'https://dashboard.wpreset.com/api/',
  ),
  'version' => '2.04',
  'slug' => 'wp-reset',
  'basename' => 'wp-reset/wp-reset.php',
  'plugin_page' => 'tools_page_wp-reset',
  'plugin_file' => '/home2/vedannqu/admin.leafngo.org/wp-content/plugins/wp-reset/wp-reset.php',
  'js_folder' => 'https://admin.leafngo.org/wp-content/plugins/wp-reset//js/',
  'api_ver' => 'v1/',
  'valid_forever' => '2035-01-01',
  'unlimited_installs' => 99999,
  'debug' => true,
  'filesystem_initialized' => false,
)

[Sun, 20 Jul 2025 10:24:48 +0000] wpr: __construct
array (
  'prefix' => 'wpr',
  'licensing_servers' => 
  array (
    0 => 'https://dashboard.wpreset.com/api/',
  ),
  'version' => '2.04',
  'plugin_file' => '/home2/vedannqu/admin.leafngo.org/wp-content/plugins/wp-reset/wp-reset.php',
  'plugin_page' => 'tools_page_wp-reset',
  'skip_hooks' => false,
  'debug' => true,
  'js_folder' => 'https://admin.leafngo.org/wp-content/plugins/wp-reset//js/',
)
array (
  'prefix' => 'wpr',
  'licensing_servers' => 
  array (
    0 => 'https://dashboard.wpreset.com/api/',
  ),
  'version' => '2.04',
  'slug' => 'wp-reset',
  'basename' => 'wp-reset/wp-reset.php',
  'plugin_page' => 'tools_page_wp-reset',
  'plugin_file' => '/home2/vedannqu/admin.leafngo.org/wp-content/plugins/wp-reset/wp-reset.php',
  'js_folder' => 'https://admin.leafngo.org/wp-content/plugins/wp-reset//js/',
  'api_ver' => 'v1/',
  'valid_forever' => '2035-01-01',
  'unlimited_installs' => 99999,
  'debug' => true,
  'filesystem_initialized' => false,
)

[Sun, 20 Jul 2025 10:24:51 +0000] wpr: __construct
array (
  'prefix' => 'wpr',
  'licensing_servers' => 
  array (
    0 => 'https://dashboard.wpreset.com/api/',
  ),
  'version' => '2.04',
  'plugin_file' => '/home2/vedannqu/admin.leafngo.org/wp-content/plugins/wp-reset/wp-reset.php',
  'plugin_page' => 'tools_page_wp-reset',
  'skip_hooks' => false,
  'debug' => true,
  'js_folder' => 'https://admin.leafngo.org/wp-content/plugins/wp-reset//js/',
)
array (
  'prefix' => 'wpr',
  'licensing_servers' => 
  array (
    0 => 'https://dashboard.wpreset.com/api/',
  ),
  'version' => '2.04',
  'slug' => 'wp-reset',
  'basename' => 'wp-reset/wp-reset.php',
  'plugin_page' => 'tools_page_wp-reset',
  'plugin_file' => '/home2/vedannqu/admin.leafngo.org/wp-content/plugins/wp-reset/wp-reset.php',
  'js_folder' => 'https://admin.leafngo.org/wp-content/plugins/wp-reset//js/',
  'api_ver' => 'v1/',
  'valid_forever' => '2035-01-01',
  'unlimited_installs' => 99999,
  'debug' => true,
  'filesystem_initialized' => false,
)

[Sun, 20 Jul 2025 10:24:58 +0000] wpr: __construct
array (
  'prefix' => 'wpr',
  'licensing_servers' => 
  array (
    0 => 'https://dashboard.wpreset.com/api/',
  ),
  'version' => '2.04',
  'plugin_file' => '/home2/vedannqu/admin.leafngo.org/wp-content/plugins/wp-reset/wp-reset.php',
  'plugin_page' => 'tools_page_wp-reset',
  'skip_hooks' => false,
  'debug' => true,
  'js_folder' => 'https://admin.leafngo.org/wp-content/plugins/wp-reset//js/',
)
array (
  'prefix' => 'wpr',
  'licensing_servers' => 
  array (
    0 => 'https://dashboard.wpreset.com/api/',
  ),
  'version' => '2.04',
  'slug' => 'wp-reset',
  'basename' => 'wp-reset/wp-reset.php',
  'plugin_page' => 'tools_page_wp-reset',
  'plugin_file' => '/home2/vedannqu/admin.leafngo.org/wp-content/plugins/wp-reset/wp-reset.php',
  'js_folder' => 'https://admin.leafngo.org/wp-content/plugins/wp-reset//js/',
  'api_ver' => 'v1/',
  'valid_forever' => '2035-01-01',
  'unlimited_installs' => 99999,
  'debug' => true,
  'filesystem_initialized' => false,
)

[Sun, 20 Jul 2025 10:25:08 +0000] wpr: __construct
array (
  'prefix' => 'wpr',
  'licensing_servers' => 
  array (
    0 => 'https://dashboard.wpreset.com/api/',
  ),
  'version' => '2.04',
  'plugin_file' => '/home2/vedannqu/admin.leafngo.org/wp-content/plugins/wp-reset/wp-reset.php',
  'plugin_page' => 'tools_page_wp-reset',
  'skip_hooks' => false,
  'debug' => true,
  'js_folder' => 'https://admin.leafngo.org/wp-content/plugins/wp-reset//js/',
)
array (
  'prefix' => 'wpr',
  'licensing_servers' => 
  array (
    0 => 'https://dashboard.wpreset.com/api/',
  ),
  'version' => '2.04',
  'slug' => 'wp-reset',
  'basename' => 'wp-reset/wp-reset.php',
  'plugin_page' => 'tools_page_wp-reset',
  'plugin_file' => '/home2/vedannqu/admin.leafngo.org/wp-content/plugins/wp-reset/wp-reset.php',
  'js_folder' => 'https://admin.leafngo.org/wp-content/plugins/wp-reset//js/',
  'api_ver' => 'v1/',
  'valid_forever' => '2035-01-01',
  'unlimited_installs' => 99999,
  'debug' => true,
  'filesystem_initialized' => false,
)

[Sun, 20 Jul 2025 10:25:14 +0000] wpr: __construct
array (
  'prefix' => 'wpr',
  'licensing_servers' => 
  array (
    0 => 'https://dashboard.wpreset.com/api/',
  ),
  'version' => '2.04',
  'plugin_file' => '/home2/vedannqu/admin.leafngo.org/wp-content/plugins/wp-reset/wp-reset.php',
  'plugin_page' => 'tools_page_wp-reset',
  'skip_hooks' => false,
  'debug' => true,
  'js_folder' => 'https://admin.leafngo.org/wp-content/plugins/wp-reset//js/',
)
array (
  'prefix' => 'wpr',
  'licensing_servers' => 
  array (
    0 => 'https://dashboard.wpreset.com/api/',
  ),
  'version' => '2.04',
  'slug' => 'wp-reset',
  'basename' => 'wp-reset/wp-reset.php',
  'plugin_page' => 'tools_page_wp-reset',
  'plugin_file' => '/home2/vedannqu/admin.leafngo.org/wp-content/plugins/wp-reset/wp-reset.php',
  'js_folder' => 'https://admin.leafngo.org/wp-content/plugins/wp-reset//js/',
  'api_ver' => 'v1/',
  'valid_forever' => '2035-01-01',
  'unlimited_installs' => 99999,
  'debug' => true,
  'filesystem_initialized' => false,
)

[Sun, 20 Jul 2025 10:25:15 +0000] wpr: __construct
array (
  'prefix' => 'wpr',
  'licensing_servers' => 
  array (
    0 => 'https://dashboard.wpreset.com/api/',
  ),
  'version' => '2.04',
  'plugin_file' => '/home2/vedannqu/admin.leafngo.org/wp-content/plugins/wp-reset/wp-reset.php',
  'plugin_page' => 'tools_page_wp-reset',
  'skip_hooks' => false,
  'debug' => true,
  'js_folder' => 'https://admin.leafngo.org/wp-content/plugins/wp-reset//js/',
)
array (
  'prefix' => 'wpr',
  'licensing_servers' => 
  array (
    0 => 'https://dashboard.wpreset.com/api/',
  ),
  'version' => '2.04',
  'slug' => 'wp-reset',
  'basename' => 'wp-reset/wp-reset.php',
  'plugin_page' => 'tools_page_wp-reset',
  'plugin_file' => '/home2/vedannqu/admin.leafngo.org/wp-content/plugins/wp-reset/wp-reset.php',
  'js_folder' => 'https://admin.leafngo.org/wp-content/plugins/wp-reset//js/',
  'api_ver' => 'v1/',
  'valid_forever' => '2035-01-01',
  'unlimited_installs' => 99999,
  'debug' => true,
  'filesystem_initialized' => false,
)

[Sun, 20 Jul 2025 10:25:18 +0000] wpr: __construct
array (
  'prefix' => 'wpr',
  'licensing_servers' => 
  array (
    0 => 'https://dashboard.wpreset.com/api/',
  ),
  'version' => '2.04',
  'plugin_file' => '/home2/vedannqu/admin.leafngo.org/wp-content/plugins/wp-reset/wp-reset.php',
  'plugin_page' => 'tools_page_wp-reset',
  'skip_hooks' => false,
  'debug' => true,
  'js_folder' => 'https://admin.leafngo.org/wp-content/plugins/wp-reset//js/',
)
array (
  'prefix' => 'wpr',
  'licensing_servers' => 
  array (
    0 => 'https://dashboard.wpreset.com/api/',
  ),
  'version' => '2.04',
  'slug' => 'wp-reset',
  'basename' => 'wp-reset/wp-reset.php',
  'plugin_page' => 'tools_page_wp-reset',
  'plugin_file' => '/home2/vedannqu/admin.leafngo.org/wp-content/plugins/wp-reset/wp-reset.php',
  'js_folder' => 'https://admin.leafngo.org/wp-content/plugins/wp-reset//js/',
  'api_ver' => 'v1/',
  'valid_forever' => '2035-01-01',
  'unlimited_installs' => 99999,
  'debug' => true,
  'filesystem_initialized' => false,
)

[Sun, 20 Jul 2025 10:25:19 +0000] wpr: __construct
array (
  'prefix' => 'wpr',
  'licensing_servers' => 
  array (
    0 => 'https://dashboard.wpreset.com/api/',
  ),
  'version' => '2.04',
  'plugin_file' => '/home2/vedannqu/admin.leafngo.org/wp-content/plugins/wp-reset/wp-reset.php',
  'plugin_page' => 'tools_page_wp-reset',
  'skip_hooks' => false,
  'debug' => true,
  'js_folder' => 'https://admin.leafngo.org/wp-content/plugins/wp-reset//js/',
)
array (
  'prefix' => 'wpr',
  'licensing_servers' => 
  array (
    0 => 'https://dashboard.wpreset.com/api/',
  ),
  'version' => '2.04',
  'slug' => 'wp-reset',
  'basename' => 'wp-reset/wp-reset.php',
  'plugin_page' => 'tools_page_wp-reset',
  'plugin_file' => '/home2/vedannqu/admin.leafngo.org/wp-content/plugins/wp-reset/wp-reset.php',
  'js_folder' => 'https://admin.leafngo.org/wp-content/plugins/wp-reset//js/',
  'api_ver' => 'v1/',
  'valid_forever' => '2035-01-01',
  'unlimited_installs' => 99999,
  'debug' => true,
  'filesystem_initialized' => false,
)

[Sun, 20 Jul 2025 10:25:19 +0000] wpr: __construct
array (
  'prefix' => 'wpr',
  'licensing_servers' => 
  array (
    0 => 'https://dashboard.wpreset.com/api/',
  ),
  'version' => '2.04',
  'plugin_file' => '/home2/vedannqu/admin.leafngo.org/wp-content/plugins/wp-reset/wp-reset.php',
  'plugin_page' => 'tools_page_wp-reset',
  'skip_hooks' => false,
  'debug' => true,
  'js_folder' => 'https://admin.leafngo.org/wp-content/plugins/wp-reset//js/',
)
array (
  'prefix' => 'wpr',
  'licensing_servers' => 
  array (
    0 => 'https://dashboard.wpreset.com/api/',
  ),
  'version' => '2.04',
  'slug' => 'wp-reset',
  'basename' => 'wp-reset/wp-reset.php',
  'plugin_page' => 'tools_page_wp-reset',
  'plugin_file' => '/home2/vedannqu/admin.leafngo.org/wp-content/plugins/wp-reset/wp-reset.php',
  'js_folder' => 'https://admin.leafngo.org/wp-content/plugins/wp-reset//js/',
  'api_ver' => 'v1/',
  'valid_forever' => '2035-01-01',
  'unlimited_installs' => 99999,
  'debug' => true,
  'filesystem_initialized' => false,
)

[Sun, 20 Jul 2025 10:25:25 +0000] wpr: __construct
array (
  'prefix' => 'wpr',
  'licensing_servers' => 
  array (
    0 => 'https://dashboard.wpreset.com/api/',
  ),
  'version' => '2.04',
  'plugin_file' => '/home2/vedannqu/admin.leafngo.org/wp-content/plugins/wp-reset/wp-reset.php',
  'plugin_page' => 'tools_page_wp-reset',
  'skip_hooks' => false,
  'debug' => true,
  'js_folder' => 'https://admin.leafngo.org/wp-content/plugins/wp-reset//js/',
)
array (
  'prefix' => 'wpr',
  'licensing_servers' => 
  array (
    0 => 'https://dashboard.wpreset.com/api/',
  ),
  'version' => '2.04',
  'slug' => 'wp-reset',
  'basename' => 'wp-reset/wp-reset.php',
  'plugin_page' => 'tools_page_wp-reset',
  'plugin_file' => '/home2/vedannqu/admin.leafngo.org/wp-content/plugins/wp-reset/wp-reset.php',
  'js_folder' => 'https://admin.leafngo.org/wp-content/plugins/wp-reset//js/',
  'api_ver' => 'v1/',
  'valid_forever' => '2035-01-01',
  'unlimited_installs' => 99999,
  'debug' => true,
  'filesystem_initialized' => false,
)

[Sun, 20 Jul 2025 10:25:27 +0000] wpr: __construct
array (
  'prefix' => 'wpr',
  'licensing_servers' => 
  array (
    0 => 'https://dashboard.wpreset.com/api/',
  ),
  'version' => '2.04',
  'plugin_file' => '/home2/vedannqu/admin.leafngo.org/wp-content/plugins/wp-reset/wp-reset.php',
  'plugin_page' => 'tools_page_wp-reset',
  'skip_hooks' => false,
  'debug' => true,
  'js_folder' => 'https://admin.leafngo.org/wp-content/plugins/wp-reset//js/',
)
array (
  'prefix' => 'wpr',
  'licensing_servers' => 
  array (
    0 => 'https://dashboard.wpreset.com/api/',
  ),
  'version' => '2.04',
  'slug' => 'wp-reset',
  'basename' => 'wp-reset/wp-reset.php',
  'plugin_page' => 'tools_page_wp-reset',
  'plugin_file' => '/home2/vedannqu/admin.leafngo.org/wp-content/plugins/wp-reset/wp-reset.php',
  'js_folder' => 'https://admin.leafngo.org/wp-content/plugins/wp-reset//js/',
  'api_ver' => 'v1/',
  'valid_forever' => '2035-01-01',
  'unlimited_installs' => 99999,
  'debug' => true,
  'filesystem_initialized' => false,
)

[Sun, 20 Jul 2025 10:25:34 +0000] wpr: __construct
array (
  'prefix' => 'wpr',
  'licensing_servers' => 
  array (
    0 => 'https://dashboard.wpreset.com/api/',
  ),
  'version' => '2.04',
  'plugin_file' => '/home2/vedannqu/admin.leafngo.org/wp-content/plugins/wp-reset/wp-reset.php',
  'plugin_page' => 'tools_page_wp-reset',
  'skip_hooks' => false,
  'debug' => true,
  'js_folder' => 'https://admin.leafngo.org/wp-content/plugins/wp-reset//js/',
)
array (
  'prefix' => 'wpr',
  'licensing_servers' => 
  array (
    0 => 'https://dashboard.wpreset.com/api/',
  ),
  'version' => '2.04',
  'slug' => 'wp-reset',
  'basename' => 'wp-reset/wp-reset.php',
  'plugin_page' => 'tools_page_wp-reset',
  'plugin_file' => '/home2/vedannqu/admin.leafngo.org/wp-content/plugins/wp-reset/wp-reset.php',
  'js_folder' => 'https://admin.leafngo.org/wp-content/plugins/wp-reset//js/',
  'api_ver' => 'v1/',
  'valid_forever' => '2035-01-01',
  'unlimited_installs' => 99999,
  'debug' => true,
  'filesystem_initialized' => false,
)

[Sun, 20 Jul 2025 10:25:37 +0000] wpr: __construct
array (
  'prefix' => 'wpr',
  'licensing_servers' => 
  array (
    0 => 'https://dashboard.wpreset.com/api/',
  ),
  'version' => '2.04',
  'plugin_file' => '/home2/vedannqu/admin.leafngo.org/wp-content/plugins/wp-reset/wp-reset.php',
  'plugin_page' => 'tools_page_wp-reset',
  'skip_hooks' => false,
  'debug' => true,
  'js_folder' => 'https://admin.leafngo.org/wp-content/plugins/wp-reset//js/',
)
array (
  'prefix' => 'wpr',
  'licensing_servers' => 
  array (
    0 => 'https://dashboard.wpreset.com/api/',
  ),
  'version' => '2.04',
  'slug' => 'wp-reset',
  'basename' => 'wp-reset/wp-reset.php',
  'plugin_page' => 'tools_page_wp-reset',
  'plugin_file' => '/home2/vedannqu/admin.leafngo.org/wp-content/plugins/wp-reset/wp-reset.php',
  'js_folder' => 'https://admin.leafngo.org/wp-content/plugins/wp-reset//js/',
  'api_ver' => 'v1/',
  'valid_forever' => '2035-01-01',
  'unlimited_installs' => 99999,
  'debug' => true,
  'filesystem_initialized' => false,
)

[Sun, 20 Jul 2025 10:25:45 +0000] wpr: __construct
array (
  'prefix' => 'wpr',
  'licensing_servers' => 
  array (
    0 => 'https://dashboard.wpreset.com/api/',
  ),
  'version' => '2.04',
  'plugin_file' => '/home2/vedannqu/admin.leafngo.org/wp-content/plugins/wp-reset/wp-reset.php',
  'plugin_page' => 'tools_page_wp-reset',
  'skip_hooks' => false,
  'debug' => true,
  'js_folder' => 'https://admin.leafngo.org/wp-content/plugins/wp-reset//js/',
)
array (
  'prefix' => 'wpr',
  'licensing_servers' => 
  array (
    0 => 'https://dashboard.wpreset.com/api/',
  ),
  'version' => '2.04',
  'slug' => 'wp-reset',
  'basename' => 'wp-reset/wp-reset.php',
  'plugin_page' => 'tools_page_wp-reset',
  'plugin_file' => '/home2/vedannqu/admin.leafngo.org/wp-content/plugins/wp-reset/wp-reset.php',
  'js_folder' => 'https://admin.leafngo.org/wp-content/plugins/wp-reset//js/',
  'api_ver' => 'v1/',
  'valid_forever' => '2035-01-01',
  'unlimited_installs' => 99999,
  'debug' => true,
  'filesystem_initialized' => false,
)

[Sun, 20 Jul 2025 10:25:46 +0000] wpr: __construct
array (
  'prefix' => 'wpr',
  'licensing_servers' => 
  array (
    0 => 'https://dashboard.wpreset.com/api/',
  ),
  'version' => '2.04',
  'plugin_file' => '/home2/vedannqu/admin.leafngo.org/wp-content/plugins/wp-reset/wp-reset.php',
  'plugin_page' => 'tools_page_wp-reset',
  'skip_hooks' => false,
  'debug' => true,
  'js_folder' => 'https://admin.leafngo.org/wp-content/plugins/wp-reset//js/',
)
array (
  'prefix' => 'wpr',
  'licensing_servers' => 
  array (
    0 => 'https://dashboard.wpreset.com/api/',
  ),
  'version' => '2.04',
  'slug' => 'wp-reset',
  'basename' => 'wp-reset/wp-reset.php',
  'plugin_page' => 'tools_page_wp-reset',
  'plugin_file' => '/home2/vedannqu/admin.leafngo.org/wp-content/plugins/wp-reset/wp-reset.php',
  'js_folder' => 'https://admin.leafngo.org/wp-content/plugins/wp-reset//js/',
  'api_ver' => 'v1/',
  'valid_forever' => '2035-01-01',
  'unlimited_installs' => 99999,
  'debug' => true,
  'filesystem_initialized' => false,
)

[Sun, 20 Jul 2025 10:25:48 +0000] wpr: __construct
array (
  'prefix' => 'wpr',
  'licensing_servers' => 
  array (
    0 => 'https://dashboard.wpreset.com/api/',
  ),
  'version' => '2.04',
  'plugin_file' => '/home2/vedannqu/admin.leafngo.org/wp-content/plugins/wp-reset/wp-reset.php',
  'plugin_page' => 'tools_page_wp-reset',
  'skip_hooks' => false,
  'debug' => true,
  'js_folder' => 'https://admin.leafngo.org/wp-content/plugins/wp-reset//js/',
)
array (
  'prefix' => 'wpr',
  'licensing_servers' => 
  array (
    0 => 'https://dashboard.wpreset.com/api/',
  ),
  'version' => '2.04',
  'slug' => 'wp-reset',
  'basename' => 'wp-reset/wp-reset.php',
  'plugin_page' => 'tools_page_wp-reset',
  'plugin_file' => '/home2/vedannqu/admin.leafngo.org/wp-content/plugins/wp-reset/wp-reset.php',
  'js_folder' => 'https://admin.leafngo.org/wp-content/plugins/wp-reset//js/',
  'api_ver' => 'v1/',
  'valid_forever' => '2035-01-01',
  'unlimited_installs' => 99999,
  'debug' => true,
  'filesystem_initialized' => false,
)

[Sun, 20 Jul 2025 10:25:49 +0000] wpr: __construct
array (
  'prefix' => 'wpr',
  'licensing_servers' => 
  array (
    0 => 'https://dashboard.wpreset.com/api/',
  ),
  'version' => '2.04',
  'plugin_file' => '/home2/vedannqu/admin.leafngo.org/wp-content/plugins/wp-reset/wp-reset.php',
  'plugin_page' => 'tools_page_wp-reset',
  'skip_hooks' => false,
  'debug' => true,
  'js_folder' => 'https://admin.leafngo.org/wp-content/plugins/wp-reset//js/',
)
array (
  'prefix' => 'wpr',
  'licensing_servers' => 
  array (
    0 => 'https://dashboard.wpreset.com/api/',
  ),
  'version' => '2.04',
  'slug' => 'wp-reset',
  'basename' => 'wp-reset/wp-reset.php',
  'plugin_page' => 'tools_page_wp-reset',
  'plugin_file' => '/home2/vedannqu/admin.leafngo.org/wp-content/plugins/wp-reset/wp-reset.php',
  'js_folder' => 'https://admin.leafngo.org/wp-content/plugins/wp-reset//js/',
  'api_ver' => 'v1/',
  'valid_forever' => '2035-01-01',
  'unlimited_installs' => 99999,
  'debug' => true,
  'filesystem_initialized' => false,
)

[Sun, 20 Jul 2025 10:25:51 +0000] wpr: __construct
array (
  'prefix' => 'wpr',
  'licensing_servers' => 
  array (
    0 => 'https://dashboard.wpreset.com/api/',
  ),
  'version' => '2.04',
  'plugin_file' => '/home2/vedannqu/admin.leafngo.org/wp-content/plugins/wp-reset/wp-reset.php',
  'plugin_page' => 'tools_page_wp-reset',
  'skip_hooks' => false,
  'debug' => true,
  'js_folder' => 'https://admin.leafngo.org/wp-content/plugins/wp-reset//js/',
)
array (
  'prefix' => 'wpr',
  'licensing_servers' => 
  array (
    0 => 'https://dashboard.wpreset.com/api/',
  ),
  'version' => '2.04',
  'slug' => 'wp-reset',
  'basename' => 'wp-reset/wp-reset.php',
  'plugin_page' => 'tools_page_wp-reset',
  'plugin_file' => '/home2/vedannqu/admin.leafngo.org/wp-content/plugins/wp-reset/wp-reset.php',
  'js_folder' => 'https://admin.leafngo.org/wp-content/plugins/wp-reset//js/',
  'api_ver' => 'v1/',
  'valid_forever' => '2035-01-01',
  'unlimited_installs' => 99999,
  'debug' => true,
  'filesystem_initialized' => false,
)

[Sun, 20 Jul 2025 10:25:59 +0000] wpr: __construct
array (
  'prefix' => 'wpr',
  'licensing_servers' => 
  array (
    0 => 'https://dashboard.wpreset.com/api/',
  ),
  'version' => '2.04',
  'plugin_file' => '/home2/vedannqu/admin.leafngo.org/wp-content/plugins/wp-reset/wp-reset.php',
  'plugin_page' => 'tools_page_wp-reset',
  'skip_hooks' => false,
  'debug' => true,
  'js_folder' => 'https://admin.leafngo.org/wp-content/plugins/wp-reset//js/',
)
array (
  'prefix' => 'wpr',
  'licensing_servers' => 
  array (
    0 => 'https://dashboard.wpreset.com/api/',
  ),
  'version' => '2.04',
  'slug' => 'wp-reset',
  'basename' => 'wp-reset/wp-reset.php',
  'plugin_page' => 'tools_page_wp-reset',
  'plugin_file' => '/home2/vedannqu/admin.leafngo.org/wp-content/plugins/wp-reset/wp-reset.php',
  'js_folder' => 'https://admin.leafngo.org/wp-content/plugins/wp-reset//js/',
  'api_ver' => 'v1/',
  'valid_forever' => '2035-01-01',
  'unlimited_installs' => 99999,
  'debug' => true,
  'filesystem_initialized' => false,
)

[Sun, 20 Jul 2025 10:26:04 +0000] wpr: __construct
array (
  'prefix' => 'wpr',
  'licensing_servers' => 
  array (
    0 => 'https://dashboard.wpreset.com/api/',
  ),
  'version' => '2.04',
  'plugin_file' => '/home2/vedannqu/admin.leafngo.org/wp-content/plugins/wp-reset/wp-reset.php',
  'plugin_page' => 'tools_page_wp-reset',
  'skip_hooks' => false,
  'debug' => true,
  'js_folder' => 'https://admin.leafngo.org/wp-content/plugins/wp-reset//js/',
)
array (
  'prefix' => 'wpr',
  'licensing_servers' => 
  array (
    0 => 'https://dashboard.wpreset.com/api/',
  ),
  'version' => '2.04',
  'slug' => 'wp-reset',
  'basename' => 'wp-reset/wp-reset.php',
  'plugin_page' => 'tools_page_wp-reset',
  'plugin_file' => '/home2/vedannqu/admin.leafngo.org/wp-content/plugins/wp-reset/wp-reset.php',
  'js_folder' => 'https://admin.leafngo.org/wp-content/plugins/wp-reset//js/',
  'api_ver' => 'v1/',
  'valid_forever' => '2035-01-01',
  'unlimited_installs' => 99999,
  'debug' => true,
  'filesystem_initialized' => false,
)

[Sun, 20 Jul 2025 10:26:11 +0000] wpr: __construct
array (
  'prefix' => 'wpr',
  'licensing_servers' => 
  array (
    0 => 'https://dashboard.wpreset.com/api/',
  ),
  'version' => '2.04',
  'plugin_file' => '/home2/vedannqu/admin.leafngo.org/wp-content/plugins/wp-reset/wp-reset.php',
  'plugin_page' => 'tools_page_wp-reset',
  'skip_hooks' => false,
  'debug' => true,
  'js_folder' => 'https://admin.leafngo.org/wp-content/plugins/wp-reset//js/',
)
array (
  'prefix' => 'wpr',
  'licensing_servers' => 
  array (
    0 => 'https://dashboard.wpreset.com/api/',
  ),
  'version' => '2.04',
  'slug' => 'wp-reset',
  'basename' => 'wp-reset/wp-reset.php',
  'plugin_page' => 'tools_page_wp-reset',
  'plugin_file' => '/home2/vedannqu/admin.leafngo.org/wp-content/plugins/wp-reset/wp-reset.php',
  'js_folder' => 'https://admin.leafngo.org/wp-content/plugins/wp-reset//js/',
  'api_ver' => 'v1/',
  'valid_forever' => '2035-01-01',
  'unlimited_installs' => 99999,
  'debug' => true,
  'filesystem_initialized' => false,
)

[Sun, 20 Jul 2025 10:26:19 +0000] wpr: __construct
array (
  'prefix' => 'wpr',
  'licensing_servers' => 
  array (
    0 => 'https://dashboard.wpreset.com/api/',
  ),
  'version' => '2.04',
  'plugin_file' => '/home2/vedannqu/admin.leafngo.org/wp-content/plugins/wp-reset/wp-reset.php',
  'plugin_page' => 'tools_page_wp-reset',
  'skip_hooks' => false,
  'debug' => true,
  'js_folder' => 'https://admin.leafngo.org/wp-content/plugins/wp-reset//js/',
)
array (
  'prefix' => 'wpr',
  'licensing_servers' => 
  array (
    0 => 'https://dashboard.wpreset.com/api/',
  ),
  'version' => '2.04',
  'slug' => 'wp-reset',
  'basename' => 'wp-reset/wp-reset.php',
  'plugin_page' => 'tools_page_wp-reset',
  'plugin_file' => '/home2/vedannqu/admin.leafngo.org/wp-content/plugins/wp-reset/wp-reset.php',
  'js_folder' => 'https://admin.leafngo.org/wp-content/plugins/wp-reset//js/',
  'api_ver' => 'v1/',
  'valid_forever' => '2035-01-01',
  'unlimited_installs' => 99999,
  'debug' => true,
  'filesystem_initialized' => false,
)

[Sun, 20 Jul 2025 10:26:35 +0000] wpr: __construct
array (
  'prefix' => 'wpr',
  'licensing_servers' => 
  array (
    0 => 'https://dashboard.wpreset.com/api/',
  ),
  'version' => '2.04',
  'plugin_file' => '/home2/vedannqu/admin.leafngo.org/wp-content/plugins/wp-reset/wp-reset.php',
  'plugin_page' => 'tools_page_wp-reset',
  'skip_hooks' => false,
  'debug' => true,
  'js_folder' => 'https://admin.leafngo.org/wp-content/plugins/wp-reset//js/',
)
array (
  'prefix' => 'wpr',
  'licensing_servers' => 
  array (
    0 => 'https://dashboard.wpreset.com/api/',
  ),
  'version' => '2.04',
  'slug' => 'wp-reset',
  'basename' => 'wp-reset/wp-reset.php',
  'plugin_page' => 'tools_page_wp-reset',
  'plugin_file' => '/home2/vedannqu/admin.leafngo.org/wp-content/plugins/wp-reset/wp-reset.php',
  'js_folder' => 'https://admin.leafngo.org/wp-content/plugins/wp-reset//js/',
  'api_ver' => 'v1/',
  'valid_forever' => '2035-01-01',
  'unlimited_installs' => 99999,
  'debug' => true,
  'filesystem_initialized' => false,
)

[Sun, 20 Jul 2025 10:26:42 +0000] wpr: __construct
array (
  'prefix' => 'wpr',
  'licensing_servers' => 
  array (
    0 => 'https://dashboard.wpreset.com/api/',
  ),
  'version' => '2.04',
  'plugin_file' => '/home2/vedannqu/admin.leafngo.org/wp-content/plugins/wp-reset/wp-reset.php',
  'plugin_page' => 'tools_page_wp-reset',
  'skip_hooks' => false,
  'debug' => true,
  'js_folder' => 'https://admin.leafngo.org/wp-content/plugins/wp-reset//js/',
)
array (
  'prefix' => 'wpr',
  'licensing_servers' => 
  array (
    0 => 'https://dashboard.wpreset.com/api/',
  ),
  'version' => '2.04',
  'slug' => 'wp-reset',
  'basename' => 'wp-reset/wp-reset.php',
  'plugin_page' => 'tools_page_wp-reset',
  'plugin_file' => '/home2/vedannqu/admin.leafngo.org/wp-content/plugins/wp-reset/wp-reset.php',
  'js_folder' => 'https://admin.leafngo.org/wp-content/plugins/wp-reset//js/',
  'api_ver' => 'v1/',
  'valid_forever' => '2035-01-01',
  'unlimited_installs' => 99999,
  'debug' => true,
  'filesystem_initialized' => false,
)

[Sun, 20 Jul 2025 10:26:50 +0000] wpr: __construct
array (
  'prefix' => 'wpr',
  'licensing_servers' => 
  array (
    0 => 'https://dashboard.wpreset.com/api/',
  ),
  'version' => '2.04',
  'plugin_file' => '/home2/vedannqu/admin.leafngo.org/wp-content/plugins/wp-reset/wp-reset.php',
  'plugin_page' => 'tools_page_wp-reset',
  'skip_hooks' => false,
  'debug' => true,
  'js_folder' => 'https://admin.leafngo.org/wp-content/plugins/wp-reset//js/',
)
array (
  'prefix' => 'wpr',
  'licensing_servers' => 
  array (
    0 => 'https://dashboard.wpreset.com/api/',
  ),
  'version' => '2.04',
  'slug' => 'wp-reset',
  'basename' => 'wp-reset/wp-reset.php',
  'plugin_page' => 'tools_page_wp-reset',
  'plugin_file' => '/home2/vedannqu/admin.leafngo.org/wp-content/plugins/wp-reset/wp-reset.php',
  'js_folder' => 'https://admin.leafngo.org/wp-content/plugins/wp-reset//js/',
  'api_ver' => 'v1/',
  'valid_forever' => '2035-01-01',
  'unlimited_installs' => 99999,
  'debug' => true,
  'filesystem_initialized' => false,
)

[Sun, 20 Jul 2025 10:26:50 +0000] wpr: __construct
array (
  'prefix' => 'wpr',
  'licensing_servers' => 
  array (
    0 => 'https://dashboard.wpreset.com/api/',
  ),
  'version' => '2.04',
  'plugin_file' => '/home2/vedannqu/admin.leafngo.org/wp-content/plugins/wp-reset/wp-reset.php',
  'plugin_page' => 'tools_page_wp-reset',
  'skip_hooks' => false,
  'debug' => true,
  'js_folder' => 'https://admin.leafngo.org/wp-content/plugins/wp-reset//js/',
)
array (
  'prefix' => 'wpr',
  'licensing_servers' => 
  array (
    0 => 'https://dashboard.wpreset.com/api/',
  ),
  'version' => '2.04',
  'slug' => 'wp-reset',
  'basename' => 'wp-reset/wp-reset.php',
  'plugin_page' => 'tools_page_wp-reset',
  'plugin_file' => '/home2/vedannqu/admin.leafngo.org/wp-content/plugins/wp-reset/wp-reset.php',
  'js_folder' => 'https://admin.leafngo.org/wp-content/plugins/wp-reset//js/',
  'api_ver' => 'v1/',
  'valid_forever' => '2035-01-01',
  'unlimited_installs' => 99999,
  'debug' => true,
  'filesystem_initialized' => false,
)

[Sun, 20 Jul 2025 10:26:52 +0000] wpr: __construct
array (
  'prefix' => 'wpr',
  'licensing_servers' => 
  array (
    0 => 'https://dashboard.wpreset.com/api/',
  ),
  'version' => '2.04',
  'plugin_file' => '/home2/vedannqu/admin.leafngo.org/wp-content/plugins/wp-reset/wp-reset.php',
  'plugin_page' => 'tools_page_wp-reset',
  'skip_hooks' => false,
  'debug' => true,
  'js_folder' => 'https://admin.leafngo.org/wp-content/plugins/wp-reset//js/',
)
array (
  'prefix' => 'wpr',
  'licensing_servers' => 
  array (
    0 => 'https://dashboard.wpreset.com/api/',
  ),
  'version' => '2.04',
  'slug' => 'wp-reset',
  'basename' => 'wp-reset/wp-reset.php',
  'plugin_page' => 'tools_page_wp-reset',
  'plugin_file' => '/home2/vedannqu/admin.leafngo.org/wp-content/plugins/wp-reset/wp-reset.php',
  'js_folder' => 'https://admin.leafngo.org/wp-content/plugins/wp-reset//js/',
  'api_ver' => 'v1/',
  'valid_forever' => '2035-01-01',
  'unlimited_installs' => 99999,
  'debug' => true,
  'filesystem_initialized' => false,
)

[Sun, 20 Jul 2025 10:27:01 +0000] wpr: __construct
array (
  'prefix' => 'wpr',
  'licensing_servers' => 
  array (
    0 => 'https://dashboard.wpreset.com/api/',
  ),
  'version' => '2.04',
  'plugin_file' => '/home2/vedannqu/admin.leafngo.org/wp-content/plugins/wp-reset/wp-reset.php',
  'plugin_page' => 'tools_page_wp-reset',
  'skip_hooks' => false,
  'debug' => true,
  'js_folder' => 'https://admin.leafngo.org/wp-content/plugins/wp-reset//js/',
)
array (
  'prefix' => 'wpr',
  'licensing_servers' => 
  array (
    0 => 'https://dashboard.wpreset.com/api/',
  ),
  'version' => '2.04',
  'slug' => 'wp-reset',
  'basename' => 'wp-reset/wp-reset.php',
  'plugin_page' => 'tools_page_wp-reset',
  'plugin_file' => '/home2/vedannqu/admin.leafngo.org/wp-content/plugins/wp-reset/wp-reset.php',
  'js_folder' => 'https://admin.leafngo.org/wp-content/plugins/wp-reset//js/',
  'api_ver' => 'v1/',
  'valid_forever' => '2035-01-01',
  'unlimited_installs' => 99999,
  'debug' => true,
  'filesystem_initialized' => false,
)

[Sun, 20 Jul 2025 10:27:02 +0000] wpr: __construct
array (
  'prefix' => 'wpr',
  'licensing_servers' => 
  array (
    0 => 'https://dashboard.wpreset.com/api/',
  ),
  'version' => '2.04',
  'plugin_file' => '/home2/vedannqu/admin.leafngo.org/wp-content/plugins/wp-reset/wp-reset.php',
  'plugin_page' => 'tools_page_wp-reset',
  'skip_hooks' => false,
  'debug' => true,
  'js_folder' => 'https://admin.leafngo.org/wp-content/plugins/wp-reset//js/',
)
array (
  'prefix' => 'wpr',
  'licensing_servers' => 
  array (
    0 => 'https://dashboard.wpreset.com/api/',
  ),
  'version' => '2.04',
  'slug' => 'wp-reset',
  'basename' => 'wp-reset/wp-reset.php',
  'plugin_page' => 'tools_page_wp-reset',
  'plugin_file' => '/home2/vedannqu/admin.leafngo.org/wp-content/plugins/wp-reset/wp-reset.php',
  'js_folder' => 'https://admin.leafngo.org/wp-content/plugins/wp-reset//js/',
  'api_ver' => 'v1/',
  'valid_forever' => '2035-01-01',
  'unlimited_installs' => 99999,
  'debug' => true,
  'filesystem_initialized' => false,
)

[Sun, 20 Jul 2025 10:27:08 +0000] wpr: __construct
array (
  'prefix' => 'wpr',
  'licensing_servers' => 
  array (
    0 => 'https://dashboard.wpreset.com/api/',
  ),
  'version' => '2.04',
  'plugin_file' => '/home2/vedannqu/admin.leafngo.org/wp-content/plugins/wp-reset/wp-reset.php',
  'plugin_page' => 'tools_page_wp-reset',
  'skip_hooks' => false,
  'debug' => true,
  'js_folder' => 'https://admin.leafngo.org/wp-content/plugins/wp-reset//js/',
)
array (
  'prefix' => 'wpr',
  'licensing_servers' => 
  array (
    0 => 'https://dashboard.wpreset.com/api/',
  ),
  'version' => '2.04',
  'slug' => 'wp-reset',
  'basename' => 'wp-reset/wp-reset.php',
  'plugin_page' => 'tools_page_wp-reset',
  'plugin_file' => '/home2/vedannqu/admin.leafngo.org/wp-content/plugins/wp-reset/wp-reset.php',
  'js_folder' => 'https://admin.leafngo.org/wp-content/plugins/wp-reset//js/',
  'api_ver' => 'v1/',
  'valid_forever' => '2035-01-01',
  'unlimited_installs' => 99999,
  'debug' => true,
  'filesystem_initialized' => false,
)

[Sun, 20 Jul 2025 10:27:08 +0000] wpr: __construct
array (
  'prefix' => 'wpr',
  'licensing_servers' => 
  array (
    0 => 'https://dashboard.wpreset.com/api/',
  ),
  'version' => '2.04',
  'plugin_file' => '/home2/vedannqu/admin.leafngo.org/wp-content/plugins/wp-reset/wp-reset.php',
  'plugin_page' => 'tools_page_wp-reset',
  'skip_hooks' => false,
  'debug' => true,
  'js_folder' => 'https://admin.leafngo.org/wp-content/plugins/wp-reset//js/',
)
array (
  'prefix' => 'wpr',
  'licensing_servers' => 
  array (
    0 => 'https://dashboard.wpreset.com/api/',
  ),
  'version' => '2.04',
  'slug' => 'wp-reset',
  'basename' => 'wp-reset/wp-reset.php',
  'plugin_page' => 'tools_page_wp-reset',
  'plugin_file' => '/home2/vedannqu/admin.leafngo.org/wp-content/plugins/wp-reset/wp-reset.php',
  'js_folder' => 'https://admin.leafngo.org/wp-content/plugins/wp-reset//js/',
  'api_ver' => 'v1/',
  'valid_forever' => '2035-01-01',
  'unlimited_installs' => 99999,
  'debug' => true,
  'filesystem_initialized' => false,
)

[Sun, 20 Jul 2025 10:27:10 +0000] wpr: __construct
array (
  'prefix' => 'wpr',
  'licensing_servers' => 
  array (
    0 => 'https://dashboard.wpreset.com/api/',
  ),
  'version' => '2.04',
  'plugin_file' => '/home2/vedannqu/admin.leafngo.org/wp-content/plugins/wp-reset/wp-reset.php',
  'plugin_page' => 'tools_page_wp-reset',
  'skip_hooks' => false,
  'debug' => true,
  'js_folder' => 'https://admin.leafngo.org/wp-content/plugins/wp-reset//js/',
)
array (
  'prefix' => 'wpr',
  'licensing_servers' => 
  array (
    0 => 'https://dashboard.wpreset.com/api/',
  ),
  'version' => '2.04',
  'slug' => 'wp-reset',
  'basename' => 'wp-reset/wp-reset.php',
  'plugin_page' => 'tools_page_wp-reset',
  'plugin_file' => '/home2/vedannqu/admin.leafngo.org/wp-content/plugins/wp-reset/wp-reset.php',
  'js_folder' => 'https://admin.leafngo.org/wp-content/plugins/wp-reset//js/',
  'api_ver' => 'v1/',
  'valid_forever' => '2035-01-01',
  'unlimited_installs' => 99999,
  'debug' => true,
  'filesystem_initialized' => false,
)

[Sun, 20 Jul 2025 10:27:10 +0000] wpr: __construct
array (
  'prefix' => 'wpr',
  'licensing_servers' => 
  array (
    0 => 'https://dashboard.wpreset.com/api/',
  ),
  'version' => '2.04',
  'plugin_file' => '/home2/vedannqu/admin.leafngo.org/wp-content/plugins/wp-reset/wp-reset.php',
  'plugin_page' => 'tools_page_wp-reset',
  'skip_hooks' => false,
  'debug' => true,
  'js_folder' => 'https://admin.leafngo.org/wp-content/plugins/wp-reset//js/',
)
array (
  'prefix' => 'wpr',
  'licensing_servers' => 
  array (
    0 => 'https://dashboard.wpreset.com/api/',
  ),
  'version' => '2.04',
  'slug' => 'wp-reset',
  'basename' => 'wp-reset/wp-reset.php',
  'plugin_page' => 'tools_page_wp-reset',
  'plugin_file' => '/home2/vedannqu/admin.leafngo.org/wp-content/plugins/wp-reset/wp-reset.php',
  'js_folder' => 'https://admin.leafngo.org/wp-content/plugins/wp-reset//js/',
  'api_ver' => 'v1/',
  'valid_forever' => '2035-01-01',
  'unlimited_installs' => 99999,
  'debug' => true,
  'filesystem_initialized' => false,
)

[Sun, 20 Jul 2025 10:27:11 +0000] wpr: __construct
array (
  'prefix' => 'wpr',
  'licensing_servers' => 
  array (
    0 => 'https://dashboard.wpreset.com/api/',
  ),
  'version' => '2.04',
  'plugin_file' => '/home2/vedannqu/admin.leafngo.org/wp-content/plugins/wp-reset/wp-reset.php',
  'plugin_page' => 'tools_page_wp-reset',
  'skip_hooks' => false,
  'debug' => true,
  'js_folder' => 'https://admin.leafngo.org/wp-content/plugins/wp-reset//js/',
)
array (
  'prefix' => 'wpr',
  'licensing_servers' => 
  array (
    0 => 'https://dashboard.wpreset.com/api/',
  ),
  'version' => '2.04',
  'slug' => 'wp-reset',
  'basename' => 'wp-reset/wp-reset.php',
  'plugin_page' => 'tools_page_wp-reset',
  'plugin_file' => '/home2/vedannqu/admin.leafngo.org/wp-content/plugins/wp-reset/wp-reset.php',
  'js_folder' => 'https://admin.leafngo.org/wp-content/plugins/wp-reset//js/',
  'api_ver' => 'v1/',
  'valid_forever' => '2035-01-01',
  'unlimited_installs' => 99999,
  'debug' => true,
  'filesystem_initialized' => false,
)

[Sun, 20 Jul 2025 10:27:13 +0000] wpr: __construct
array (
  'prefix' => 'wpr',
  'licensing_servers' => 
  array (
    0 => 'https://dashboard.wpreset.com/api/',
  ),
  'version' => '2.04',
  'plugin_file' => '/home2/vedannqu/admin.leafngo.org/wp-content/plugins/wp-reset/wp-reset.php',
  'plugin_page' => 'tools_page_wp-reset',
  'skip_hooks' => false,
  'debug' => true,
  'js_folder' => 'https://admin.leafngo.org/wp-content/plugins/wp-reset//js/',
)
array (
  'prefix' => 'wpr',
  'licensing_servers' => 
  array (
    0 => 'https://dashboard.wpreset.com/api/',
  ),
  'version' => '2.04',
  'slug' => 'wp-reset',
  'basename' => 'wp-reset/wp-reset.php',
  'plugin_page' => 'tools_page_wp-reset',
  'plugin_file' => '/home2/vedannqu/admin.leafngo.org/wp-content/plugins/wp-reset/wp-reset.php',
  'js_folder' => 'https://admin.leafngo.org/wp-content/plugins/wp-reset//js/',
  'api_ver' => 'v1/',
  'valid_forever' => '2035-01-01',
  'unlimited_installs' => 99999,
  'debug' => true,
  'filesystem_initialized' => false,
)

[Sun, 20 Jul 2025 10:27:19 +0000] wpr: __construct
array (
  'prefix' => 'wpr',
  'licensing_servers' => 
  array (
    0 => 'https://dashboard.wpreset.com/api/',
  ),
  'version' => '2.04',
  'plugin_file' => '/home2/vedannqu/admin.leafngo.org/wp-content/plugins/wp-reset/wp-reset.php',
  'plugin_page' => 'tools_page_wp-reset',
  'skip_hooks' => false,
  'debug' => true,
  'js_folder' => 'https://admin.leafngo.org/wp-content/plugins/wp-reset//js/',
)
array (
  'prefix' => 'wpr',
  'licensing_servers' => 
  array (
    0 => 'https://dashboard.wpreset.com/api/',
  ),
  'version' => '2.04',
  'slug' => 'wp-reset',
  'basename' => 'wp-reset/wp-reset.php',
  'plugin_page' => 'tools_page_wp-reset',
  'plugin_file' => '/home2/vedannqu/admin.leafngo.org/wp-content/plugins/wp-reset/wp-reset.php',
  'js_folder' => 'https://admin.leafngo.org/wp-content/plugins/wp-reset//js/',
  'api_ver' => 'v1/',
  'valid_forever' => '2035-01-01',
  'unlimited_installs' => 99999,
  'debug' => true,
  'filesystem_initialized' => false,
)

[Sun, 20 Jul 2025 10:27:20 +0000] wpr: __construct
array (
  'prefix' => 'wpr',
  'licensing_servers' => 
  array (
    0 => 'https://dashboard.wpreset.com/api/',
  ),
  'version' => '2.04',
  'plugin_file' => '/home2/vedannqu/admin.leafngo.org/wp-content/plugins/wp-reset/wp-reset.php',
  'plugin_page' => 'tools_page_wp-reset',
  'skip_hooks' => false,
  'debug' => true,
  'js_folder' => 'https://admin.leafngo.org/wp-content/plugins/wp-reset//js/',
)
array (
  'prefix' => 'wpr',
  'licensing_servers' => 
  array (
    0 => 'https://dashboard.wpreset.com/api/',
  ),
  'version' => '2.04',
  'slug' => 'wp-reset',
  'basename' => 'wp-reset/wp-reset.php',
  'plugin_page' => 'tools_page_wp-reset',
  'plugin_file' => '/home2/vedannqu/admin.leafngo.org/wp-content/plugins/wp-reset/wp-reset.php',
  'js_folder' => 'https://admin.leafngo.org/wp-content/plugins/wp-reset//js/',
  'api_ver' => 'v1/',
  'valid_forever' => '2035-01-01',
  'unlimited_installs' => 99999,
  'debug' => true,
  'filesystem_initialized' => false,
)

[Sun, 20 Jul 2025 10:27:26 +0000] wpr: __construct
array (
  'prefix' => 'wpr',
  'licensing_servers' => 
  array (
    0 => 'https://dashboard.wpreset.com/api/',
  ),
  'version' => '2.04',
  'plugin_file' => '/home2/vedannqu/admin.leafngo.org/wp-content/plugins/wp-reset/wp-reset.php',
  'plugin_page' => 'tools_page_wp-reset',
  'skip_hooks' => false,
  'debug' => true,
  'js_folder' => 'https://admin.leafngo.org/wp-content/plugins/wp-reset//js/',
)
array (
  'prefix' => 'wpr',
  'licensing_servers' => 
  array (
    0 => 'https://dashboard.wpreset.com/api/',
  ),
  'version' => '2.04',
  'slug' => 'wp-reset',
  'basename' => 'wp-reset/wp-reset.php',
  'plugin_page' => 'tools_page_wp-reset',
  'plugin_file' => '/home2/vedannqu/admin.leafngo.org/wp-content/plugins/wp-reset/wp-reset.php',
  'js_folder' => 'https://admin.leafngo.org/wp-content/plugins/wp-reset//js/',
  'api_ver' => 'v1/',
  'valid_forever' => '2035-01-01',
  'unlimited_installs' => 99999,
  'debug' => true,
  'filesystem_initialized' => false,
)

[Sun, 20 Jul 2025 10:27:27 +0000] wpr: __construct
array (
  'prefix' => 'wpr',
  'licensing_servers' => 
  array (
    0 => 'https://dashboard.wpreset.com/api/',
  ),
  'version' => '2.04',
  'plugin_file' => '/home2/vedannqu/admin.leafngo.org/wp-content/plugins/wp-reset/wp-reset.php',
  'plugin_page' => 'tools_page_wp-reset',
  'skip_hooks' => false,
  'debug' => true,
  'js_folder' => 'https://admin.leafngo.org/wp-content/plugins/wp-reset//js/',
)
array (
  'prefix' => 'wpr',
  'licensing_servers' => 
  array (
    0 => 'https://dashboard.wpreset.com/api/',
  ),
  'version' => '2.04',
  'slug' => 'wp-reset',
  'basename' => 'wp-reset/wp-reset.php',
  'plugin_page' => 'tools_page_wp-reset',
  'plugin_file' => '/home2/vedannqu/admin.leafngo.org/wp-content/plugins/wp-reset/wp-reset.php',
  'js_folder' => 'https://admin.leafngo.org/wp-content/plugins/wp-reset//js/',
  'api_ver' => 'v1/',
  'valid_forever' => '2035-01-01',
  'unlimited_installs' => 99999,
  'debug' => true,
  'filesystem_initialized' => false,
)

[Sun, 20 Jul 2025 10:27:40 +0000] wpr: __construct
array (
  'prefix' => 'wpr',
  'licensing_servers' => 
  array (
    0 => 'https://dashboard.wpreset.com/api/',
  ),
  'version' => '2.04',
  'plugin_file' => '/home2/vedannqu/admin.leafngo.org/wp-content/plugins/wp-reset/wp-reset.php',
  'plugin_page' => 'tools_page_wp-reset',
  'skip_hooks' => false,
  'debug' => true,
  'js_folder' => 'https://admin.leafngo.org/wp-content/plugins/wp-reset//js/',
)
array (
  'prefix' => 'wpr',
  'licensing_servers' => 
  array (
    0 => 'https://dashboard.wpreset.com/api/',
  ),
  'version' => '2.04',
  'slug' => 'wp-reset',
  'basename' => 'wp-reset/wp-reset.php',
  'plugin_page' => 'tools_page_wp-reset',
  'plugin_file' => '/home2/vedannqu/admin.leafngo.org/wp-content/plugins/wp-reset/wp-reset.php',
  'js_folder' => 'https://admin.leafngo.org/wp-content/plugins/wp-reset//js/',
  'api_ver' => 'v1/',
  'valid_forever' => '2035-01-01',
  'unlimited_installs' => 99999,
  'debug' => true,
  'filesystem_initialized' => false,
)

[Sun, 20 Jul 2025 10:27:42 +0000] wpr: __construct
array (
  'prefix' => 'wpr',
  'licensing_servers' => 
  array (
    0 => 'https://dashboard.wpreset.com/api/',
  ),
  'version' => '2.04',
  'plugin_file' => '/home2/vedannqu/admin.leafngo.org/wp-content/plugins/wp-reset/wp-reset.php',
  'plugin_page' => 'tools_page_wp-reset',
  'skip_hooks' => false,
  'debug' => true,
  'js_folder' => 'https://admin.leafngo.org/wp-content/plugins/wp-reset//js/',
)
array (
  'prefix' => 'wpr',
  'licensing_servers' => 
  array (
    0 => 'https://dashboard.wpreset.com/api/',
  ),
  'version' => '2.04',
  'slug' => 'wp-reset',
  'basename' => 'wp-reset/wp-reset.php',
  'plugin_page' => 'tools_page_wp-reset',
  'plugin_file' => '/home2/vedannqu/admin.leafngo.org/wp-content/plugins/wp-reset/wp-reset.php',
  'js_folder' => 'https://admin.leafngo.org/wp-content/plugins/wp-reset//js/',
  'api_ver' => 'v1/',
  'valid_forever' => '2035-01-01',
  'unlimited_installs' => 99999,
  'debug' => true,
  'filesystem_initialized' => false,
)

[Sun, 20 Jul 2025 10:27:52 +0000] wpr: __construct
array (
  'prefix' => 'wpr',
  'licensing_servers' => 
  array (
    0 => 'https://dashboard.wpreset.com/api/',
  ),
  'version' => '2.04',
  'plugin_file' => '/home2/vedannqu/admin.leafngo.org/wp-content/plugins/wp-reset/wp-reset.php',
  'plugin_page' => 'tools_page_wp-reset',
  'skip_hooks' => false,
  'debug' => true,
  'js_folder' => 'https://admin.leafngo.org/wp-content/plugins/wp-reset//js/',
)
array (
  'prefix' => 'wpr',
  'licensing_servers' => 
  array (
    0 => 'https://dashboard.wpreset.com/api/',
  ),
  'version' => '2.04',
  'slug' => 'wp-reset',
  'basename' => 'wp-reset/wp-reset.php',
  'plugin_page' => 'tools_page_wp-reset',
  'plugin_file' => '/home2/vedannqu/admin.leafngo.org/wp-content/plugins/wp-reset/wp-reset.php',
  'js_folder' => 'https://admin.leafngo.org/wp-content/plugins/wp-reset//js/',
  'api_ver' => 'v1/',
  'valid_forever' => '2035-01-01',
  'unlimited_installs' => 99999,
  'debug' => true,
  'filesystem_initialized' => false,
)

[Sun, 20 Jul 2025 10:27:56 +0000] wpr: __construct
array (
  'prefix' => 'wpr',
  'licensing_servers' => 
  array (
    0 => 'https://dashboard.wpreset.com/api/',
  ),
  'version' => '2.04',
  'plugin_file' => '/home2/vedannqu/admin.leafngo.org/wp-content/plugins/wp-reset/wp-reset.php',
  'plugin_page' => 'tools_page_wp-reset',
  'skip_hooks' => false,
  'debug' => true,
  'js_folder' => 'https://admin.leafngo.org/wp-content/plugins/wp-reset//js/',
)
array (
  'prefix' => 'wpr',
  'licensing_servers' => 
  array (
    0 => 'https://dashboard.wpreset.com/api/',
  ),
  'version' => '2.04',
  'slug' => 'wp-reset',
  'basename' => 'wp-reset/wp-reset.php',
  'plugin_page' => 'tools_page_wp-reset',
  'plugin_file' => '/home2/vedannqu/admin.leafngo.org/wp-content/plugins/wp-reset/wp-reset.php',
  'js_folder' => 'https://admin.leafngo.org/wp-content/plugins/wp-reset//js/',
  'api_ver' => 'v1/',
  'valid_forever' => '2035-01-01',
  'unlimited_installs' => 99999,
  'debug' => true,
  'filesystem_initialized' => false,
)

[Sun, 20 Jul 2025 10:27:58 +0000] wpr: __construct
array (
  'prefix' => 'wpr',
  'licensing_servers' => 
  array (
    0 => 'https://dashboard.wpreset.com/api/',
  ),
  'version' => '2.04',
  'plugin_file' => '/home2/vedannqu/admin.leafngo.org/wp-content/plugins/wp-reset/wp-reset.php',
  'plugin_page' => 'tools_page_wp-reset',
  'skip_hooks' => false,
  'debug' => true,
  'js_folder' => 'https://admin.leafngo.org/wp-content/plugins/wp-reset//js/',
)
array (
  'prefix' => 'wpr',
  'licensing_servers' => 
  array (
    0 => 'https://dashboard.wpreset.com/api/',
  ),
  'version' => '2.04',
  'slug' => 'wp-reset',
  'basename' => 'wp-reset/wp-reset.php',
  'plugin_page' => 'tools_page_wp-reset',
  'plugin_file' => '/home2/vedannqu/admin.leafngo.org/wp-content/plugins/wp-reset/wp-reset.php',
  'js_folder' => 'https://admin.leafngo.org/wp-content/plugins/wp-reset//js/',
  'api_ver' => 'v1/',
  'valid_forever' => '2035-01-01',
  'unlimited_installs' => 99999,
  'debug' => true,
  'filesystem_initialized' => false,
)

[Sun, 20 Jul 2025 10:28:01 +0000] wpr: __construct
array (
  'prefix' => 'wpr',
  'licensing_servers' => 
  array (
    0 => 'https://dashboard.wpreset.com/api/',
  ),
  'version' => '2.04',
  'plugin_file' => '/home2/vedannqu/admin.leafngo.org/wp-content/plugins/wp-reset/wp-reset.php',
  'plugin_page' => 'tools_page_wp-reset',
  'skip_hooks' => false,
  'debug' => true,
  'js_folder' => 'https://admin.leafngo.org/wp-content/plugins/wp-reset//js/',
)
array (
  'prefix' => 'wpr',
  'licensing_servers' => 
  array (
    0 => 'https://dashboard.wpreset.com/api/',
  ),
  'version' => '2.04',
  'slug' => 'wp-reset',
  'basename' => 'wp-reset/wp-reset.php',
  'plugin_page' => 'tools_page_wp-reset',
  'plugin_file' => '/home2/vedannqu/admin.leafngo.org/wp-content/plugins/wp-reset/wp-reset.php',
  'js_folder' => 'https://admin.leafngo.org/wp-content/plugins/wp-reset//js/',
  'api_ver' => 'v1/',
  'valid_forever' => '2035-01-01',
  'unlimited_installs' => 99999,
  'debug' => true,
  'filesystem_initialized' => false,
)

[Sun, 20 Jul 2025 10:28:12 +0000] wpr: __construct
array (
  'prefix' => 'wpr',
  'licensing_servers' => 
  array (
    0 => 'https://dashboard.wpreset.com/api/',
  ),
  'version' => '2.04',
  'plugin_file' => '/home2/vedannqu/admin.leafngo.org/wp-content/plugins/wp-reset/wp-reset.php',
  'plugin_page' => 'tools_page_wp-reset',
  'skip_hooks' => false,
  'debug' => true,
  'js_folder' => 'https://admin.leafngo.org/wp-content/plugins/wp-reset//js/',
)
array (
  'prefix' => 'wpr',
  'licensing_servers' => 
  array (
    0 => 'https://dashboard.wpreset.com/api/',
  ),
  'version' => '2.04',
  'slug' => 'wp-reset',
  'basename' => 'wp-reset/wp-reset.php',
  'plugin_page' => 'tools_page_wp-reset',
  'plugin_file' => '/home2/vedannqu/admin.leafngo.org/wp-content/plugins/wp-reset/wp-reset.php',
  'js_folder' => 'https://admin.leafngo.org/wp-content/plugins/wp-reset//js/',
  'api_ver' => 'v1/',
  'valid_forever' => '2035-01-01',
  'unlimited_installs' => 99999,
  'debug' => true,
  'filesystem_initialized' => false,
)

[Sun, 20 Jul 2025 10:28:14 +0000] wpr: __construct
array (
  'prefix' => 'wpr',
  'licensing_servers' => 
  array (
    0 => 'https://dashboard.wpreset.com/api/',
  ),
  'version' => '2.04',
  'plugin_file' => '/home2/vedannqu/admin.leafngo.org/wp-content/plugins/wp-reset/wp-reset.php',
  'plugin_page' => 'tools_page_wp-reset',
  'skip_hooks' => false,
  'debug' => true,
  'js_folder' => 'https://admin.leafngo.org/wp-content/plugins/wp-reset//js/',
)
array (
  'prefix' => 'wpr',
  'licensing_servers' => 
  array (
    0 => 'https://dashboard.wpreset.com/api/',
  ),
  'version' => '2.04',
  'slug' => 'wp-reset',
  'basename' => 'wp-reset/wp-reset.php',
  'plugin_page' => 'tools_page_wp-reset',
  'plugin_file' => '/home2/vedannqu/admin.leafngo.org/wp-content/plugins/wp-reset/wp-reset.php',
  'js_folder' => 'https://admin.leafngo.org/wp-content/plugins/wp-reset//js/',
  'api_ver' => 'v1/',
  'valid_forever' => '2035-01-01',
  'unlimited_installs' => 99999,
  'debug' => true,
  'filesystem_initialized' => false,
)

[Sun, 20 Jul 2025 10:28:17 +0000] wpr: __construct
array (
  'prefix' => 'wpr',
  'licensing_servers' => 
  array (
    0 => 'https://dashboard.wpreset.com/api/',
  ),
  'version' => '2.04',
  'plugin_file' => '/home2/vedannqu/admin.leafngo.org/wp-content/plugins/wp-reset/wp-reset.php',
  'plugin_page' => 'tools_page_wp-reset',
  'skip_hooks' => false,
  'debug' => true,
  'js_folder' => 'https://admin.leafngo.org/wp-content/plugins/wp-reset//js/',
)
array (
  'prefix' => 'wpr',
  'licensing_servers' => 
  array (
    0 => 'https://dashboard.wpreset.com/api/',
  ),
  'version' => '2.04',
  'slug' => 'wp-reset',
  'basename' => 'wp-reset/wp-reset.php',
  'plugin_page' => 'tools_page_wp-reset',
  'plugin_file' => '/home2/vedannqu/admin.leafngo.org/wp-content/plugins/wp-reset/wp-reset.php',
  'js_folder' => 'https://admin.leafngo.org/wp-content/plugins/wp-reset//js/',
  'api_ver' => 'v1/',
  'valid_forever' => '2035-01-01',
  'unlimited_installs' => 99999,
  'debug' => true,
  'filesystem_initialized' => false,
)

[Sun, 20 Jul 2025 10:28:28 +0000] wpr: __construct
array (
  'prefix' => 'wpr',
  'licensing_servers' => 
  array (
    0 => 'https://dashboard.wpreset.com/api/',
  ),
  'version' => '2.04',
  'plugin_file' => '/home2/vedannqu/admin.leafngo.org/wp-content/plugins/wp-reset/wp-reset.php',
  'plugin_page' => 'tools_page_wp-reset',
  'skip_hooks' => false,
  'debug' => true,
  'js_folder' => 'https://admin.leafngo.org/wp-content/plugins/wp-reset//js/',
)
array (
  'prefix' => 'wpr',
  'licensing_servers' => 
  array (
    0 => 'https://dashboard.wpreset.com/api/',
  ),
  'version' => '2.04',
  'slug' => 'wp-reset',
  'basename' => 'wp-reset/wp-reset.php',
  'plugin_page' => 'tools_page_wp-reset',
  'plugin_file' => '/home2/vedannqu/admin.leafngo.org/wp-content/plugins/wp-reset/wp-reset.php',
  'js_folder' => 'https://admin.leafngo.org/wp-content/plugins/wp-reset//js/',
  'api_ver' => 'v1/',
  'valid_forever' => '2035-01-01',
  'unlimited_installs' => 99999,
  'debug' => true,
  'filesystem_initialized' => false,
)

[Sun, 20 Jul 2025 10:28:28 +0000] wpr: __construct
array (
  'prefix' => 'wpr',
  'licensing_servers' => 
  array (
    0 => 'https://dashboard.wpreset.com/api/',
  ),
  'version' => '2.04',
  'plugin_file' => '/home2/vedannqu/admin.leafngo.org/wp-content/plugins/wp-reset/wp-reset.php',
  'plugin_page' => 'tools_page_wp-reset',
  'skip_hooks' => false,
  'debug' => true,
  'js_folder' => 'https://admin.leafngo.org/wp-content/plugins/wp-reset//js/',
)
array (
  'prefix' => 'wpr',
  'licensing_servers' => 
  array (
    0 => 'https://dashboard.wpreset.com/api/',
  ),
  'version' => '2.04',
  'slug' => 'wp-reset',
  'basename' => 'wp-reset/wp-reset.php',
  'plugin_page' => 'tools_page_wp-reset',
  'plugin_file' => '/home2/vedannqu/admin.leafngo.org/wp-content/plugins/wp-reset/wp-reset.php',
  'js_folder' => 'https://admin.leafngo.org/wp-content/plugins/wp-reset//js/',
  'api_ver' => 'v1/',
  'valid_forever' => '2035-01-01',
  'unlimited_installs' => 99999,
  'debug' => true,
  'filesystem_initialized' => false,
)

[Sun, 20 Jul 2025 10:28:30 +0000] wpr: __construct
array (
  'prefix' => 'wpr',
  'licensing_servers' => 
  array (
    0 => 'https://dashboard.wpreset.com/api/',
  ),
  'version' => '2.04',
  'plugin_file' => '/home2/vedannqu/admin.leafngo.org/wp-content/plugins/wp-reset/wp-reset.php',
  'plugin_page' => 'tools_page_wp-reset',
  'skip_hooks' => false,
  'debug' => true,
  'js_folder' => 'https://admin.leafngo.org/wp-content/plugins/wp-reset//js/',
)
array (
  'prefix' => 'wpr',
  'licensing_servers' => 
  array (
    0 => 'https://dashboard.wpreset.com/api/',
  ),
  'version' => '2.04',
  'slug' => 'wp-reset',
  'basename' => 'wp-reset/wp-reset.php',
  'plugin_page' => 'tools_page_wp-reset',
  'plugin_file' => '/home2/vedannqu/admin.leafngo.org/wp-content/plugins/wp-reset/wp-reset.php',
  'js_folder' => 'https://admin.leafngo.org/wp-content/plugins/wp-reset//js/',
  'api_ver' => 'v1/',
  'valid_forever' => '2035-01-01',
  'unlimited_installs' => 99999,
  'debug' => true,
  'filesystem_initialized' => false,
)

[Sun, 20 Jul 2025 10:28:43 +0000] wpr: __construct
array (
  'prefix' => 'wpr',
  'licensing_servers' => 
  array (
    0 => 'https://dashboard.wpreset.com/api/',
  ),
  'version' => '2.04',
  'plugin_file' => '/home2/vedannqu/admin.leafngo.org/wp-content/plugins/wp-reset/wp-reset.php',
  'plugin_page' => 'tools_page_wp-reset',
  'skip_hooks' => false,
  'debug' => true,
  'js_folder' => 'https://admin.leafngo.org/wp-content/plugins/wp-reset//js/',
)
array (
  'prefix' => 'wpr',
  'licensing_servers' => 
  array (
    0 => 'https://dashboard.wpreset.com/api/',
  ),
  'version' => '2.04',
  'slug' => 'wp-reset',
  'basename' => 'wp-reset/wp-reset.php',
  'plugin_page' => 'tools_page_wp-reset',
  'plugin_file' => '/home2/vedannqu/admin.leafngo.org/wp-content/plugins/wp-reset/wp-reset.php',
  'js_folder' => 'https://admin.leafngo.org/wp-content/plugins/wp-reset//js/',
  'api_ver' => 'v1/',
  'valid_forever' => '2035-01-01',
  'unlimited_installs' => 99999,
  'debug' => true,
  'filesystem_initialized' => false,
)

[Sun, 20 Jul 2025 10:28:58 +0000] wpr: __construct
array (
  'prefix' => 'wpr',
  'licensing_servers' => 
  array (
    0 => 'https://dashboard.wpreset.com/api/',
  ),
  'version' => '2.04',
  'plugin_file' => '/home2/vedannqu/admin.leafngo.org/wp-content/plugins/wp-reset/wp-reset.php',
  'plugin_page' => 'tools_page_wp-reset',
  'skip_hooks' => false,
  'debug' => true,
  'js_folder' => 'https://admin.leafngo.org/wp-content/plugins/wp-reset//js/',
)
array (
  'prefix' => 'wpr',
  'licensing_servers' => 
  array (
    0 => 'https://dashboard.wpreset.com/api/',
  ),
  'version' => '2.04',
  'slug' => 'wp-reset',
  'basename' => 'wp-reset/wp-reset.php',
  'plugin_page' => 'tools_page_wp-reset',
  'plugin_file' => '/home2/vedannqu/admin.leafngo.org/wp-content/plugins/wp-reset/wp-reset.php',
  'js_folder' => 'https://admin.leafngo.org/wp-content/plugins/wp-reset//js/',
  'api_ver' => 'v1/',
  'valid_forever' => '2035-01-01',
  'unlimited_installs' => 99999,
  'debug' => true,
  'filesystem_initialized' => false,
)

[Sun, 20 Jul 2025 10:29:08 +0000] wpr: __construct
array (
  'prefix' => 'wpr',
  'licensing_servers' => 
  array (
    0 => 'https://dashboard.wpreset.com/api/',
  ),
  'version' => '2.04',
  'plugin_file' => '/home2/vedannqu/admin.leafngo.org/wp-content/plugins/wp-reset/wp-reset.php',
  'plugin_page' => 'tools_page_wp-reset',
  'skip_hooks' => false,
  'debug' => true,
  'js_folder' => 'https://admin.leafngo.org/wp-content/plugins/wp-reset//js/',
)
array (
  'prefix' => 'wpr',
  'licensing_servers' => 
  array (
    0 => 'https://dashboard.wpreset.com/api/',
  ),
  'version' => '2.04',
  'slug' => 'wp-reset',
  'basename' => 'wp-reset/wp-reset.php',
  'plugin_page' => 'tools_page_wp-reset',
  'plugin_file' => '/home2/vedannqu/admin.leafngo.org/wp-content/plugins/wp-reset/wp-reset.php',
  'js_folder' => 'https://admin.leafngo.org/wp-content/plugins/wp-reset//js/',
  'api_ver' => 'v1/',
  'valid_forever' => '2035-01-01',
  'unlimited_installs' => 99999,
  'debug' => true,
  'filesystem_initialized' => false,
)

[Sun, 20 Jul 2025 10:29:10 +0000] wpr: __construct
array (
  'prefix' => 'wpr',
  'licensing_servers' => 
  array (
    0 => 'https://dashboard.wpreset.com/api/',
  ),
  'version' => '2.04',
  'plugin_file' => '/home2/vedannqu/admin.leafngo.org/wp-content/plugins/wp-reset/wp-reset.php',
  'plugin_page' => 'tools_page_wp-reset',
  'skip_hooks' => false,
  'debug' => true,
  'js_folder' => 'https://admin.leafngo.org/wp-content/plugins/wp-reset//js/',
)
array (
  'prefix' => 'wpr',
  'licensing_servers' => 
  array (
    0 => 'https://dashboard.wpreset.com/api/',
  ),
  'version' => '2.04',
  'slug' => 'wp-reset',
  'basename' => 'wp-reset/wp-reset.php',
  'plugin_page' => 'tools_page_wp-reset',
  'plugin_file' => '/home2/vedannqu/admin.leafngo.org/wp-content/plugins/wp-reset/wp-reset.php',
  'js_folder' => 'https://admin.leafngo.org/wp-content/plugins/wp-reset//js/',
  'api_ver' => 'v1/',
  'valid_forever' => '2035-01-01',
  'unlimited_installs' => 99999,
  'debug' => true,
  'filesystem_initialized' => false,
)

[Sun, 20 Jul 2025 10:29:12 +0000] wpr: __construct
array (
  'prefix' => 'wpr',
  'licensing_servers' => 
  array (
    0 => 'https://dashboard.wpreset.com/api/',
  ),
  'version' => '2.04',
  'plugin_file' => '/home2/vedannqu/admin.leafngo.org/wp-content/plugins/wp-reset/wp-reset.php',
  'plugin_page' => 'tools_page_wp-reset',
  'skip_hooks' => false,
  'debug' => true,
  'js_folder' => 'https://admin.leafngo.org/wp-content/plugins/wp-reset//js/',
)
array (
  'prefix' => 'wpr',
  'licensing_servers' => 
  array (
    0 => 'https://dashboard.wpreset.com/api/',
  ),
  'version' => '2.04',
  'slug' => 'wp-reset',
  'basename' => 'wp-reset/wp-reset.php',
  'plugin_page' => 'tools_page_wp-reset',
  'plugin_file' => '/home2/vedannqu/admin.leafngo.org/wp-content/plugins/wp-reset/wp-reset.php',
  'js_folder' => 'https://admin.leafngo.org/wp-content/plugins/wp-reset//js/',
  'api_ver' => 'v1/',
  'valid_forever' => '2035-01-01',
  'unlimited_installs' => 99999,
  'debug' => true,
  'filesystem_initialized' => false,
)

[Sun, 20 Jul 2025 10:29:13 +0000] wpr: __construct
array (
  'prefix' => 'wpr',
  'licensing_servers' => 
  array (
    0 => 'https://dashboard.wpreset.com/api/',
  ),
  'version' => '2.04',
  'plugin_file' => '/home2/vedannqu/admin.leafngo.org/wp-content/plugins/wp-reset/wp-reset.php',
  'plugin_page' => 'tools_page_wp-reset',
  'skip_hooks' => false,
  'debug' => true,
  'js_folder' => 'https://admin.leafngo.org/wp-content/plugins/wp-reset//js/',
)
array (
  'prefix' => 'wpr',
  'licensing_servers' => 
  array (
    0 => 'https://dashboard.wpreset.com/api/',
  ),
  'version' => '2.04',
  'slug' => 'wp-reset',
  'basename' => 'wp-reset/wp-reset.php',
  'plugin_page' => 'tools_page_wp-reset',
  'plugin_file' => '/home2/vedannqu/admin.leafngo.org/wp-content/plugins/wp-reset/wp-reset.php',
  'js_folder' => 'https://admin.leafngo.org/wp-content/plugins/wp-reset//js/',
  'api_ver' => 'v1/',
  'valid_forever' => '2035-01-01',
  'unlimited_installs' => 99999,
  'debug' => true,
  'filesystem_initialized' => false,
)

[Sun, 20 Jul 2025 10:29:14 +0000] wpr: __construct
array (
  'prefix' => 'wpr',
  'licensing_servers' => 
  array (
    0 => 'https://dashboard.wpreset.com/api/',
  ),
  'version' => '2.04',
  'plugin_file' => '/home2/vedannqu/admin.leafngo.org/wp-content/plugins/wp-reset/wp-reset.php',
  'plugin_page' => 'tools_page_wp-reset',
  'skip_hooks' => false,
  'debug' => true,
  'js_folder' => 'https://admin.leafngo.org/wp-content/plugins/wp-reset//js/',
)
array (
  'prefix' => 'wpr',
  'licensing_servers' => 
  array (
    0 => 'https://dashboard.wpreset.com/api/',
  ),
  'version' => '2.04',
  'slug' => 'wp-reset',
  'basename' => 'wp-reset/wp-reset.php',
  'plugin_page' => 'tools_page_wp-reset',
  'plugin_file' => '/home2/vedannqu/admin.leafngo.org/wp-content/plugins/wp-reset/wp-reset.php',
  'js_folder' => 'https://admin.leafngo.org/wp-content/plugins/wp-reset//js/',
  'api_ver' => 'v1/',
  'valid_forever' => '2035-01-01',
  'unlimited_installs' => 99999,
  'debug' => true,
  'filesystem_initialized' => false,
)

[Sun, 20 Jul 2025 10:29:16 +0000] wpr: __construct
array (
  'prefix' => 'wpr',
  'licensing_servers' => 
  array (
    0 => 'https://dashboard.wpreset.com/api/',
  ),
  'version' => '2.04',
  'plugin_file' => '/home2/vedannqu/admin.leafngo.org/wp-content/plugins/wp-reset/wp-reset.php',
  'plugin_page' => 'tools_page_wp-reset',
  'skip_hooks' => false,
  'debug' => true,
  'js_folder' => 'https://admin.leafngo.org/wp-content/plugins/wp-reset//js/',
)
array (
  'prefix' => 'wpr',
  'licensing_servers' => 
  array (
    0 => 'https://dashboard.wpreset.com/api/',
  ),
  'version' => '2.04',
  'slug' => 'wp-reset',
  'basename' => 'wp-reset/wp-reset.php',
  'plugin_page' => 'tools_page_wp-reset',
  'plugin_file' => '/home2/vedannqu/admin.leafngo.org/wp-content/plugins/wp-reset/wp-reset.php',
  'js_folder' => 'https://admin.leafngo.org/wp-content/plugins/wp-reset//js/',
  'api_ver' => 'v1/',
  'valid_forever' => '2035-01-01',
  'unlimited_installs' => 99999,
  'debug' => true,
  'filesystem_initialized' => false,
)

[Sun, 20 Jul 2025 10:29:21 +0000] wpr: __construct
array (
  'prefix' => 'wpr',
  'licensing_servers' => 
  array (
    0 => 'https://dashboard.wpreset.com/api/',
  ),
  'version' => '2.04',
  'plugin_file' => '/home2/vedannqu/admin.leafngo.org/wp-content/plugins/wp-reset/wp-reset.php',
  'plugin_page' => 'tools_page_wp-reset',
  'skip_hooks' => false,
  'debug' => true,
  'js_folder' => 'https://admin.leafngo.org/wp-content/plugins/wp-reset//js/',
)
array (
  'prefix' => 'wpr',
  'licensing_servers' => 
  array (
    0 => 'https://dashboard.wpreset.com/api/',
  ),
  'version' => '2.04',
  'slug' => 'wp-reset',
  'basename' => 'wp-reset/wp-reset.php',
  'plugin_page' => 'tools_page_wp-reset',
  'plugin_file' => '/home2/vedannqu/admin.leafngo.org/wp-content/plugins/wp-reset/wp-reset.php',
  'js_folder' => 'https://admin.leafngo.org/wp-content/plugins/wp-reset//js/',
  'api_ver' => 'v1/',
  'valid_forever' => '2035-01-01',
  'unlimited_installs' => 99999,
  'debug' => true,
  'filesystem_initialized' => false,
)

[Sun, 20 Jul 2025 10:29:24 +0000] wpr: __construct
array (
  'prefix' => 'wpr',
  'licensing_servers' => 
  array (
    0 => 'https://dashboard.wpreset.com/api/',
  ),
  'version' => '2.04',
  'plugin_file' => '/home2/vedannqu/admin.leafngo.org/wp-content/plugins/wp-reset/wp-reset.php',
  'plugin_page' => 'tools_page_wp-reset',
  'skip_hooks' => false,
  'debug' => true,
  'js_folder' => 'https://admin.leafngo.org/wp-content/plugins/wp-reset//js/',
)
array (
  'prefix' => 'wpr',
  'licensing_servers' => 
  array (
    0 => 'https://dashboard.wpreset.com/api/',
  ),
  'version' => '2.04',
  'slug' => 'wp-reset',
  'basename' => 'wp-reset/wp-reset.php',
  'plugin_page' => 'tools_page_wp-reset',
  'plugin_file' => '/home2/vedannqu/admin.leafngo.org/wp-content/plugins/wp-reset/wp-reset.php',
  'js_folder' => 'https://admin.leafngo.org/wp-content/plugins/wp-reset//js/',
  'api_ver' => 'v1/',
  'valid_forever' => '2035-01-01',
  'unlimited_installs' => 99999,
  'debug' => true,
  'filesystem_initialized' => false,
)

[Sun, 20 Jul 2025 10:29:27 +0000] wpr: __construct
array (
  'prefix' => 'wpr',
  'licensing_servers' => 
  array (
    0 => 'https://dashboard.wpreset.com/api/',
  ),
  'version' => '2.04',
  'plugin_file' => '/home2/vedannqu/admin.leafngo.org/wp-content/plugins/wp-reset/wp-reset.php',
  'plugin_page' => 'tools_page_wp-reset',
  'skip_hooks' => false,
  'debug' => true,
  'js_folder' => 'https://admin.leafngo.org/wp-content/plugins/wp-reset//js/',
)
array (
  'prefix' => 'wpr',
  'licensing_servers' => 
  array (
    0 => 'https://dashboard.wpreset.com/api/',
  ),
  'version' => '2.04',
  'slug' => 'wp-reset',
  'basename' => 'wp-reset/wp-reset.php',
  'plugin_page' => 'tools_page_wp-reset',
  'plugin_file' => '/home2/vedannqu/admin.leafngo.org/wp-content/plugins/wp-reset/wp-reset.php',
  'js_folder' => 'https://admin.leafngo.org/wp-content/plugins/wp-reset//js/',
  'api_ver' => 'v1/',
  'valid_forever' => '2035-01-01',
  'unlimited_installs' => 99999,
  'debug' => true,
  'filesystem_initialized' => false,
)

[Sun, 20 Jul 2025 10:29:33 +0000] wpr: __construct
array (
  'prefix' => 'wpr',
  'licensing_servers' => 
  array (
    0 => 'https://dashboard.wpreset.com/api/',
  ),
  'version' => '2.04',
  'plugin_file' => '/home2/vedannqu/admin.leafngo.org/wp-content/plugins/wp-reset/wp-reset.php',
  'plugin_page' => 'tools_page_wp-reset',
  'skip_hooks' => false,
  'debug' => true,
  'js_folder' => 'https://admin.leafngo.org/wp-content/plugins/wp-reset//js/',
)
array (
  'prefix' => 'wpr',
  'licensing_servers' => 
  array (
    0 => 'https://dashboard.wpreset.com/api/',
  ),
  'version' => '2.04',
  'slug' => 'wp-reset',
  'basename' => 'wp-reset/wp-reset.php',
  'plugin_page' => 'tools_page_wp-reset',
  'plugin_file' => '/home2/vedannqu/admin.leafngo.org/wp-content/plugins/wp-reset/wp-reset.php',
  'js_folder' => 'https://admin.leafngo.org/wp-content/plugins/wp-reset//js/',
  'api_ver' => 'v1/',
  'valid_forever' => '2035-01-01',
  'unlimited_installs' => 99999,
  'debug' => true,
  'filesystem_initialized' => false,
)

[Sun, 20 Jul 2025 10:29:43 +0000] wpr: __construct
array (
  'prefix' => 'wpr',
  'licensing_servers' => 
  array (
    0 => 'https://dashboard.wpreset.com/api/',
  ),
  'version' => '2.04',
  'plugin_file' => '/home2/vedannqu/admin.leafngo.org/wp-content/plugins/wp-reset/wp-reset.php',
  'plugin_page' => 'tools_page_wp-reset',
  'skip_hooks' => false,
  'debug' => true,
  'js_folder' => 'https://admin.leafngo.org/wp-content/plugins/wp-reset//js/',
)
array (
  'prefix' => 'wpr',
  'licensing_servers' => 
  array (
    0 => 'https://dashboard.wpreset.com/api/',
  ),
  'version' => '2.04',
  'slug' => 'wp-reset',
  'basename' => 'wp-reset/wp-reset.php',
  'plugin_page' => 'tools_page_wp-reset',
  'plugin_file' => '/home2/vedannqu/admin.leafngo.org/wp-content/plugins/wp-reset/wp-reset.php',
  'js_folder' => 'https://admin.leafngo.org/wp-content/plugins/wp-reset//js/',
  'api_ver' => 'v1/',
  'valid_forever' => '2035-01-01',
  'unlimited_installs' => 99999,
  'debug' => true,
  'filesystem_initialized' => false,
)

[Sun, 20 Jul 2025 10:29:45 +0000] wpr: __construct
array (
  'prefix' => 'wpr',
  'licensing_servers' => 
  array (
    0 => 'https://dashboard.wpreset.com/api/',
  ),
  'version' => '2.04',
  'plugin_file' => '/home2/vedannqu/admin.leafngo.org/wp-content/plugins/wp-reset/wp-reset.php',
  'plugin_page' => 'tools_page_wp-reset',
  'skip_hooks' => false,
  'debug' => true,
  'js_folder' => 'https://admin.leafngo.org/wp-content/plugins/wp-reset//js/',
)
array (
  'prefix' => 'wpr',
  'licensing_servers' => 
  array (
    0 => 'https://dashboard.wpreset.com/api/',
  ),
  'version' => '2.04',
  'slug' => 'wp-reset',
  'basename' => 'wp-reset/wp-reset.php',
  'plugin_page' => 'tools_page_wp-reset',
  'plugin_file' => '/home2/vedannqu/admin.leafngo.org/wp-content/plugins/wp-reset/wp-reset.php',
  'js_folder' => 'https://admin.leafngo.org/wp-content/plugins/wp-reset//js/',
  'api_ver' => 'v1/',
  'valid_forever' => '2035-01-01',
  'unlimited_installs' => 99999,
  'debug' => true,
  'filesystem_initialized' => false,
)

[Sun, 20 Jul 2025 10:29:47 +0000] wpr: __construct
array (
  'prefix' => 'wpr',
  'licensing_servers' => 
  array (
    0 => 'https://dashboard.wpreset.com/api/',
  ),
  'version' => '2.04',
  'plugin_file' => '/home2/vedannqu/admin.leafngo.org/wp-content/plugins/wp-reset/wp-reset.php',
  'plugin_page' => 'tools_page_wp-reset',
  'skip_hooks' => false,
  'debug' => true,
  'js_folder' => 'https://admin.leafngo.org/wp-content/plugins/wp-reset//js/',
)
array (
  'prefix' => 'wpr',
  'licensing_servers' => 
  array (
    0 => 'https://dashboard.wpreset.com/api/',
  ),
  'version' => '2.04',
  'slug' => 'wp-reset',
  'basename' => 'wp-reset/wp-reset.php',
  'plugin_page' => 'tools_page_wp-reset',
  'plugin_file' => '/home2/vedannqu/admin.leafngo.org/wp-content/plugins/wp-reset/wp-reset.php',
  'js_folder' => 'https://admin.leafngo.org/wp-content/plugins/wp-reset//js/',
  'api_ver' => 'v1/',
  'valid_forever' => '2035-01-01',
  'unlimited_installs' => 99999,
  'debug' => true,
  'filesystem_initialized' => false,
)

[Sun, 20 Jul 2025 10:29:51 +0000] wpr: __construct
array (
  'prefix' => 'wpr',
  'licensing_servers' => 
  array (
    0 => 'https://dashboard.wpreset.com/api/',
  ),
  'version' => '2.04',
  'plugin_file' => '/home2/vedannqu/admin.leafngo.org/wp-content/plugins/wp-reset/wp-reset.php',
  'plugin_page' => 'tools_page_wp-reset',
  'skip_hooks' => false,
  'debug' => true,
  'js_folder' => 'https://admin.leafngo.org/wp-content/plugins/wp-reset//js/',
)
array (
  'prefix' => 'wpr',
  'licensing_servers' => 
  array (
    0 => 'https://dashboard.wpreset.com/api/',
  ),
  'version' => '2.04',
  'slug' => 'wp-reset',
  'basename' => 'wp-reset/wp-reset.php',
  'plugin_page' => 'tools_page_wp-reset',
  'plugin_file' => '/home2/vedannqu/admin.leafngo.org/wp-content/plugins/wp-reset/wp-reset.php',
  'js_folder' => 'https://admin.leafngo.org/wp-content/plugins/wp-reset//js/',
  'api_ver' => 'v1/',
  'valid_forever' => '2035-01-01',
  'unlimited_installs' => 99999,
  'debug' => true,
  'filesystem_initialized' => false,
)

[Sun, 20 Jul 2025 10:29:53 +0000] wpr: __construct
array (
  'prefix' => 'wpr',
  'licensing_servers' => 
  array (
    0 => 'https://dashboard.wpreset.com/api/',
  ),
  'version' => '2.04',
  'plugin_file' => '/home2/vedannqu/admin.leafngo.org/wp-content/plugins/wp-reset/wp-reset.php',
  'plugin_page' => 'tools_page_wp-reset',
  'skip_hooks' => false,
  'debug' => true,
  'js_folder' => 'https://admin.leafngo.org/wp-content/plugins/wp-reset//js/',
)
array (
  'prefix' => 'wpr',
  'licensing_servers' => 
  array (
    0 => 'https://dashboard.wpreset.com/api/',
  ),
  'version' => '2.04',
  'slug' => 'wp-reset',
  'basename' => 'wp-reset/wp-reset.php',
  'plugin_page' => 'tools_page_wp-reset',
  'plugin_file' => '/home2/vedannqu/admin.leafngo.org/wp-content/plugins/wp-reset/wp-reset.php',
  'js_folder' => 'https://admin.leafngo.org/wp-content/plugins/wp-reset//js/',
  'api_ver' => 'v1/',
  'valid_forever' => '2035-01-01',
  'unlimited_installs' => 99999,
  'debug' => true,
  'filesystem_initialized' => false,
)

[Sun, 20 Jul 2025 10:29:58 +0000] wpr: __construct
array (
  'prefix' => 'wpr',
  'licensing_servers' => 
  array (
    0 => 'https://dashboard.wpreset.com/api/',
  ),
  'version' => '2.04',
  'plugin_file' => '/home2/vedannqu/admin.leafngo.org/wp-content/plugins/wp-reset/wp-reset.php',
  'plugin_page' => 'tools_page_wp-reset',
  'skip_hooks' => false,
  'debug' => true,
  'js_folder' => 'https://admin.leafngo.org/wp-content/plugins/wp-reset//js/',
)
array (
  'prefix' => 'wpr',
  'licensing_servers' => 
  array (
    0 => 'https://dashboard.wpreset.com/api/',
  ),
  'version' => '2.04',
  'slug' => 'wp-reset',
  'basename' => 'wp-reset/wp-reset.php',
  'plugin_page' => 'tools_page_wp-reset',
  'plugin_file' => '/home2/vedannqu/admin.leafngo.org/wp-content/plugins/wp-reset/wp-reset.php',
  'js_folder' => 'https://admin.leafngo.org/wp-content/plugins/wp-reset//js/',
  'api_ver' => 'v1/',
  'valid_forever' => '2035-01-01',
  'unlimited_installs' => 99999,
  'debug' => true,
  'filesystem_initialized' => false,
)

[Sun, 20 Jul 2025 10:30:00 +0000] wpr: __construct
array (
  'prefix' => 'wpr',
  'licensing_servers' => 
  array (
    0 => 'https://dashboard.wpreset.com/api/',
  ),
  'version' => '2.04',
  'plugin_file' => '/home2/vedannqu/admin.leafngo.org/wp-content/plugins/wp-reset/wp-reset.php',
  'plugin_page' => 'tools_page_wp-reset',
  'skip_hooks' => false,
  'debug' => true,
  'js_folder' => 'https://admin.leafngo.org/wp-content/plugins/wp-reset//js/',
)
array (
  'prefix' => 'wpr',
  'licensing_servers' => 
  array (
    0 => 'https://dashboard.wpreset.com/api/',
  ),
  'version' => '2.04',
  'slug' => 'wp-reset',
  'basename' => 'wp-reset/wp-reset.php',
  'plugin_page' => 'tools_page_wp-reset',
  'plugin_file' => '/home2/vedannqu/admin.leafngo.org/wp-content/plugins/wp-reset/wp-reset.php',
  'js_folder' => 'https://admin.leafngo.org/wp-content/plugins/wp-reset//js/',
  'api_ver' => 'v1/',
  'valid_forever' => '2035-01-01',
  'unlimited_installs' => 99999,
  'debug' => true,
  'filesystem_initialized' => false,
)

[Sun, 20 Jul 2025 10:30:13 +0000] wpr: __construct
array (
  'prefix' => 'wpr',
  'licensing_servers' => 
  array (
    0 => 'https://dashboard.wpreset.com/api/',
  ),
  'version' => '2.04',
  'plugin_file' => '/home2/vedannqu/admin.leafngo.org/wp-content/plugins/wp-reset/wp-reset.php',
  'plugin_page' => 'tools_page_wp-reset',
  'skip_hooks' => false,
  'debug' => true,
  'js_folder' => 'https://admin.leafngo.org/wp-content/plugins/wp-reset//js/',
)
array (
  'prefix' => 'wpr',
  'licensing_servers' => 
  array (
    0 => 'https://dashboard.wpreset.com/api/',
  ),
  'version' => '2.04',
  'slug' => 'wp-reset',
  'basename' => 'wp-reset/wp-reset.php',
  'plugin_page' => 'tools_page_wp-reset',
  'plugin_file' => '/home2/vedannqu/admin.leafngo.org/wp-content/plugins/wp-reset/wp-reset.php',
  'js_folder' => 'https://admin.leafngo.org/wp-content/plugins/wp-reset//js/',
  'api_ver' => 'v1/',
  'valid_forever' => '2035-01-01',
  'unlimited_installs' => 99999,
  'debug' => true,
  'filesystem_initialized' => false,
)

[Sun, 20 Jul 2025 10:30:16 +0000] wpr: __construct
array (
  'prefix' => 'wpr',
  'licensing_servers' => 
  array (
    0 => 'https://dashboard.wpreset.com/api/',
  ),
  'version' => '2.04',
  'plugin_file' => '/home2/vedannqu/admin.leafngo.org/wp-content/plugins/wp-reset/wp-reset.php',
  'plugin_page' => 'tools_page_wp-reset',
  'skip_hooks' => false,
  'debug' => true,
  'js_folder' => 'https://admin.leafngo.org/wp-content/plugins/wp-reset//js/',
)
array (
  'prefix' => 'wpr',
  'licensing_servers' => 
  array (
    0 => 'https://dashboard.wpreset.com/api/',
  ),
  'version' => '2.04',
  'slug' => 'wp-reset',
  'basename' => 'wp-reset/wp-reset.php',
  'plugin_page' => 'tools_page_wp-reset',
  'plugin_file' => '/home2/vedannqu/admin.leafngo.org/wp-content/plugins/wp-reset/wp-reset.php',
  'js_folder' => 'https://admin.leafngo.org/wp-content/plugins/wp-reset//js/',
  'api_ver' => 'v1/',
  'valid_forever' => '2035-01-01',
  'unlimited_installs' => 99999,
  'debug' => true,
  'filesystem_initialized' => false,
)

[Sun, 20 Jul 2025 10:30:16 +0000] wpr: __construct
array (
  'prefix' => 'wpr',
  'licensing_servers' => 
  array (
    0 => 'https://dashboard.wpreset.com/api/',
  ),
  'version' => '2.04',
  'plugin_file' => '/home2/vedannqu/admin.leafngo.org/wp-content/plugins/wp-reset/wp-reset.php',
  'plugin_page' => 'tools_page_wp-reset',
  'skip_hooks' => false,
  'debug' => true,
  'js_folder' => 'https://admin.leafngo.org/wp-content/plugins/wp-reset//js/',
)
array (
  'prefix' => 'wpr',
  'licensing_servers' => 
  array (
    0 => 'https://dashboard.wpreset.com/api/',
  ),
  'version' => '2.04',
  'slug' => 'wp-reset',
  'basename' => 'wp-reset/wp-reset.php',
  'plugin_page' => 'tools_page_wp-reset',
  'plugin_file' => '/home2/vedannqu/admin.leafngo.org/wp-content/plugins/wp-reset/wp-reset.php',
  'js_folder' => 'https://admin.leafngo.org/wp-content/plugins/wp-reset//js/',
  'api_ver' => 'v1/',
  'valid_forever' => '2035-01-01',
  'unlimited_installs' => 99999,
  'debug' => true,
  'filesystem_initialized' => false,
)

[Sun, 20 Jul 2025 10:30:28 +0000] wpr: __construct
array (
  'prefix' => 'wpr',
  'licensing_servers' => 
  array (
    0 => 'https://dashboard.wpreset.com/api/',
  ),
  'version' => '2.04',
  'plugin_file' => '/home2/vedannqu/admin.leafngo.org/wp-content/plugins/wp-reset/wp-reset.php',
  'plugin_page' => 'tools_page_wp-reset',
  'skip_hooks' => false,
  'debug' => true,
  'js_folder' => 'https://admin.leafngo.org/wp-content/plugins/wp-reset//js/',
)
array (
  'prefix' => 'wpr',
  'licensing_servers' => 
  array (
    0 => 'https://dashboard.wpreset.com/api/',
  ),
  'version' => '2.04',
  'slug' => 'wp-reset',
  'basename' => 'wp-reset/wp-reset.php',
  'plugin_page' => 'tools_page_wp-reset',
  'plugin_file' => '/home2/vedannqu/admin.leafngo.org/wp-content/plugins/wp-reset/wp-reset.php',
  'js_folder' => 'https://admin.leafngo.org/wp-content/plugins/wp-reset//js/',
  'api_ver' => 'v1/',
  'valid_forever' => '2035-01-01',
  'unlimited_installs' => 99999,
  'debug' => true,
  'filesystem_initialized' => false,
)

[Sun, 20 Jul 2025 10:30:31 +0000] wpr: __construct
array (
  'prefix' => 'wpr',
  'licensing_servers' => 
  array (
    0 => 'https://dashboard.wpreset.com/api/',
  ),
  'version' => '2.04',
  'plugin_file' => '/home2/vedannqu/admin.leafngo.org/wp-content/plugins/wp-reset/wp-reset.php',
  'plugin_page' => 'tools_page_wp-reset',
  'skip_hooks' => false,
  'debug' => true,
  'js_folder' => 'https://admin.leafngo.org/wp-content/plugins/wp-reset//js/',
)
array (
  'prefix' => 'wpr',
  'licensing_servers' => 
  array (
    0 => 'https://dashboard.wpreset.com/api/',
  ),
  'version' => '2.04',
  'slug' => 'wp-reset',
  'basename' => 'wp-reset/wp-reset.php',
  'plugin_page' => 'tools_page_wp-reset',
  'plugin_file' => '/home2/vedannqu/admin.leafngo.org/wp-content/plugins/wp-reset/wp-reset.php',
  'js_folder' => 'https://admin.leafngo.org/wp-content/plugins/wp-reset//js/',
  'api_ver' => 'v1/',
  'valid_forever' => '2035-01-01',
  'unlimited_installs' => 99999,
  'debug' => true,
  'filesystem_initialized' => false,
)

[Sun, 20 Jul 2025 10:30:31 +0000] wpr: __construct
array (
  'prefix' => 'wpr',
  'licensing_servers' => 
  array (
    0 => 'https://dashboard.wpreset.com/api/',
  ),
  'version' => '2.04',
  'plugin_file' => '/home2/vedannqu/admin.leafngo.org/wp-content/plugins/wp-reset/wp-reset.php',
  'plugin_page' => 'tools_page_wp-reset',
  'skip_hooks' => false,
  'debug' => true,
  'js_folder' => 'https://admin.leafngo.org/wp-content/plugins/wp-reset//js/',
)
array (
  'prefix' => 'wpr',
  'licensing_servers' => 
  array (
    0 => 'https://dashboard.wpreset.com/api/',
  ),
  'version' => '2.04',
  'slug' => 'wp-reset',
  'basename' => 'wp-reset/wp-reset.php',
  'plugin_page' => 'tools_page_wp-reset',
  'plugin_file' => '/home2/vedannqu/admin.leafngo.org/wp-content/plugins/wp-reset/wp-reset.php',
  'js_folder' => 'https://admin.leafngo.org/wp-content/plugins/wp-reset//js/',
  'api_ver' => 'v1/',
  'valid_forever' => '2035-01-01',
  'unlimited_installs' => 99999,
  'debug' => true,
  'filesystem_initialized' => false,
)

[Sun, 20 Jul 2025 10:30:44 +0000] wpr: __construct
array (
  'prefix' => 'wpr',
  'licensing_servers' => 
  array (
    0 => 'https://dashboard.wpreset.com/api/',
  ),
  'version' => '2.04',
  'plugin_file' => '/home2/vedannqu/admin.leafngo.org/wp-content/plugins/wp-reset/wp-reset.php',
  'plugin_page' => 'tools_page_wp-reset',
  'skip_hooks' => false,
  'debug' => true,
  'js_folder' => 'https://admin.leafngo.org/wp-content/plugins/wp-reset//js/',
)
array (
  'prefix' => 'wpr',
  'licensing_servers' => 
  array (
    0 => 'https://dashboard.wpreset.com/api/',
  ),
  'version' => '2.04',
  'slug' => 'wp-reset',
  'basename' => 'wp-reset/wp-reset.php',
  'plugin_page' => 'tools_page_wp-reset',
  'plugin_file' => '/home2/vedannqu/admin.leafngo.org/wp-content/plugins/wp-reset/wp-reset.php',
  'js_folder' => 'https://admin.leafngo.org/wp-content/plugins/wp-reset//js/',
  'api_ver' => 'v1/',
  'valid_forever' => '2035-01-01',
  'unlimited_installs' => 99999,
  'debug' => true,
  'filesystem_initialized' => false,
)

[Sun, 20 Jul 2025 10:30:47 +0000] wpr: __construct
array (
  'prefix' => 'wpr',
  'licensing_servers' => 
  array (
    0 => 'https://dashboard.wpreset.com/api/',
  ),
  'version' => '2.04',
  'plugin_file' => '/home2/vedannqu/admin.leafngo.org/wp-content/plugins/wp-reset/wp-reset.php',
  'plugin_page' => 'tools_page_wp-reset',
  'skip_hooks' => false,
  'debug' => true,
  'js_folder' => 'https://admin.leafngo.org/wp-content/plugins/wp-reset//js/',
)
array (
  'prefix' => 'wpr',
  'licensing_servers' => 
  array (
    0 => 'https://dashboard.wpreset.com/api/',
  ),
  'version' => '2.04',
  'slug' => 'wp-reset',
  'basename' => 'wp-reset/wp-reset.php',
  'plugin_page' => 'tools_page_wp-reset',
  'plugin_file' => '/home2/vedannqu/admin.leafngo.org/wp-content/plugins/wp-reset/wp-reset.php',
  'js_folder' => 'https://admin.leafngo.org/wp-content/plugins/wp-reset//js/',
  'api_ver' => 'v1/',
  'valid_forever' => '2035-01-01',
  'unlimited_installs' => 99999,
  'debug' => true,
  'filesystem_initialized' => false,
)

[Sun, 20 Jul 2025 10:30:58 +0000] wpr: __construct
array (
  'prefix' => 'wpr',
  'licensing_servers' => 
  array (
    0 => 'https://dashboard.wpreset.com/api/',
  ),
  'version' => '2.04',
  'plugin_file' => '/home2/vedannqu/admin.leafngo.org/wp-content/plugins/wp-reset/wp-reset.php',
  'plugin_page' => 'tools_page_wp-reset',
  'skip_hooks' => false,
  'debug' => true,
  'js_folder' => 'https://admin.leafngo.org/wp-content/plugins/wp-reset//js/',
)
array (
  'prefix' => 'wpr',
  'licensing_servers' => 
  array (
    0 => 'https://dashboard.wpreset.com/api/',
  ),
  'version' => '2.04',
  'slug' => 'wp-reset',
  'basename' => 'wp-reset/wp-reset.php',
  'plugin_page' => 'tools_page_wp-reset',
  'plugin_file' => '/home2/vedannqu/admin.leafngo.org/wp-content/plugins/wp-reset/wp-reset.php',
  'js_folder' => 'https://admin.leafngo.org/wp-content/plugins/wp-reset//js/',
  'api_ver' => 'v1/',
  'valid_forever' => '2035-01-01',
  'unlimited_installs' => 99999,
  'debug' => true,
  'filesystem_initialized' => false,
)

[Sun, 20 Jul 2025 10:31:08 +0000] wpr: __construct
array (
  'prefix' => 'wpr',
  'licensing_servers' => 
  array (
    0 => 'https://dashboard.wpreset.com/api/',
  ),
  'version' => '2.04',
  'plugin_file' => '/home2/vedannqu/admin.leafngo.org/wp-content/plugins/wp-reset/wp-reset.php',
  'plugin_page' => 'tools_page_wp-reset',
  'skip_hooks' => false,
  'debug' => true,
  'js_folder' => 'https://admin.leafngo.org/wp-content/plugins/wp-reset//js/',
)
array (
  'prefix' => 'wpr',
  'licensing_servers' => 
  array (
    0 => 'https://dashboard.wpreset.com/api/',
  ),
  'version' => '2.04',
  'slug' => 'wp-reset',
  'basename' => 'wp-reset/wp-reset.php',
  'plugin_page' => 'tools_page_wp-reset',
  'plugin_file' => '/home2/vedannqu/admin.leafngo.org/wp-content/plugins/wp-reset/wp-reset.php',
  'js_folder' => 'https://admin.leafngo.org/wp-content/plugins/wp-reset//js/',
  'api_ver' => 'v1/',
  'valid_forever' => '2035-01-01',
  'unlimited_installs' => 99999,
  'debug' => true,
  'filesystem_initialized' => false,
)

[Sun, 20 Jul 2025 10:31:08 +0000] wpr: __construct
array (
  'prefix' => 'wpr',
  'licensing_servers' => 
  array (
    0 => 'https://dashboard.wpreset.com/api/',
  ),
  'version' => '2.04',
  'plugin_file' => '/home2/vedannqu/admin.leafngo.org/wp-content/plugins/wp-reset/wp-reset.php',
  'plugin_page' => 'tools_page_wp-reset',
  'skip_hooks' => false,
  'debug' => true,
  'js_folder' => 'https://admin.leafngo.org/wp-content/plugins/wp-reset//js/',
)
array (
  'prefix' => 'wpr',
  'licensing_servers' => 
  array (
    0 => 'https://dashboard.wpreset.com/api/',
  ),
  'version' => '2.04',
  'slug' => 'wp-reset',
  'basename' => 'wp-reset/wp-reset.php',
  'plugin_page' => 'tools_page_wp-reset',
  'plugin_file' => '/home2/vedannqu/admin.leafngo.org/wp-content/plugins/wp-reset/wp-reset.php',
  'js_folder' => 'https://admin.leafngo.org/wp-content/plugins/wp-reset//js/',
  'api_ver' => 'v1/',
  'valid_forever' => '2035-01-01',
  'unlimited_installs' => 99999,
  'debug' => true,
  'filesystem_initialized' => false,
)

[Sun, 20 Jul 2025 10:31:14 +0000] wpr: __construct
array (
  'prefix' => 'wpr',
  'licensing_servers' => 
  array (
    0 => 'https://dashboard.wpreset.com/api/',
  ),
  'version' => '2.04',
  'plugin_file' => '/home2/vedannqu/admin.leafngo.org/wp-content/plugins/wp-reset/wp-reset.php',
  'plugin_page' => 'tools_page_wp-reset',
  'skip_hooks' => false,
  'debug' => true,
  'js_folder' => 'https://admin.leafngo.org/wp-content/plugins/wp-reset//js/',
)
array (
  'prefix' => 'wpr',
  'licensing_servers' => 
  array (
    0 => 'https://dashboard.wpreset.com/api/',
  ),
  'version' => '2.04',
  'slug' => 'wp-reset',
  'basename' => 'wp-reset/wp-reset.php',
  'plugin_page' => 'tools_page_wp-reset',
  'plugin_file' => '/home2/vedannqu/admin.leafngo.org/wp-content/plugins/wp-reset/wp-reset.php',
  'js_folder' => 'https://admin.leafngo.org/wp-content/plugins/wp-reset//js/',
  'api_ver' => 'v1/',
  'valid_forever' => '2035-01-01',
  'unlimited_installs' => 99999,
  'debug' => true,
  'filesystem_initialized' => false,
)

[Sun, 20 Jul 2025 10:31:15 +0000] wpr: __construct
array (
  'prefix' => 'wpr',
  'licensing_servers' => 
  array (
    0 => 'https://dashboard.wpreset.com/api/',
  ),
  'version' => '2.04',
  'plugin_file' => '/home2/vedannqu/admin.leafngo.org/wp-content/plugins/wp-reset/wp-reset.php',
  'plugin_page' => 'tools_page_wp-reset',
  'skip_hooks' => false,
  'debug' => true,
  'js_folder' => 'https://admin.leafngo.org/wp-content/plugins/wp-reset//js/',
)
array (
  'prefix' => 'wpr',
  'licensing_servers' => 
  array (
    0 => 'https://dashboard.wpreset.com/api/',
  ),
  'version' => '2.04',
  'slug' => 'wp-reset',
  'basename' => 'wp-reset/wp-reset.php',
  'plugin_page' => 'tools_page_wp-reset',
  'plugin_file' => '/home2/vedannqu/admin.leafngo.org/wp-content/plugins/wp-reset/wp-reset.php',
  'js_folder' => 'https://admin.leafngo.org/wp-content/plugins/wp-reset//js/',
  'api_ver' => 'v1/',
  'valid_forever' => '2035-01-01',
  'unlimited_installs' => 99999,
  'debug' => true,
  'filesystem_initialized' => false,
)

[Sun, 20 Jul 2025 10:31:20 +0000] wpr: __construct
array (
  'prefix' => 'wpr',
  'licensing_servers' => 
  array (
    0 => 'https://dashboard.wpreset.com/api/',
  ),
  'version' => '2.04',
  'plugin_file' => '/home2/vedannqu/admin.leafngo.org/wp-content/plugins/wp-reset/wp-reset.php',
  'plugin_page' => 'tools_page_wp-reset',
  'skip_hooks' => false,
  'debug' => true,
  'js_folder' => 'https://admin.leafngo.org/wp-content/plugins/wp-reset//js/',
)
array (
  'prefix' => 'wpr',
  'licensing_servers' => 
  array (
    0 => 'https://dashboard.wpreset.com/api/',
  ),
  'version' => '2.04',
  'slug' => 'wp-reset',
  'basename' => 'wp-reset/wp-reset.php',
  'plugin_page' => 'tools_page_wp-reset',
  'plugin_file' => '/home2/vedannqu/admin.leafngo.org/wp-content/plugins/wp-reset/wp-reset.php',
  'js_folder' => 'https://admin.leafngo.org/wp-content/plugins/wp-reset//js/',
  'api_ver' => 'v1/',
  'valid_forever' => '2035-01-01',
  'unlimited_installs' => 99999,
  'debug' => true,
  'filesystem_initialized' => false,
)

[Sun, 20 Jul 2025 10:31:31 +0000] wpr: __construct
array (
  'prefix' => 'wpr',
  'licensing_servers' => 
  array (
    0 => 'https://dashboard.wpreset.com/api/',
  ),
  'version' => '2.04',
  'plugin_file' => '/home2/vedannqu/admin.leafngo.org/wp-content/plugins/wp-reset/wp-reset.php',
  'plugin_page' => 'tools_page_wp-reset',
  'skip_hooks' => false,
  'debug' => true,
  'js_folder' => 'https://admin.leafngo.org/wp-content/plugins/wp-reset//js/',
)
array (
  'prefix' => 'wpr',
  'licensing_servers' => 
  array (
    0 => 'https://dashboard.wpreset.com/api/',
  ),
  'version' => '2.04',
  'slug' => 'wp-reset',
  'basename' => 'wp-reset/wp-reset.php',
  'plugin_page' => 'tools_page_wp-reset',
  'plugin_file' => '/home2/vedannqu/admin.leafngo.org/wp-content/plugins/wp-reset/wp-reset.php',
  'js_folder' => 'https://admin.leafngo.org/wp-content/plugins/wp-reset//js/',
  'api_ver' => 'v1/',
  'valid_forever' => '2035-01-01',
  'unlimited_installs' => 99999,
  'debug' => true,
  'filesystem_initialized' => false,
)

[Sun, 20 Jul 2025 10:31:47 +0000] wpr: __construct
array (
  'prefix' => 'wpr',
  'licensing_servers' => 
  array (
    0 => 'https://dashboard.wpreset.com/api/',
  ),
  'version' => '2.04',
  'plugin_file' => '/home2/vedannqu/admin.leafngo.org/wp-content/plugins/wp-reset/wp-reset.php',
  'plugin_page' => 'tools_page_wp-reset',
  'skip_hooks' => false,
  'debug' => true,
  'js_folder' => 'https://admin.leafngo.org/wp-content/plugins/wp-reset//js/',
)
array (
  'prefix' => 'wpr',
  'licensing_servers' => 
  array (
    0 => 'https://dashboard.wpreset.com/api/',
  ),
  'version' => '2.04',
  'slug' => 'wp-reset',
  'basename' => 'wp-reset/wp-reset.php',
  'plugin_page' => 'tools_page_wp-reset',
  'plugin_file' => '/home2/vedannqu/admin.leafngo.org/wp-content/plugins/wp-reset/wp-reset.php',
  'js_folder' => 'https://admin.leafngo.org/wp-content/plugins/wp-reset//js/',
  'api_ver' => 'v1/',
  'valid_forever' => '2035-01-01',
  'unlimited_installs' => 99999,
  'debug' => true,
  'filesystem_initialized' => false,
)

[Sun, 20 Jul 2025 10:32:00 +0000] wpr: __construct
array (
  'prefix' => 'wpr',
  'licensing_servers' => 
  array (
    0 => 'https://dashboard.wpreset.com/api/',
  ),
  'version' => '2.04',
  'plugin_file' => '/home2/vedannqu/admin.leafngo.org/wp-content/plugins/wp-reset/wp-reset.php',
  'plugin_page' => 'tools_page_wp-reset',
  'skip_hooks' => false,
  'debug' => true,
  'js_folder' => 'https://admin.leafngo.org/wp-content/plugins/wp-reset//js/',
)
array (
  'prefix' => 'wpr',
  'licensing_servers' => 
  array (
    0 => 'https://dashboard.wpreset.com/api/',
  ),
  'version' => '2.04',
  'slug' => 'wp-reset',
  'basename' => 'wp-reset/wp-reset.php',
  'plugin_page' => 'tools_page_wp-reset',
  'plugin_file' => '/home2/vedannqu/admin.leafngo.org/wp-content/plugins/wp-reset/wp-reset.php',
  'js_folder' => 'https://admin.leafngo.org/wp-content/plugins/wp-reset//js/',
  'api_ver' => 'v1/',
  'valid_forever' => '2035-01-01',
  'unlimited_installs' => 99999,
  'debug' => true,
  'filesystem_initialized' => false,
)

[Sun, 20 Jul 2025 10:32:01 +0000] wpr: __construct
array (
  'prefix' => 'wpr',
  'licensing_servers' => 
  array (
    0 => 'https://dashboard.wpreset.com/api/',
  ),
  'version' => '2.04',
  'plugin_file' => '/home2/vedannqu/admin.leafngo.org/wp-content/plugins/wp-reset/wp-reset.php',
  'plugin_page' => 'tools_page_wp-reset',
  'skip_hooks' => false,
  'debug' => true,
  'js_folder' => 'https://admin.leafngo.org/wp-content/plugins/wp-reset//js/',
)
array (
  'prefix' => 'wpr',
  'licensing_servers' => 
  array (
    0 => 'https://dashboard.wpreset.com/api/',
  ),
  'version' => '2.04',
  'slug' => 'wp-reset',
  'basename' => 'wp-reset/wp-reset.php',
  'plugin_page' => 'tools_page_wp-reset',
  'plugin_file' => '/home2/vedannqu/admin.leafngo.org/wp-content/plugins/wp-reset/wp-reset.php',
  'js_folder' => 'https://admin.leafngo.org/wp-content/plugins/wp-reset//js/',
  'api_ver' => 'v1/',
  'valid_forever' => '2035-01-01',
  'unlimited_installs' => 99999,
  'debug' => true,
  'filesystem_initialized' => false,
)

[Sun, 20 Jul 2025 10:32:16 +0000] wpr: __construct
array (
  'prefix' => 'wpr',
  'licensing_servers' => 
  array (
    0 => 'https://dashboard.wpreset.com/api/',
  ),
  'version' => '2.04',
  'plugin_file' => '/home2/vedannqu/admin.leafngo.org/wp-content/plugins/wp-reset/wp-reset.php',
  'plugin_page' => 'tools_page_wp-reset',
  'skip_hooks' => false,
  'debug' => true,
  'js_folder' => 'https://admin.leafngo.org/wp-content/plugins/wp-reset//js/',
)
array (
  'prefix' => 'wpr',
  'licensing_servers' => 
  array (
    0 => 'https://dashboard.wpreset.com/api/',
  ),
  'version' => '2.04',
  'slug' => 'wp-reset',
  'basename' => 'wp-reset/wp-reset.php',
  'plugin_page' => 'tools_page_wp-reset',
  'plugin_file' => '/home2/vedannqu/admin.leafngo.org/wp-content/plugins/wp-reset/wp-reset.php',
  'js_folder' => 'https://admin.leafngo.org/wp-content/plugins/wp-reset//js/',
  'api_ver' => 'v1/',
  'valid_forever' => '2035-01-01',
  'unlimited_installs' => 99999,
  'debug' => true,
  'filesystem_initialized' => false,
)

[Sun, 20 Jul 2025 10:32:32 +0000] wpr: __construct
array (
  'prefix' => 'wpr',
  'licensing_servers' => 
  array (
    0 => 'https://dashboard.wpreset.com/api/',
  ),
  'version' => '2.04',
  'plugin_file' => '/home2/vedannqu/admin.leafngo.org/wp-content/plugins/wp-reset/wp-reset.php',
  'plugin_page' => 'tools_page_wp-reset',
  'skip_hooks' => false,
  'debug' => true,
  'js_folder' => 'https://admin.leafngo.org/wp-content/plugins/wp-reset//js/',
)
array (
  'prefix' => 'wpr',
  'licensing_servers' => 
  array (
    0 => 'https://dashboard.wpreset.com/api/',
  ),
  'version' => '2.04',
  'slug' => 'wp-reset',
  'basename' => 'wp-reset/wp-reset.php',
  'plugin_page' => 'tools_page_wp-reset',
  'plugin_file' => '/home2/vedannqu/admin.leafngo.org/wp-content/plugins/wp-reset/wp-reset.php',
  'js_folder' => 'https://admin.leafngo.org/wp-content/plugins/wp-reset//js/',
  'api_ver' => 'v1/',
  'valid_forever' => '2035-01-01',
  'unlimited_installs' => 99999,
  'debug' => true,
  'filesystem_initialized' => false,
)

[Sun, 20 Jul 2025 10:32:46 +0000] wpr: __construct
array (
  'prefix' => 'wpr',
  'licensing_servers' => 
  array (
    0 => 'https://dashboard.wpreset.com/api/',
  ),
  'version' => '2.04',
  'plugin_file' => '/home2/vedannqu/admin.leafngo.org/wp-content/plugins/wp-reset/wp-reset.php',
  'plugin_page' => 'tools_page_wp-reset',
  'skip_hooks' => false,
  'debug' => true,
  'js_folder' => 'https://admin.leafngo.org/wp-content/plugins/wp-reset//js/',
)
array (
  'prefix' => 'wpr',
  'licensing_servers' => 
  array (
    0 => 'https://dashboard.wpreset.com/api/',
  ),
  'version' => '2.04',
  'slug' => 'wp-reset',
  'basename' => 'wp-reset/wp-reset.php',
  'plugin_page' => 'tools_page_wp-reset',
  'plugin_file' => '/home2/vedannqu/admin.leafngo.org/wp-content/plugins/wp-reset/wp-reset.php',
  'js_folder' => 'https://admin.leafngo.org/wp-content/plugins/wp-reset//js/',
  'api_ver' => 'v1/',
  'valid_forever' => '2035-01-01',
  'unlimited_installs' => 99999,
  'debug' => true,
  'filesystem_initialized' => false,
)

[Sun, 20 Jul 2025 10:33:02 +0000] wpr: __construct
array (
  'prefix' => 'wpr',
  'licensing_servers' => 
  array (
    0 => 'https://dashboard.wpreset.com/api/',
  ),
  'version' => '2.04',
  'plugin_file' => '/home2/vedannqu/admin.leafngo.org/wp-content/plugins/wp-reset/wp-reset.php',
  'plugin_page' => 'tools_page_wp-reset',
  'skip_hooks' => false,
  'debug' => true,
  'js_folder' => 'https://admin.leafngo.org/wp-content/plugins/wp-reset//js/',
)
array (
  'prefix' => 'wpr',
  'licensing_servers' => 
  array (
    0 => 'https://dashboard.wpreset.com/api/',
  ),
  'version' => '2.04',
  'slug' => 'wp-reset',
  'basename' => 'wp-reset/wp-reset.php',
  'plugin_page' => 'tools_page_wp-reset',
  'plugin_file' => '/home2/vedannqu/admin.leafngo.org/wp-content/plugins/wp-reset/wp-reset.php',
  'js_folder' => 'https://admin.leafngo.org/wp-content/plugins/wp-reset//js/',
  'api_ver' => 'v1/',
  'valid_forever' => '2035-01-01',
  'unlimited_installs' => 99999,
  'debug' => true,
  'filesystem_initialized' => false,
)

[Sun, 20 Jul 2025 10:33:08 +0000] wpr: __construct
array (
  'prefix' => 'wpr',
  'licensing_servers' => 
  array (
    0 => 'https://dashboard.wpreset.com/api/',
  ),
  'version' => '2.04',
  'plugin_file' => '/home2/vedannqu/admin.leafngo.org/wp-content/plugins/wp-reset/wp-reset.php',
  'plugin_page' => 'tools_page_wp-reset',
  'skip_hooks' => false,
  'debug' => true,
  'js_folder' => 'https://admin.leafngo.org/wp-content/plugins/wp-reset//js/',
)
array (
  'prefix' => 'wpr',
  'licensing_servers' => 
  array (
    0 => 'https://dashboard.wpreset.com/api/',
  ),
  'version' => '2.04',
  'slug' => 'wp-reset',
  'basename' => 'wp-reset/wp-reset.php',
  'plugin_page' => 'tools_page_wp-reset',
  'plugin_file' => '/home2/vedannqu/admin.leafngo.org/wp-content/plugins/wp-reset/wp-reset.php',
  'js_folder' => 'https://admin.leafngo.org/wp-content/plugins/wp-reset//js/',
  'api_ver' => 'v1/',
  'valid_forever' => '2035-01-01',
  'unlimited_installs' => 99999,
  'debug' => true,
  'filesystem_initialized' => false,
)

[Sun, 20 Jul 2025 10:33:16 +0000] wpr: __construct
array (
  'prefix' => 'wpr',
  'licensing_servers' => 
  array (
    0 => 'https://dashboard.wpreset.com/api/',
  ),
  'version' => '2.04',
  'plugin_file' => '/home2/vedannqu/admin.leafngo.org/wp-content/plugins/wp-reset/wp-reset.php',
  'plugin_page' => 'tools_page_wp-reset',
  'skip_hooks' => false,
  'debug' => true,
  'js_folder' => 'https://admin.leafngo.org/wp-content/plugins/wp-reset//js/',
)
array (
  'prefix' => 'wpr',
  'licensing_servers' => 
  array (
    0 => 'https://dashboard.wpreset.com/api/',
  ),
  'version' => '2.04',
  'slug' => 'wp-reset',
  'basename' => 'wp-reset/wp-reset.php',
  'plugin_page' => 'tools_page_wp-reset',
  'plugin_file' => '/home2/vedannqu/admin.leafngo.org/wp-content/plugins/wp-reset/wp-reset.php',
  'js_folder' => 'https://admin.leafngo.org/wp-content/plugins/wp-reset//js/',
  'api_ver' => 'v1/',
  'valid_forever' => '2035-01-01',
  'unlimited_installs' => 99999,
  'debug' => true,
  'filesystem_initialized' => false,
)

[Sun, 20 Jul 2025 10:33:32 +0000] wpr: __construct
array (
  'prefix' => 'wpr',
  'licensing_servers' => 
  array (
    0 => 'https://dashboard.wpreset.com/api/',
  ),
  'version' => '2.04',
  'plugin_file' => '/home2/vedannqu/admin.leafngo.org/wp-content/plugins/wp-reset/wp-reset.php',
  'plugin_page' => 'tools_page_wp-reset',
  'skip_hooks' => false,
  'debug' => true,
  'js_folder' => 'https://admin.leafngo.org/wp-content/plugins/wp-reset//js/',
)
array (
  'prefix' => 'wpr',
  'licensing_servers' => 
  array (
    0 => 'https://dashboard.wpreset.com/api/',
  ),
  'version' => '2.04',
  'slug' => 'wp-reset',
  'basename' => 'wp-reset/wp-reset.php',
  'plugin_page' => 'tools_page_wp-reset',
  'plugin_file' => '/home2/vedannqu/admin.leafngo.org/wp-content/plugins/wp-reset/wp-reset.php',
  'js_folder' => 'https://admin.leafngo.org/wp-content/plugins/wp-reset//js/',
  'api_ver' => 'v1/',
  'valid_forever' => '2035-01-01',
  'unlimited_installs' => 99999,
  'debug' => true,
  'filesystem_initialized' => false,
)

[Sun, 20 Jul 2025 10:33:46 +0000] wpr: __construct
array (
  'prefix' => 'wpr',
  'licensing_servers' => 
  array (
    0 => 'https://dashboard.wpreset.com/api/',
  ),
  'version' => '2.04',
  'plugin_file' => '/home2/vedannqu/admin.leafngo.org/wp-content/plugins/wp-reset/wp-reset.php',
  'plugin_page' => 'tools_page_wp-reset',
  'skip_hooks' => false,
  'debug' => true,
  'js_folder' => 'https://admin.leafngo.org/wp-content/plugins/wp-reset//js/',
)
array (
  'prefix' => 'wpr',
  'licensing_servers' => 
  array (
    0 => 'https://dashboard.wpreset.com/api/',
  ),
  'version' => '2.04',
  'slug' => 'wp-reset',
  'basename' => 'wp-reset/wp-reset.php',
  'plugin_page' => 'tools_page_wp-reset',
  'plugin_file' => '/home2/vedannqu/admin.leafngo.org/wp-content/plugins/wp-reset/wp-reset.php',
  'js_folder' => 'https://admin.leafngo.org/wp-content/plugins/wp-reset//js/',
  'api_ver' => 'v1/',
  'valid_forever' => '2035-01-01',
  'unlimited_installs' => 99999,
  'debug' => true,
  'filesystem_initialized' => false,
)

[Sun, 20 Jul 2025 10:33:55 +0000] wpr: __construct
array (
  'prefix' => 'wpr',
  'licensing_servers' => 
  array (
    0 => 'https://dashboard.wpreset.com/api/',
  ),
  'version' => '2.04',
  'plugin_file' => '/home2/vedannqu/admin.leafngo.org/wp-content/plugins/wp-reset/wp-reset.php',
  'plugin_page' => 'tools_page_wp-reset',
  'skip_hooks' => false,
  'debug' => true,
  'js_folder' => 'https://admin.leafngo.org/wp-content/plugins/wp-reset//js/',
)
array (
  'prefix' => 'wpr',
  'licensing_servers' => 
  array (
    0 => 'https://dashboard.wpreset.com/api/',
  ),
  'version' => '2.04',
  'slug' => 'wp-reset',
  'basename' => 'wp-reset/wp-reset.php',
  'plugin_page' => 'tools_page_wp-reset',
  'plugin_file' => '/home2/vedannqu/admin.leafngo.org/wp-content/plugins/wp-reset/wp-reset.php',
  'js_folder' => 'https://admin.leafngo.org/wp-content/plugins/wp-reset//js/',
  'api_ver' => 'v1/',
  'valid_forever' => '2035-01-01',
  'unlimited_installs' => 99999,
  'debug' => true,
  'filesystem_initialized' => false,
)

[Sun, 20 Jul 2025 10:33:57 +0000] wpr: __construct
array (
  'prefix' => 'wpr',
  'licensing_servers' => 
  array (
    0 => 'https://dashboard.wpreset.com/api/',
  ),
  'version' => '2.04',
  'plugin_file' => '/home2/vedannqu/admin.leafngo.org/wp-content/plugins/wp-reset/wp-reset.php',
  'plugin_page' => 'tools_page_wp-reset',
  'skip_hooks' => false,
  'debug' => true,
  'js_folder' => 'https://admin.leafngo.org/wp-content/plugins/wp-reset//js/',
)
array (
  'prefix' => 'wpr',
  'licensing_servers' => 
  array (
    0 => 'https://dashboard.wpreset.com/api/',
  ),
  'version' => '2.04',
  'slug' => 'wp-reset',
  'basename' => 'wp-reset/wp-reset.php',
  'plugin_page' => 'tools_page_wp-reset',
  'plugin_file' => '/home2/vedannqu/admin.leafngo.org/wp-content/plugins/wp-reset/wp-reset.php',
  'js_folder' => 'https://admin.leafngo.org/wp-content/plugins/wp-reset//js/',
  'api_ver' => 'v1/',
  'valid_forever' => '2035-01-01',
  'unlimited_installs' => 99999,
  'debug' => true,
  'filesystem_initialized' => false,
)

[Sun, 20 Jul 2025 10:34:01 +0000] wpr: __construct
array (
  'prefix' => 'wpr',
  'licensing_servers' => 
  array (
    0 => 'https://dashboard.wpreset.com/api/',
  ),
  'version' => '2.04',
  'plugin_file' => '/home2/vedannqu/admin.leafngo.org/wp-content/plugins/wp-reset/wp-reset.php',
  'plugin_page' => 'tools_page_wp-reset',
  'skip_hooks' => false,
  'debug' => true,
  'js_folder' => 'https://admin.leafngo.org/wp-content/plugins/wp-reset//js/',
)
array (
  'prefix' => 'wpr',
  'licensing_servers' => 
  array (
    0 => 'https://dashboard.wpreset.com/api/',
  ),
  'version' => '2.04',
  'slug' => 'wp-reset',
  'basename' => 'wp-reset/wp-reset.php',
  'plugin_page' => 'tools_page_wp-reset',
  'plugin_file' => '/home2/vedannqu/admin.leafngo.org/wp-content/plugins/wp-reset/wp-reset.php',
  'js_folder' => 'https://admin.leafngo.org/wp-content/plugins/wp-reset//js/',
  'api_ver' => 'v1/',
  'valid_forever' => '2035-01-01',
  'unlimited_installs' => 99999,
  'debug' => true,
  'filesystem_initialized' => false,
)

[Sun, 20 Jul 2025 10:34:16 +0000] wpr: __construct
array (
  'prefix' => 'wpr',
  'licensing_servers' => 
  array (
    0 => 'https://dashboard.wpreset.com/api/',
  ),
  'version' => '2.04',
  'plugin_file' => '/home2/vedannqu/admin.leafngo.org/wp-content/plugins/wp-reset/wp-reset.php',
  'plugin_page' => 'tools_page_wp-reset',
  'skip_hooks' => false,
  'debug' => true,
  'js_folder' => 'https://admin.leafngo.org/wp-content/plugins/wp-reset//js/',
)
array (
  'prefix' => 'wpr',
  'licensing_servers' => 
  array (
    0 => 'https://dashboard.wpreset.com/api/',
  ),
  'version' => '2.04',
  'slug' => 'wp-reset',
  'basename' => 'wp-reset/wp-reset.php',
  'plugin_page' => 'tools_page_wp-reset',
  'plugin_file' => '/home2/vedannqu/admin.leafngo.org/wp-content/plugins/wp-reset/wp-reset.php',
  'js_folder' => 'https://admin.leafngo.org/wp-content/plugins/wp-reset//js/',
  'api_ver' => 'v1/',
  'valid_forever' => '2035-01-01',
  'unlimited_installs' => 99999,
  'debug' => true,
  'filesystem_initialized' => false,
)

[Sun, 20 Jul 2025 10:34:32 +0000] wpr: __construct
array (
  'prefix' => 'wpr',
  'licensing_servers' => 
  array (
    0 => 'https://dashboard.wpreset.com/api/',
  ),
  'version' => '2.04',
  'plugin_file' => '/home2/vedannqu/admin.leafngo.org/wp-content/plugins/wp-reset/wp-reset.php',
  'plugin_page' => 'tools_page_wp-reset',
  'skip_hooks' => false,
  'debug' => true,
  'js_folder' => 'https://admin.leafngo.org/wp-content/plugins/wp-reset//js/',
)
array (
  'prefix' => 'wpr',
  'licensing_servers' => 
  array (
    0 => 'https://dashboard.wpreset.com/api/',
  ),
  'version' => '2.04',
  'slug' => 'wp-reset',
  'basename' => 'wp-reset/wp-reset.php',
  'plugin_page' => 'tools_page_wp-reset',
  'plugin_file' => '/home2/vedannqu/admin.leafngo.org/wp-content/plugins/wp-reset/wp-reset.php',
  'js_folder' => 'https://admin.leafngo.org/wp-content/plugins/wp-reset//js/',
  'api_ver' => 'v1/',
  'valid_forever' => '2035-01-01',
  'unlimited_installs' => 99999,
  'debug' => true,
  'filesystem_initialized' => false,
)

[Sun, 20 Jul 2025 10:34:46 +0000] wpr: __construct
array (
  'prefix' => 'wpr',
  'licensing_servers' => 
  array (
    0 => 'https://dashboard.wpreset.com/api/',
  ),
  'version' => '2.04',
  'plugin_file' => '/home2/vedannqu/admin.leafngo.org/wp-content/plugins/wp-reset/wp-reset.php',
  'plugin_page' => 'tools_page_wp-reset',
  'skip_hooks' => false,
  'debug' => true,
  'js_folder' => 'https://admin.leafngo.org/wp-content/plugins/wp-reset//js/',
)
array (
  'prefix' => 'wpr',
  'licensing_servers' => 
  array (
    0 => 'https://dashboard.wpreset.com/api/',
  ),
  'version' => '2.04',
  'slug' => 'wp-reset',
  'basename' => 'wp-reset/wp-reset.php',
  'plugin_page' => 'tools_page_wp-reset',
  'plugin_file' => '/home2/vedannqu/admin.leafngo.org/wp-content/plugins/wp-reset/wp-reset.php',
  'js_folder' => 'https://admin.leafngo.org/wp-content/plugins/wp-reset//js/',
  'api_ver' => 'v1/',
  'valid_forever' => '2035-01-01',
  'unlimited_installs' => 99999,
  'debug' => true,
  'filesystem_initialized' => false,
)

[Sun, 20 Jul 2025 10:34:48 +0000] wpr: __construct
array (
  'prefix' => 'wpr',
  'licensing_servers' => 
  array (
    0 => 'https://dashboard.wpreset.com/api/',
  ),
  'version' => '2.04',
  'plugin_file' => '/home2/vedannqu/admin.leafngo.org/wp-content/plugins/wp-reset/wp-reset.php',
  'plugin_page' => 'tools_page_wp-reset',
  'skip_hooks' => false,
  'debug' => true,
  'js_folder' => 'https://admin.leafngo.org/wp-content/plugins/wp-reset//js/',
)
array (
  'prefix' => 'wpr',
  'licensing_servers' => 
  array (
    0 => 'https://dashboard.wpreset.com/api/',
  ),
  'version' => '2.04',
  'slug' => 'wp-reset',
  'basename' => 'wp-reset/wp-reset.php',
  'plugin_page' => 'tools_page_wp-reset',
  'plugin_file' => '/home2/vedannqu/admin.leafngo.org/wp-content/plugins/wp-reset/wp-reset.php',
  'js_folder' => 'https://admin.leafngo.org/wp-content/plugins/wp-reset//js/',
  'api_ver' => 'v1/',
  'valid_forever' => '2035-01-01',
  'unlimited_installs' => 99999,
  'debug' => true,
  'filesystem_initialized' => false,
)

[Sun, 20 Jul 2025 10:35:02 +0000] wpr: __construct
array (
  'prefix' => 'wpr',
  'licensing_servers' => 
  array (
    0 => 'https://dashboard.wpreset.com/api/',
  ),
  'version' => '2.04',
  'plugin_file' => '/home2/vedannqu/admin.leafngo.org/wp-content/plugins/wp-reset/wp-reset.php',
  'plugin_page' => 'tools_page_wp-reset',
  'skip_hooks' => false,
  'debug' => true,
  'js_folder' => 'https://admin.leafngo.org/wp-content/plugins/wp-reset//js/',
)
array (
  'prefix' => 'wpr',
  'licensing_servers' => 
  array (
    0 => 'https://dashboard.wpreset.com/api/',
  ),
  'version' => '2.04',
  'slug' => 'wp-reset',
  'basename' => 'wp-reset/wp-reset.php',
  'plugin_page' => 'tools_page_wp-reset',
  'plugin_file' => '/home2/vedannqu/admin.leafngo.org/wp-content/plugins/wp-reset/wp-reset.php',
  'js_folder' => 'https://admin.leafngo.org/wp-content/plugins/wp-reset//js/',
  'api_ver' => 'v1/',
  'valid_forever' => '2035-01-01',
  'unlimited_installs' => 99999,
  'debug' => true,
  'filesystem_initialized' => false,
)

[Sun, 20 Jul 2025 10:35:09 +0000] wpr: __construct
array (
  'prefix' => 'wpr',
  'licensing_servers' => 
  array (
    0 => 'https://dashboard.wpreset.com/api/',
  ),
  'version' => '2.04',
  'plugin_file' => '/home2/vedannqu/admin.leafngo.org/wp-content/plugins/wp-reset/wp-reset.php',
  'plugin_page' => 'tools_page_wp-reset',
  'skip_hooks' => false,
  'debug' => true,
  'js_folder' => 'https://admin.leafngo.org/wp-content/plugins/wp-reset//js/',
)
array (
  'prefix' => 'wpr',
  'licensing_servers' => 
  array (
    0 => 'https://dashboard.wpreset.com/api/',
  ),
  'version' => '2.04',
  'slug' => 'wp-reset',
  'basename' => 'wp-reset/wp-reset.php',
  'plugin_page' => 'tools_page_wp-reset',
  'plugin_file' => '/home2/vedannqu/admin.leafngo.org/wp-content/plugins/wp-reset/wp-reset.php',
  'js_folder' => 'https://admin.leafngo.org/wp-content/plugins/wp-reset//js/',
  'api_ver' => 'v1/',
  'valid_forever' => '2035-01-01',
  'unlimited_installs' => 99999,
  'debug' => true,
  'filesystem_initialized' => false,
)

[Sun, 20 Jul 2025 10:35:17 +0000] wpr: __construct
array (
  'prefix' => 'wpr',
  'licensing_servers' => 
  array (
    0 => 'https://dashboard.wpreset.com/api/',
  ),
  'version' => '2.04',
  'plugin_file' => '/home2/vedannqu/admin.leafngo.org/wp-content/plugins/wp-reset/wp-reset.php',
  'plugin_page' => 'tools_page_wp-reset',
  'skip_hooks' => false,
  'debug' => true,
  'js_folder' => 'https://admin.leafngo.org/wp-content/plugins/wp-reset//js/',
)
array (
  'prefix' => 'wpr',
  'licensing_servers' => 
  array (
    0 => 'https://dashboard.wpreset.com/api/',
  ),
  'version' => '2.04',
  'slug' => 'wp-reset',
  'basename' => 'wp-reset/wp-reset.php',
  'plugin_page' => 'tools_page_wp-reset',
  'plugin_file' => '/home2/vedannqu/admin.leafngo.org/wp-content/plugins/wp-reset/wp-reset.php',
  'js_folder' => 'https://admin.leafngo.org/wp-content/plugins/wp-reset//js/',
  'api_ver' => 'v1/',
  'valid_forever' => '2035-01-01',
  'unlimited_installs' => 99999,
  'debug' => true,
  'filesystem_initialized' => false,
)

[Sun, 20 Jul 2025 10:35:23 +0000] wpr: __construct
array (
  'prefix' => 'wpr',
  'licensing_servers' => 
  array (
    0 => 'https://dashboard.wpreset.com/api/',
  ),
  'version' => '2.04',
  'plugin_file' => '/home2/vedannqu/admin.leafngo.org/wp-content/plugins/wp-reset/wp-reset.php',
  'plugin_page' => 'tools_page_wp-reset',
  'skip_hooks' => false,
  'debug' => true,
  'js_folder' => 'https://admin.leafngo.org/wp-content/plugins/wp-reset//js/',
)
array (
  'prefix' => 'wpr',
  'licensing_servers' => 
  array (
    0 => 'https://dashboard.wpreset.com/api/',
  ),
  'version' => '2.04',
  'slug' => 'wp-reset',
  'basename' => 'wp-reset/wp-reset.php',
  'plugin_page' => 'tools_page_wp-reset',
  'plugin_file' => '/home2/vedannqu/admin.leafngo.org/wp-content/plugins/wp-reset/wp-reset.php',
  'js_folder' => 'https://admin.leafngo.org/wp-content/plugins/wp-reset//js/',
  'api_ver' => 'v1/',
  'valid_forever' => '2035-01-01',
  'unlimited_installs' => 99999,
  'debug' => true,
  'filesystem_initialized' => false,
)

[Sun, 20 Jul 2025 10:35:31 +0000] wpr: __construct
array (
  'prefix' => 'wpr',
  'licensing_servers' => 
  array (
    0 => 'https://dashboard.wpreset.com/api/',
  ),
  'version' => '2.04',
  'plugin_file' => '/home2/vedannqu/admin.leafngo.org/wp-content/plugins/wp-reset/wp-reset.php',
  'plugin_page' => 'tools_page_wp-reset',
  'skip_hooks' => false,
  'debug' => true,
  'js_folder' => 'https://admin.leafngo.org/wp-content/plugins/wp-reset//js/',
)
array (
  'prefix' => 'wpr',
  'licensing_servers' => 
  array (
    0 => 'https://dashboard.wpreset.com/api/',
  ),
  'version' => '2.04',
  'slug' => 'wp-reset',
  'basename' => 'wp-reset/wp-reset.php',
  'plugin_page' => 'tools_page_wp-reset',
  'plugin_file' => '/home2/vedannqu/admin.leafngo.org/wp-content/plugins/wp-reset/wp-reset.php',
  'js_folder' => 'https://admin.leafngo.org/wp-content/plugins/wp-reset//js/',
  'api_ver' => 'v1/',
  'valid_forever' => '2035-01-01',
  'unlimited_installs' => 99999,
  'debug' => true,
  'filesystem_initialized' => false,
)

[Sun, 20 Jul 2025 10:35:33 +0000] wpr: __construct
array (
  'prefix' => 'wpr',
  'licensing_servers' => 
  array (
    0 => 'https://dashboard.wpreset.com/api/',
  ),
  'version' => '2.04',
  'plugin_file' => '/home2/vedannqu/admin.leafngo.org/wp-content/plugins/wp-reset/wp-reset.php',
  'plugin_page' => 'tools_page_wp-reset',
  'skip_hooks' => false,
  'debug' => true,
  'js_folder' => 'https://admin.leafngo.org/wp-content/plugins/wp-reset//js/',
)
array (
  'prefix' => 'wpr',
  'licensing_servers' => 
  array (
    0 => 'https://dashboard.wpreset.com/api/',
  ),
  'version' => '2.04',
  'slug' => 'wp-reset',
  'basename' => 'wp-reset/wp-reset.php',
  'plugin_page' => 'tools_page_wp-reset',
  'plugin_file' => '/home2/vedannqu/admin.leafngo.org/wp-content/plugins/wp-reset/wp-reset.php',
  'js_folder' => 'https://admin.leafngo.org/wp-content/plugins/wp-reset//js/',
  'api_ver' => 'v1/',
  'valid_forever' => '2035-01-01',
  'unlimited_installs' => 99999,
  'debug' => true,
  'filesystem_initialized' => false,
)

[Sun, 20 Jul 2025 10:35:46 +0000] wpr: __construct
array (
  'prefix' => 'wpr',
  'licensing_servers' => 
  array (
    0 => 'https://dashboard.wpreset.com/api/',
  ),
  'version' => '2.04',
  'plugin_file' => '/home2/vedannqu/admin.leafngo.org/wp-content/plugins/wp-reset/wp-reset.php',
  'plugin_page' => 'tools_page_wp-reset',
  'skip_hooks' => false,
  'debug' => true,
  'js_folder' => 'https://admin.leafngo.org/wp-content/plugins/wp-reset//js/',
)
array (
  'prefix' => 'wpr',
  'licensing_servers' => 
  array (
    0 => 'https://dashboard.wpreset.com/api/',
  ),
  'version' => '2.04',
  'slug' => 'wp-reset',
  'basename' => 'wp-reset/wp-reset.php',
  'plugin_page' => 'tools_page_wp-reset',
  'plugin_file' => '/home2/vedannqu/admin.leafngo.org/wp-content/plugins/wp-reset/wp-reset.php',
  'js_folder' => 'https://admin.leafngo.org/wp-content/plugins/wp-reset//js/',
  'api_ver' => 'v1/',
  'valid_forever' => '2035-01-01',
  'unlimited_installs' => 99999,
  'debug' => true,
  'filesystem_initialized' => false,
)

[Sun, 20 Jul 2025 10:36:02 +0000] wpr: __construct
array (
  'prefix' => 'wpr',
  'licensing_servers' => 
  array (
    0 => 'https://dashboard.wpreset.com/api/',
  ),
  'version' => '2.04',
  'plugin_file' => '/home2/vedannqu/admin.leafngo.org/wp-content/plugins/wp-reset/wp-reset.php',
  'plugin_page' => 'tools_page_wp-reset',
  'skip_hooks' => false,
  'debug' => true,
  'js_folder' => 'https://admin.leafngo.org/wp-content/plugins/wp-reset//js/',
)
array (
  'prefix' => 'wpr',
  'licensing_servers' => 
  array (
    0 => 'https://dashboard.wpreset.com/api/',
  ),
  'version' => '2.04',
  'slug' => 'wp-reset',
  'basename' => 'wp-reset/wp-reset.php',
  'plugin_page' => 'tools_page_wp-reset',
  'plugin_file' => '/home2/vedannqu/admin.leafngo.org/wp-content/plugins/wp-reset/wp-reset.php',
  'js_folder' => 'https://admin.leafngo.org/wp-content/plugins/wp-reset//js/',
  'api_ver' => 'v1/',
  'valid_forever' => '2035-01-01',
  'unlimited_installs' => 99999,
  'debug' => true,
  'filesystem_initialized' => false,
)

[Sun, 20 Jul 2025 10:36:10 +0000] wpr: __construct
array (
  'prefix' => 'wpr',
  'licensing_servers' => 
  array (
    0 => 'https://dashboard.wpreset.com/api/',
  ),
  'version' => '2.04',
  'plugin_file' => '/home2/vedannqu/admin.leafngo.org/wp-content/plugins/wp-reset/wp-reset.php',
  'plugin_page' => 'tools_page_wp-reset',
  'skip_hooks' => false,
  'debug' => true,
  'js_folder' => 'https://admin.leafngo.org/wp-content/plugins/wp-reset//js/',
)
array (
  'prefix' => 'wpr',
  'licensing_servers' => 
  array (
    0 => 'https://dashboard.wpreset.com/api/',
  ),
  'version' => '2.04',
  'slug' => 'wp-reset',
  'basename' => 'wp-reset/wp-reset.php',
  'plugin_page' => 'tools_page_wp-reset',
  'plugin_file' => '/home2/vedannqu/admin.leafngo.org/wp-content/plugins/wp-reset/wp-reset.php',
  'js_folder' => 'https://admin.leafngo.org/wp-content/plugins/wp-reset//js/',
  'api_ver' => 'v1/',
  'valid_forever' => '2035-01-01',
  'unlimited_installs' => 99999,
  'debug' => true,
  'filesystem_initialized' => false,
)

[Sun, 20 Jul 2025 10:36:16 +0000] wpr: __construct
array (
  'prefix' => 'wpr',
  'licensing_servers' => 
  array (
    0 => 'https://dashboard.wpreset.com/api/',
  ),
  'version' => '2.04',
  'plugin_file' => '/home2/vedannqu/admin.leafngo.org/wp-content/plugins/wp-reset/wp-reset.php',
  'plugin_page' => 'tools_page_wp-reset',
  'skip_hooks' => false,
  'debug' => true,
  'js_folder' => 'https://admin.leafngo.org/wp-content/plugins/wp-reset//js/',
)
array (
  'prefix' => 'wpr',
  'licensing_servers' => 
  array (
    0 => 'https://dashboard.wpreset.com/api/',
  ),
  'version' => '2.04',
  'slug' => 'wp-reset',
  'basename' => 'wp-reset/wp-reset.php',
  'plugin_page' => 'tools_page_wp-reset',
  'plugin_file' => '/home2/vedannqu/admin.leafngo.org/wp-content/plugins/wp-reset/wp-reset.php',
  'js_folder' => 'https://admin.leafngo.org/wp-content/plugins/wp-reset//js/',
  'api_ver' => 'v1/',
  'valid_forever' => '2035-01-01',
  'unlimited_installs' => 99999,
  'debug' => true,
  'filesystem_initialized' => false,
)

[Sun, 20 Jul 2025 10:36:17 +0000] wpr: __construct
array (
  'prefix' => 'wpr',
  'licensing_servers' => 
  array (
    0 => 'https://dashboard.wpreset.com/api/',
  ),
  'version' => '2.04',
  'plugin_file' => '/home2/vedannqu/admin.leafngo.org/wp-content/plugins/wp-reset/wp-reset.php',
  'plugin_page' => 'tools_page_wp-reset',
  'skip_hooks' => false,
  'debug' => true,
  'js_folder' => 'https://admin.leafngo.org/wp-content/plugins/wp-reset//js/',
)
array (
  'prefix' => 'wpr',
  'licensing_servers' => 
  array (
    0 => 'https://dashboard.wpreset.com/api/',
  ),
  'version' => '2.04',
  'slug' => 'wp-reset',
  'basename' => 'wp-reset/wp-reset.php',
  'plugin_page' => 'tools_page_wp-reset',
  'plugin_file' => '/home2/vedannqu/admin.leafngo.org/wp-content/plugins/wp-reset/wp-reset.php',
  'js_folder' => 'https://admin.leafngo.org/wp-content/plugins/wp-reset//js/',
  'api_ver' => 'v1/',
  'valid_forever' => '2035-01-01',
  'unlimited_installs' => 99999,
  'debug' => true,
  'filesystem_initialized' => false,
)

[Sun, 20 Jul 2025 10:36:32 +0000] wpr: __construct
array (
  'prefix' => 'wpr',
  'licensing_servers' => 
  array (
    0 => 'https://dashboard.wpreset.com/api/',
  ),
  'version' => '2.04',
  'plugin_file' => '/home2/vedannqu/admin.leafngo.org/wp-content/plugins/wp-reset/wp-reset.php',
  'plugin_page' => 'tools_page_wp-reset',
  'skip_hooks' => false,
  'debug' => true,
  'js_folder' => 'https://admin.leafngo.org/wp-content/plugins/wp-reset//js/',
)
array (
  'prefix' => 'wpr',
  'licensing_servers' => 
  array (
    0 => 'https://dashboard.wpreset.com/api/',
  ),
  'version' => '2.04',
  'slug' => 'wp-reset',
  'basename' => 'wp-reset/wp-reset.php',
  'plugin_page' => 'tools_page_wp-reset',
  'plugin_file' => '/home2/vedannqu/admin.leafngo.org/wp-content/plugins/wp-reset/wp-reset.php',
  'js_folder' => 'https://admin.leafngo.org/wp-content/plugins/wp-reset//js/',
  'api_ver' => 'v1/',
  'valid_forever' => '2035-01-01',
  'unlimited_installs' => 99999,
  'debug' => true,
  'filesystem_initialized' => false,
)

[Sun, 20 Jul 2025 10:36:44 +0000] wpr: __construct
array (
  'prefix' => 'wpr',
  'licensing_servers' => 
  array (
    0 => 'https://dashboard.wpreset.com/api/',
  ),
  'version' => '2.04',
  'plugin_file' => '/home2/vedannqu/admin.leafngo.org/wp-content/plugins/wp-reset/wp-reset.php',
  'plugin_page' => 'tools_page_wp-reset',
  'skip_hooks' => false,
  'debug' => true,
  'js_folder' => 'https://admin.leafngo.org/wp-content/plugins/wp-reset//js/',
)
array (
  'prefix' => 'wpr',
  'licensing_servers' => 
  array (
    0 => 'https://dashboard.wpreset.com/api/',
  ),
  'version' => '2.04',
  'slug' => 'wp-reset',
  'basename' => 'wp-reset/wp-reset.php',
  'plugin_page' => 'tools_page_wp-reset',
  'plugin_file' => '/home2/vedannqu/admin.leafngo.org/wp-content/plugins/wp-reset/wp-reset.php',
  'js_folder' => 'https://admin.leafngo.org/wp-content/plugins/wp-reset//js/',
  'api_ver' => 'v1/',
  'valid_forever' => '2035-01-01',
  'unlimited_installs' => 99999,
  'debug' => true,
  'filesystem_initialized' => false,
)

[Sun, 20 Jul 2025 10:36:46 +0000] wpr: __construct
array (
  'prefix' => 'wpr',
  'licensing_servers' => 
  array (
    0 => 'https://dashboard.wpreset.com/api/',
  ),
  'version' => '2.04',
  'plugin_file' => '/home2/vedannqu/admin.leafngo.org/wp-content/plugins/wp-reset/wp-reset.php',
  'plugin_page' => 'tools_page_wp-reset',
  'skip_hooks' => false,
  'debug' => true,
  'js_folder' => 'https://admin.leafngo.org/wp-content/plugins/wp-reset//js/',
)
array (
  'prefix' => 'wpr',
  'licensing_servers' => 
  array (
    0 => 'https://dashboard.wpreset.com/api/',
  ),
  'version' => '2.04',
  'slug' => 'wp-reset',
  'basename' => 'wp-reset/wp-reset.php',
  'plugin_page' => 'tools_page_wp-reset',
  'plugin_file' => '/home2/vedannqu/admin.leafngo.org/wp-content/plugins/wp-reset/wp-reset.php',
  'js_folder' => 'https://admin.leafngo.org/wp-content/plugins/wp-reset//js/',
  'api_ver' => 'v1/',
  'valid_forever' => '2035-01-01',
  'unlimited_installs' => 99999,
  'debug' => true,
  'filesystem_initialized' => false,
)

[Sun, 20 Jul 2025 10:36:47 +0000] wpr: __construct
array (
  'prefix' => 'wpr',
  'licensing_servers' => 
  array (
    0 => 'https://dashboard.wpreset.com/api/',
  ),
  'version' => '2.04',
  'plugin_file' => '/home2/vedannqu/admin.leafngo.org/wp-content/plugins/wp-reset/wp-reset.php',
  'plugin_page' => 'tools_page_wp-reset',
  'skip_hooks' => false,
  'debug' => true,
  'js_folder' => 'https://admin.leafngo.org/wp-content/plugins/wp-reset//js/',
)
array (
  'prefix' => 'wpr',
  'licensing_servers' => 
  array (
    0 => 'https://dashboard.wpreset.com/api/',
  ),
  'version' => '2.04',
  'slug' => 'wp-reset',
  'basename' => 'wp-reset/wp-reset.php',
  'plugin_page' => 'tools_page_wp-reset',
  'plugin_file' => '/home2/vedannqu/admin.leafngo.org/wp-content/plugins/wp-reset/wp-reset.php',
  'js_folder' => 'https://admin.leafngo.org/wp-content/plugins/wp-reset//js/',
  'api_ver' => 'v1/',
  'valid_forever' => '2035-01-01',
  'unlimited_installs' => 99999,
  'debug' => true,
  'filesystem_initialized' => false,
)

[Sun, 20 Jul 2025 10:37:03 +0000] wpr: __construct
array (
  'prefix' => 'wpr',
  'licensing_servers' => 
  array (
    0 => 'https://dashboard.wpreset.com/api/',
  ),
  'version' => '2.04',
  'plugin_file' => '/home2/vedannqu/admin.leafngo.org/wp-content/plugins/wp-reset/wp-reset.php',
  'plugin_page' => 'tools_page_wp-reset',
  'skip_hooks' => false,
  'debug' => true,
  'js_folder' => 'https://admin.leafngo.org/wp-content/plugins/wp-reset//js/',
)
array (
  'prefix' => 'wpr',
  'licensing_servers' => 
  array (
    0 => 'https://dashboard.wpreset.com/api/',
  ),
  'version' => '2.04',
  'slug' => 'wp-reset',
  'basename' => 'wp-reset/wp-reset.php',
  'plugin_page' => 'tools_page_wp-reset',
  'plugin_file' => '/home2/vedannqu/admin.leafngo.org/wp-content/plugins/wp-reset/wp-reset.php',
  'js_folder' => 'https://admin.leafngo.org/wp-content/plugins/wp-reset//js/',
  'api_ver' => 'v1/',
  'valid_forever' => '2035-01-01',
  'unlimited_installs' => 99999,
  'debug' => true,
  'filesystem_initialized' => false,
)

[Sun, 20 Jul 2025 10:37:10 +0000] wpr: __construct
array (
  'prefix' => 'wpr',
  'licensing_servers' => 
  array (
    0 => 'https://dashboard.wpreset.com/api/',
  ),
  'version' => '2.04',
  'plugin_file' => '/home2/vedannqu/admin.leafngo.org/wp-content/plugins/wp-reset/wp-reset.php',
  'plugin_page' => 'tools_page_wp-reset',
  'skip_hooks' => false,
  'debug' => true,
  'js_folder' => 'https://admin.leafngo.org/wp-content/plugins/wp-reset//js/',
)
array (
  'prefix' => 'wpr',
  'licensing_servers' => 
  array (
    0 => 'https://dashboard.wpreset.com/api/',
  ),
  'version' => '2.04',
  'slug' => 'wp-reset',
  'basename' => 'wp-reset/wp-reset.php',
  'plugin_page' => 'tools_page_wp-reset',
  'plugin_file' => '/home2/vedannqu/admin.leafngo.org/wp-content/plugins/wp-reset/wp-reset.php',
  'js_folder' => 'https://admin.leafngo.org/wp-content/plugins/wp-reset//js/',
  'api_ver' => 'v1/',
  'valid_forever' => '2035-01-01',
  'unlimited_installs' => 99999,
  'debug' => true,
  'filesystem_initialized' => false,
)

[Sun, 20 Jul 2025 10:37:17 +0000] wpr: __construct
array (
  'prefix' => 'wpr',
  'licensing_servers' => 
  array (
    0 => 'https://dashboard.wpreset.com/api/',
  ),
  'version' => '2.04',
  'plugin_file' => '/home2/vedannqu/admin.leafngo.org/wp-content/plugins/wp-reset/wp-reset.php',
  'plugin_page' => 'tools_page_wp-reset',
  'skip_hooks' => false,
  'debug' => true,
  'js_folder' => 'https://admin.leafngo.org/wp-content/plugins/wp-reset//js/',
)
array (
  'prefix' => 'wpr',
  'licensing_servers' => 
  array (
    0 => 'https://dashboard.wpreset.com/api/',
  ),
  'version' => '2.04',
  'slug' => 'wp-reset',
  'basename' => 'wp-reset/wp-reset.php',
  'plugin_page' => 'tools_page_wp-reset',
  'plugin_file' => '/home2/vedannqu/admin.leafngo.org/wp-content/plugins/wp-reset/wp-reset.php',
  'js_folder' => 'https://admin.leafngo.org/wp-content/plugins/wp-reset//js/',
  'api_ver' => 'v1/',
  'valid_forever' => '2035-01-01',
  'unlimited_installs' => 99999,
  'debug' => true,
  'filesystem_initialized' => false,
)

[Sun, 20 Jul 2025 10:37:19 +0000] wpr: __construct
array (
  'prefix' => 'wpr',
  'licensing_servers' => 
  array (
    0 => 'https://dashboard.wpreset.com/api/',
  ),
  'version' => '2.04',
  'plugin_file' => '/home2/vedannqu/admin.leafngo.org/wp-content/plugins/wp-reset/wp-reset.php',
  'plugin_page' => 'tools_page_wp-reset',
  'skip_hooks' => false,
  'debug' => true,
  'js_folder' => 'https://admin.leafngo.org/wp-content/plugins/wp-reset//js/',
)
array (
  'prefix' => 'wpr',
  'licensing_servers' => 
  array (
    0 => 'https://dashboard.wpreset.com/api/',
  ),
  'version' => '2.04',
  'slug' => 'wp-reset',
  'basename' => 'wp-reset/wp-reset.php',
  'plugin_page' => 'tools_page_wp-reset',
  'plugin_file' => '/home2/vedannqu/admin.leafngo.org/wp-content/plugins/wp-reset/wp-reset.php',
  'js_folder' => 'https://admin.leafngo.org/wp-content/plugins/wp-reset//js/',
  'api_ver' => 'v1/',
  'valid_forever' => '2035-01-01',
  'unlimited_installs' => 99999,
  'debug' => true,
  'filesystem_initialized' => false,
)

[Sun, 20 Jul 2025 10:37:21 +0000] wpr: __construct
array (
  'prefix' => 'wpr',
  'licensing_servers' => 
  array (
    0 => 'https://dashboard.wpreset.com/api/',
  ),
  'version' => '2.04',
  'plugin_file' => '/home2/vedannqu/admin.leafngo.org/wp-content/plugins/wp-reset/wp-reset.php',
  'plugin_page' => 'tools_page_wp-reset',
  'skip_hooks' => false,
  'debug' => true,
  'js_folder' => 'https://admin.leafngo.org/wp-content/plugins/wp-reset//js/',
)
array (
  'prefix' => 'wpr',
  'licensing_servers' => 
  array (
    0 => 'https://dashboard.wpreset.com/api/',
  ),
  'version' => '2.04',
  'slug' => 'wp-reset',
  'basename' => 'wp-reset/wp-reset.php',
  'plugin_page' => 'tools_page_wp-reset',
  'plugin_file' => '/home2/vedannqu/admin.leafngo.org/wp-content/plugins/wp-reset/wp-reset.php',
  'js_folder' => 'https://admin.leafngo.org/wp-content/plugins/wp-reset//js/',
  'api_ver' => 'v1/',
  'valid_forever' => '2035-01-01',
  'unlimited_installs' => 99999,
  'debug' => true,
  'filesystem_initialized' => false,
)

[Sun, 20 Jul 2025 10:37:32 +0000] wpr: __construct
array (
  'prefix' => 'wpr',
  'licensing_servers' => 
  array (
    0 => 'https://dashboard.wpreset.com/api/',
  ),
  'version' => '2.04',
  'plugin_file' => '/home2/vedannqu/admin.leafngo.org/wp-content/plugins/wp-reset/wp-reset.php',
  'plugin_page' => 'tools_page_wp-reset',
  'skip_hooks' => false,
  'debug' => true,
  'js_folder' => 'https://admin.leafngo.org/wp-content/plugins/wp-reset//js/',
)
array (
  'prefix' => 'wpr',
  'licensing_servers' => 
  array (
    0 => 'https://dashboard.wpreset.com/api/',
  ),
  'version' => '2.04',
  'slug' => 'wp-reset',
  'basename' => 'wp-reset/wp-reset.php',
  'plugin_page' => 'tools_page_wp-reset',
  'plugin_file' => '/home2/vedannqu/admin.leafngo.org/wp-content/plugins/wp-reset/wp-reset.php',
  'js_folder' => 'https://admin.leafngo.org/wp-content/plugins/wp-reset//js/',
  'api_ver' => 'v1/',
  'valid_forever' => '2035-01-01',
  'unlimited_installs' => 99999,
  'debug' => true,
  'filesystem_initialized' => false,
)

[Sun, 20 Jul 2025 10:37:48 +0000] wpr: __construct
array (
  'prefix' => 'wpr',
  'licensing_servers' => 
  array (
    0 => 'https://dashboard.wpreset.com/api/',
  ),
  'version' => '2.04',
  'plugin_file' => '/home2/vedannqu/admin.leafngo.org/wp-content/plugins/wp-reset/wp-reset.php',
  'plugin_page' => 'tools_page_wp-reset',
  'skip_hooks' => false,
  'debug' => true,
  'js_folder' => 'https://admin.leafngo.org/wp-content/plugins/wp-reset//js/',
)
array (
  'prefix' => 'wpr',
  'licensing_servers' => 
  array (
    0 => 'https://dashboard.wpreset.com/api/',
  ),
  'version' => '2.04',
  'slug' => 'wp-reset',
  'basename' => 'wp-reset/wp-reset.php',
  'plugin_page' => 'tools_page_wp-reset',
  'plugin_file' => '/home2/vedannqu/admin.leafngo.org/wp-content/plugins/wp-reset/wp-reset.php',
  'js_folder' => 'https://admin.leafngo.org/wp-content/plugins/wp-reset//js/',
  'api_ver' => 'v1/',
  'valid_forever' => '2035-01-01',
  'unlimited_installs' => 99999,
  'debug' => true,
  'filesystem_initialized' => false,
)

[Sun, 20 Jul 2025 10:38:00 +0000] wpr: __construct
array (
  'prefix' => 'wpr',
  'licensing_servers' => 
  array (
    0 => 'https://dashboard.wpreset.com/api/',
  ),
  'version' => '2.04',
  'plugin_file' => '/home2/vedannqu/admin.leafngo.org/wp-content/plugins/wp-reset/wp-reset.php',
  'plugin_page' => 'tools_page_wp-reset',
  'skip_hooks' => false,
  'debug' => true,
  'js_folder' => 'https://admin.leafngo.org/wp-content/plugins/wp-reset//js/',
)
array (
  'prefix' => 'wpr',
  'licensing_servers' => 
  array (
    0 => 'https://dashboard.wpreset.com/api/',
  ),
  'version' => '2.04',
  'slug' => 'wp-reset',
  'basename' => 'wp-reset/wp-reset.php',
  'plugin_page' => 'tools_page_wp-reset',
  'plugin_file' => '/home2/vedannqu/admin.leafngo.org/wp-content/plugins/wp-reset/wp-reset.php',
  'js_folder' => 'https://admin.leafngo.org/wp-content/plugins/wp-reset//js/',
  'api_ver' => 'v1/',
  'valid_forever' => '2035-01-01',
  'unlimited_installs' => 99999,
  'debug' => true,
  'filesystem_initialized' => false,
)

[Sun, 20 Jul 2025 10:38:02 +0000] wpr: __construct
array (
  'prefix' => 'wpr',
  'licensing_servers' => 
  array (
    0 => 'https://dashboard.wpreset.com/api/',
  ),
  'version' => '2.04',
  'plugin_file' => '/home2/vedannqu/admin.leafngo.org/wp-content/plugins/wp-reset/wp-reset.php',
  'plugin_page' => 'tools_page_wp-reset',
  'skip_hooks' => false,
  'debug' => true,
  'js_folder' => 'https://admin.leafngo.org/wp-content/plugins/wp-reset//js/',
)
array (
  'prefix' => 'wpr',
  'licensing_servers' => 
  array (
    0 => 'https://dashboard.wpreset.com/api/',
  ),
  'version' => '2.04',
  'slug' => 'wp-reset',
  'basename' => 'wp-reset/wp-reset.php',
  'plugin_page' => 'tools_page_wp-reset',
  'plugin_file' => '/home2/vedannqu/admin.leafngo.org/wp-content/plugins/wp-reset/wp-reset.php',
  'js_folder' => 'https://admin.leafngo.org/wp-content/plugins/wp-reset//js/',
  'api_ver' => 'v1/',
  'valid_forever' => '2035-01-01',
  'unlimited_installs' => 99999,
  'debug' => true,
  'filesystem_initialized' => false,
)

[Sun, 20 Jul 2025 10:38:06 +0000] wpr: __construct
array (
  'prefix' => 'wpr',
  'licensing_servers' => 
  array (
    0 => 'https://dashboard.wpreset.com/api/',
  ),
  'version' => '2.04',
  'plugin_file' => '/home2/vedannqu/admin.leafngo.org/wp-content/plugins/wp-reset/wp-reset.php',
  'plugin_page' => 'tools_page_wp-reset',
  'skip_hooks' => false,
  'debug' => true,
  'js_folder' => 'https://admin.leafngo.org/wp-content/plugins/wp-reset//js/',
)
array (
  'prefix' => 'wpr',
  'licensing_servers' => 
  array (
    0 => 'https://dashboard.wpreset.com/api/',
  ),
  'version' => '2.04',
  'slug' => 'wp-reset',
  'basename' => 'wp-reset/wp-reset.php',
  'plugin_page' => 'tools_page_wp-reset',
  'plugin_file' => '/home2/vedannqu/admin.leafngo.org/wp-content/plugins/wp-reset/wp-reset.php',
  'js_folder' => 'https://admin.leafngo.org/wp-content/plugins/wp-reset//js/',
  'api_ver' => 'v1/',
  'valid_forever' => '2035-01-01',
  'unlimited_installs' => 99999,
  'debug' => true,
  'filesystem_initialized' => false,
)

[Sun, 20 Jul 2025 10:38:09 +0000] wpr: __construct
array (
  'prefix' => 'wpr',
  'licensing_servers' => 
  array (
    0 => 'https://dashboard.wpreset.com/api/',
  ),
  'version' => '2.04',
  'plugin_file' => '/home2/vedannqu/admin.leafngo.org/wp-content/plugins/wp-reset/wp-reset.php',
  'plugin_page' => 'tools_page_wp-reset',
  'skip_hooks' => false,
  'debug' => true,
  'js_folder' => 'https://admin.leafngo.org/wp-content/plugins/wp-reset//js/',
)
array (
  'prefix' => 'wpr',
  'licensing_servers' => 
  array (
    0 => 'https://dashboard.wpreset.com/api/',
  ),
  'version' => '2.04',
  'slug' => 'wp-reset',
  'basename' => 'wp-reset/wp-reset.php',
  'plugin_page' => 'tools_page_wp-reset',
  'plugin_file' => '/home2/vedannqu/admin.leafngo.org/wp-content/plugins/wp-reset/wp-reset.php',
  'js_folder' => 'https://admin.leafngo.org/wp-content/plugins/wp-reset//js/',
  'api_ver' => 'v1/',
  'valid_forever' => '2035-01-01',
  'unlimited_installs' => 99999,
  'debug' => true,
  'filesystem_initialized' => false,
)

[Sun, 20 Jul 2025 10:38:13 +0000] wpr: __construct
array (
  'prefix' => 'wpr',
  'licensing_servers' => 
  array (
    0 => 'https://dashboard.wpreset.com/api/',
  ),
  'version' => '2.04',
  'plugin_file' => '/home2/vedannqu/admin.leafngo.org/wp-content/plugins/wp-reset/wp-reset.php',
  'plugin_page' => 'tools_page_wp-reset',
  'skip_hooks' => false,
  'debug' => true,
  'js_folder' => 'https://admin.leafngo.org/wp-content/plugins/wp-reset//js/',
)
array (
  'prefix' => 'wpr',
  'licensing_servers' => 
  array (
    0 => 'https://dashboard.wpreset.com/api/',
  ),
  'version' => '2.04',
  'slug' => 'wp-reset',
  'basename' => 'wp-reset/wp-reset.php',
  'plugin_page' => 'tools_page_wp-reset',
  'plugin_file' => '/home2/vedannqu/admin.leafngo.org/wp-content/plugins/wp-reset/wp-reset.php',
  'js_folder' => 'https://admin.leafngo.org/wp-content/plugins/wp-reset//js/',
  'api_ver' => 'v1/',
  'valid_forever' => '2035-01-01',
  'unlimited_installs' => 99999,
  'debug' => true,
  'filesystem_initialized' => false,
)

[Sun, 20 Jul 2025 10:38:17 +0000] wpr: __construct
array (
  'prefix' => 'wpr',
  'licensing_servers' => 
  array (
    0 => 'https://dashboard.wpreset.com/api/',
  ),
  'version' => '2.04',
  'plugin_file' => '/home2/vedannqu/admin.leafngo.org/wp-content/plugins/wp-reset/wp-reset.php',
  'plugin_page' => 'tools_page_wp-reset',
  'skip_hooks' => false,
  'debug' => true,
  'js_folder' => 'https://admin.leafngo.org/wp-content/plugins/wp-reset//js/',
)
array (
  'prefix' => 'wpr',
  'licensing_servers' => 
  array (
    0 => 'https://dashboard.wpreset.com/api/',
  ),
  'version' => '2.04',
  'slug' => 'wp-reset',
  'basename' => 'wp-reset/wp-reset.php',
  'plugin_page' => 'tools_page_wp-reset',
  'plugin_file' => '/home2/vedannqu/admin.leafngo.org/wp-content/plugins/wp-reset/wp-reset.php',
  'js_folder' => 'https://admin.leafngo.org/wp-content/plugins/wp-reset//js/',
  'api_ver' => 'v1/',
  'valid_forever' => '2035-01-01',
  'unlimited_installs' => 99999,
  'debug' => true,
  'filesystem_initialized' => false,
)

[Sun, 20 Jul 2025 10:38:19 +0000] wpr: __construct
array (
  'prefix' => 'wpr',
  'licensing_servers' => 
  array (
    0 => 'https://dashboard.wpreset.com/api/',
  ),
  'version' => '2.04',
  'plugin_file' => '/home2/vedannqu/admin.leafngo.org/wp-content/plugins/wp-reset/wp-reset.php',
  'plugin_page' => 'tools_page_wp-reset',
  'skip_hooks' => false,
  'debug' => true,
  'js_folder' => 'https://admin.leafngo.org/wp-content/plugins/wp-reset//js/',
)
array (
  'prefix' => 'wpr',
  'licensing_servers' => 
  array (
    0 => 'https://dashboard.wpreset.com/api/',
  ),
  'version' => '2.04',
  'slug' => 'wp-reset',
  'basename' => 'wp-reset/wp-reset.php',
  'plugin_page' => 'tools_page_wp-reset',
  'plugin_file' => '/home2/vedannqu/admin.leafngo.org/wp-content/plugins/wp-reset/wp-reset.php',
  'js_folder' => 'https://admin.leafngo.org/wp-content/plugins/wp-reset//js/',
  'api_ver' => 'v1/',
  'valid_forever' => '2035-01-01',
  'unlimited_installs' => 99999,
  'debug' => true,
  'filesystem_initialized' => false,
)

[Sun, 20 Jul 2025 10:38:22 +0000] wpr: __construct
array (
  'prefix' => 'wpr',
  'licensing_servers' => 
  array (
    0 => 'https://dashboard.wpreset.com/api/',
  ),
  'version' => '2.04',
  'plugin_file' => '/home2/vedannqu/admin.leafngo.org/wp-content/plugins/wp-reset/wp-reset.php',
  'plugin_page' => 'tools_page_wp-reset',
  'skip_hooks' => false,
  'debug' => true,
  'js_folder' => 'https://admin.leafngo.org/wp-content/plugins/wp-reset//js/',
)
array (
  'prefix' => 'wpr',
  'licensing_servers' => 
  array (
    0 => 'https://dashboard.wpreset.com/api/',
  ),
  'version' => '2.04',
  'slug' => 'wp-reset',
  'basename' => 'wp-reset/wp-reset.php',
  'plugin_page' => 'tools_page_wp-reset',
  'plugin_file' => '/home2/vedannqu/admin.leafngo.org/wp-content/plugins/wp-reset/wp-reset.php',
  'js_folder' => 'https://admin.leafngo.org/wp-content/plugins/wp-reset//js/',
  'api_ver' => 'v1/',
  'valid_forever' => '2035-01-01',
  'unlimited_installs' => 99999,
  'debug' => true,
  'filesystem_initialized' => false,
)

[Sun, 20 Jul 2025 10:38:23 +0000] wpr: __construct
array (
  'prefix' => 'wpr',
  'licensing_servers' => 
  array (
    0 => 'https://dashboard.wpreset.com/api/',
  ),
  'version' => '2.04',
  'plugin_file' => '/home2/vedannqu/admin.leafngo.org/wp-content/plugins/wp-reset/wp-reset.php',
  'plugin_page' => 'tools_page_wp-reset',
  'skip_hooks' => false,
  'debug' => true,
  'js_folder' => 'https://admin.leafngo.org/wp-content/plugins/wp-reset//js/',
)
array (
  'prefix' => 'wpr',
  'licensing_servers' => 
  array (
    0 => 'https://dashboard.wpreset.com/api/',
  ),
  'version' => '2.04',
  'slug' => 'wp-reset',
  'basename' => 'wp-reset/wp-reset.php',
  'plugin_page' => 'tools_page_wp-reset',
  'plugin_file' => '/home2/vedannqu/admin.leafngo.org/wp-content/plugins/wp-reset/wp-reset.php',
  'js_folder' => 'https://admin.leafngo.org/wp-content/plugins/wp-reset//js/',
  'api_ver' => 'v1/',
  'valid_forever' => '2035-01-01',
  'unlimited_installs' => 99999,
  'debug' => true,
  'filesystem_initialized' => false,
)

[Sun, 20 Jul 2025 10:38:32 +0000] wpr: __construct
array (
  'prefix' => 'wpr',
  'licensing_servers' => 
  array (
    0 => 'https://dashboard.wpreset.com/api/',
  ),
  'version' => '2.04',
  'plugin_file' => '/home2/vedannqu/admin.leafngo.org/wp-content/plugins/wp-reset/wp-reset.php',
  'plugin_page' => 'tools_page_wp-reset',
  'skip_hooks' => false,
  'debug' => true,
  'js_folder' => 'https://admin.leafngo.org/wp-content/plugins/wp-reset//js/',
)
array (
  'prefix' => 'wpr',
  'licensing_servers' => 
  array (
    0 => 'https://dashboard.wpreset.com/api/',
  ),
  'version' => '2.04',
  'slug' => 'wp-reset',
  'basename' => 'wp-reset/wp-reset.php',
  'plugin_page' => 'tools_page_wp-reset',
  'plugin_file' => '/home2/vedannqu/admin.leafngo.org/wp-content/plugins/wp-reset/wp-reset.php',
  'js_folder' => 'https://admin.leafngo.org/wp-content/plugins/wp-reset//js/',
  'api_ver' => 'v1/',
  'valid_forever' => '2035-01-01',
  'unlimited_installs' => 99999,
  'debug' => true,
  'filesystem_initialized' => false,
)

[Sun, 20 Jul 2025 10:38:39 +0000] wpr: __construct
array (
  'prefix' => 'wpr',
  'licensing_servers' => 
  array (
    0 => 'https://dashboard.wpreset.com/api/',
  ),
  'version' => '2.04',
  'plugin_file' => '/home2/vedannqu/admin.leafngo.org/wp-content/plugins/wp-reset/wp-reset.php',
  'plugin_page' => 'tools_page_wp-reset',
  'skip_hooks' => false,
  'debug' => true,
  'js_folder' => 'https://admin.leafngo.org/wp-content/plugins/wp-reset//js/',
)
array (
  'prefix' => 'wpr',
  'licensing_servers' => 
  array (
    0 => 'https://dashboard.wpreset.com/api/',
  ),
  'version' => '2.04',
  'slug' => 'wp-reset',
  'basename' => 'wp-reset/wp-reset.php',
  'plugin_page' => 'tools_page_wp-reset',
  'plugin_file' => '/home2/vedannqu/admin.leafngo.org/wp-content/plugins/wp-reset/wp-reset.php',
  'js_folder' => 'https://admin.leafngo.org/wp-content/plugins/wp-reset//js/',
  'api_ver' => 'v1/',
  'valid_forever' => '2035-01-01',
  'unlimited_installs' => 99999,
  'debug' => true,
  'filesystem_initialized' => false,
)

[Sun, 20 Jul 2025 10:38:43 +0000] wpr: __construct
array (
  'prefix' => 'wpr',
  'licensing_servers' => 
  array (
    0 => 'https://dashboard.wpreset.com/api/',
  ),
  'version' => '2.04',
  'plugin_file' => '/home2/vedannqu/admin.leafngo.org/wp-content/plugins/wp-reset/wp-reset.php',
  'plugin_page' => 'tools_page_wp-reset',
  'skip_hooks' => false,
  'debug' => true,
  'js_folder' => 'https://admin.leafngo.org/wp-content/plugins/wp-reset//js/',
)
array (
  'prefix' => 'wpr',
  'licensing_servers' => 
  array (
    0 => 'https://dashboard.wpreset.com/api/',
  ),
  'version' => '2.04',
  'slug' => 'wp-reset',
  'basename' => 'wp-reset/wp-reset.php',
  'plugin_page' => 'tools_page_wp-reset',
  'plugin_file' => '/home2/vedannqu/admin.leafngo.org/wp-content/plugins/wp-reset/wp-reset.php',
  'js_folder' => 'https://admin.leafngo.org/wp-content/plugins/wp-reset//js/',
  'api_ver' => 'v1/',
  'valid_forever' => '2035-01-01',
  'unlimited_installs' => 99999,
  'debug' => true,
  'filesystem_initialized' => false,
)

[Sun, 20 Jul 2025 10:38:48 +0000] wpr: __construct
array (
  'prefix' => 'wpr',
  'licensing_servers' => 
  array (
    0 => 'https://dashboard.wpreset.com/api/',
  ),
  'version' => '2.04',
  'plugin_file' => '/home2/vedannqu/admin.leafngo.org/wp-content/plugins/wp-reset/wp-reset.php',
  'plugin_page' => 'tools_page_wp-reset',
  'skip_hooks' => false,
  'debug' => true,
  'js_folder' => 'https://admin.leafngo.org/wp-content/plugins/wp-reset//js/',
)
array (
  'prefix' => 'wpr',
  'licensing_servers' => 
  array (
    0 => 'https://dashboard.wpreset.com/api/',
  ),
  'version' => '2.04',
  'slug' => 'wp-reset',
  'basename' => 'wp-reset/wp-reset.php',
  'plugin_page' => 'tools_page_wp-reset',
  'plugin_file' => '/home2/vedannqu/admin.leafngo.org/wp-content/plugins/wp-reset/wp-reset.php',
  'js_folder' => 'https://admin.leafngo.org/wp-content/plugins/wp-reset//js/',
  'api_ver' => 'v1/',
  'valid_forever' => '2035-01-01',
  'unlimited_installs' => 99999,
  'debug' => true,
  'filesystem_initialized' => false,
)

[Sun, 20 Jul 2025 10:39:03 +0000] wpr: __construct
array (
  'prefix' => 'wpr',
  'licensing_servers' => 
  array (
    0 => 'https://dashboard.wpreset.com/api/',
  ),
  'version' => '2.04',
  'plugin_file' => '/home2/vedannqu/admin.leafngo.org/wp-content/plugins/wp-reset/wp-reset.php',
  'plugin_page' => 'tools_page_wp-reset',
  'skip_hooks' => false,
  'debug' => true,
  'js_folder' => 'https://admin.leafngo.org/wp-content/plugins/wp-reset//js/',
)
array (
  'prefix' => 'wpr',
  'licensing_servers' => 
  array (
    0 => 'https://dashboard.wpreset.com/api/',
  ),
  'version' => '2.04',
  'slug' => 'wp-reset',
  'basename' => 'wp-reset/wp-reset.php',
  'plugin_page' => 'tools_page_wp-reset',
  'plugin_file' => '/home2/vedannqu/admin.leafngo.org/wp-content/plugins/wp-reset/wp-reset.php',
  'js_folder' => 'https://admin.leafngo.org/wp-content/plugins/wp-reset//js/',
  'api_ver' => 'v1/',
  'valid_forever' => '2035-01-01',
  'unlimited_installs' => 99999,
  'debug' => true,
  'filesystem_initialized' => false,
)

[Sun, 20 Jul 2025 10:39:11 +0000] wpr: __construct
array (
  'prefix' => 'wpr',
  'licensing_servers' => 
  array (
    0 => 'https://dashboard.wpreset.com/api/',
  ),
  'version' => '2.04',
  'plugin_file' => '/home2/vedannqu/admin.leafngo.org/wp-content/plugins/wp-reset/wp-reset.php',
  'plugin_page' => 'tools_page_wp-reset',
  'skip_hooks' => false,
  'debug' => true,
  'js_folder' => 'https://admin.leafngo.org/wp-content/plugins/wp-reset//js/',
)
array (
  'prefix' => 'wpr',
  'licensing_servers' => 
  array (
    0 => 'https://dashboard.wpreset.com/api/',
  ),
  'version' => '2.04',
  'slug' => 'wp-reset',
  'basename' => 'wp-reset/wp-reset.php',
  'plugin_page' => 'tools_page_wp-reset',
  'plugin_file' => '/home2/vedannqu/admin.leafngo.org/wp-content/plugins/wp-reset/wp-reset.php',
  'js_folder' => 'https://admin.leafngo.org/wp-content/plugins/wp-reset//js/',
  'api_ver' => 'v1/',
  'valid_forever' => '2035-01-01',
  'unlimited_installs' => 99999,
  'debug' => true,
  'filesystem_initialized' => false,
)

[Sun, 20 Jul 2025 10:39:18 +0000] wpr: __construct
array (
  'prefix' => 'wpr',
  'licensing_servers' => 
  array (
    0 => 'https://dashboard.wpreset.com/api/',
  ),
  'version' => '2.04',
  'plugin_file' => '/home2/vedannqu/admin.leafngo.org/wp-content/plugins/wp-reset/wp-reset.php',
  'plugin_page' => 'tools_page_wp-reset',
  'skip_hooks' => false,
  'debug' => true,
  'js_folder' => 'https://admin.leafngo.org/wp-content/plugins/wp-reset//js/',
)
array (
  'prefix' => 'wpr',
  'licensing_servers' => 
  array (
    0 => 'https://dashboard.wpreset.com/api/',
  ),
  'version' => '2.04',
  'slug' => 'wp-reset',
  'basename' => 'wp-reset/wp-reset.php',
  'plugin_page' => 'tools_page_wp-reset',
  'plugin_file' => '/home2/vedannqu/admin.leafngo.org/wp-content/plugins/wp-reset/wp-reset.php',
  'js_folder' => 'https://admin.leafngo.org/wp-content/plugins/wp-reset//js/',
  'api_ver' => 'v1/',
  'valid_forever' => '2035-01-01',
  'unlimited_installs' => 99999,
  'debug' => true,
  'filesystem_initialized' => false,
)

[Sun, 20 Jul 2025 10:39:33 +0000] wpr: __construct
array (
  'prefix' => 'wpr',
  'licensing_servers' => 
  array (
    0 => 'https://dashboard.wpreset.com/api/',
  ),
  'version' => '2.04',
  'plugin_file' => '/home2/vedannqu/admin.leafngo.org/wp-content/plugins/wp-reset/wp-reset.php',
  'plugin_page' => 'tools_page_wp-reset',
  'skip_hooks' => false,
  'debug' => true,
  'js_folder' => 'https://admin.leafngo.org/wp-content/plugins/wp-reset//js/',
)
array (
  'prefix' => 'wpr',
  'licensing_servers' => 
  array (
    0 => 'https://dashboard.wpreset.com/api/',
  ),
  'version' => '2.04',
  'slug' => 'wp-reset',
  'basename' => 'wp-reset/wp-reset.php',
  'plugin_page' => 'tools_page_wp-reset',
  'plugin_file' => '/home2/vedannqu/admin.leafngo.org/wp-content/plugins/wp-reset/wp-reset.php',
  'js_folder' => 'https://admin.leafngo.org/wp-content/plugins/wp-reset//js/',
  'api_ver' => 'v1/',
  'valid_forever' => '2035-01-01',
  'unlimited_installs' => 99999,
  'debug' => true,
  'filesystem_initialized' => false,
)

[Sun, 20 Jul 2025 10:39:48 +0000] wpr: __construct
array (
  'prefix' => 'wpr',
  'licensing_servers' => 
  array (
    0 => 'https://dashboard.wpreset.com/api/',
  ),
  'version' => '2.04',
  'plugin_file' => '/home2/vedannqu/admin.leafngo.org/wp-content/plugins/wp-reset/wp-reset.php',
  'plugin_page' => 'tools_page_wp-reset',
  'skip_hooks' => false,
  'debug' => true,
  'js_folder' => 'https://admin.leafngo.org/wp-content/plugins/wp-reset//js/',
)
array (
  'prefix' => 'wpr',
  'licensing_servers' => 
  array (
    0 => 'https://dashboard.wpreset.com/api/',
  ),
  'version' => '2.04',
  'slug' => 'wp-reset',
  'basename' => 'wp-reset/wp-reset.php',
  'plugin_page' => 'tools_page_wp-reset',
  'plugin_file' => '/home2/vedannqu/admin.leafngo.org/wp-content/plugins/wp-reset/wp-reset.php',
  'js_folder' => 'https://admin.leafngo.org/wp-content/plugins/wp-reset//js/',
  'api_ver' => 'v1/',
  'valid_forever' => '2035-01-01',
  'unlimited_installs' => 99999,
  'debug' => true,
  'filesystem_initialized' => false,
)

[Sun, 20 Jul 2025 10:40:04 +0000] wpr: __construct
array (
  'prefix' => 'wpr',
  'licensing_servers' => 
  array (
    0 => 'https://dashboard.wpreset.com/api/',
  ),
  'version' => '2.04',
  'plugin_file' => '/home2/vedannqu/admin.leafngo.org/wp-content/plugins/wp-reset/wp-reset.php',
  'plugin_page' => 'tools_page_wp-reset',
  'skip_hooks' => false,
  'debug' => true,
  'js_folder' => 'https://admin.leafngo.org/wp-content/plugins/wp-reset//js/',
)
array (
  'prefix' => 'wpr',
  'licensing_servers' => 
  array (
    0 => 'https://dashboard.wpreset.com/api/',
  ),
  'version' => '2.04',
  'slug' => 'wp-reset',
  'basename' => 'wp-reset/wp-reset.php',
  'plugin_page' => 'tools_page_wp-reset',
  'plugin_file' => '/home2/vedannqu/admin.leafngo.org/wp-content/plugins/wp-reset/wp-reset.php',
  'js_folder' => 'https://admin.leafngo.org/wp-content/plugins/wp-reset//js/',
  'api_ver' => 'v1/',
  'valid_forever' => '2035-01-01',
  'unlimited_installs' => 99999,
  'debug' => true,
  'filesystem_initialized' => false,
)

[Sun, 20 Jul 2025 10:40:18 +0000] wpr: __construct
array (
  'prefix' => 'wpr',
  'licensing_servers' => 
  array (
    0 => 'https://dashboard.wpreset.com/api/',
  ),
  'version' => '2.04',
  'plugin_file' => '/home2/vedannqu/admin.leafngo.org/wp-content/plugins/wp-reset/wp-reset.php',
  'plugin_page' => 'tools_page_wp-reset',
  'skip_hooks' => false,
  'debug' => true,
  'js_folder' => 'https://admin.leafngo.org/wp-content/plugins/wp-reset//js/',
)
array (
  'prefix' => 'wpr',
  'licensing_servers' => 
  array (
    0 => 'https://dashboard.wpreset.com/api/',
  ),
  'version' => '2.04',
  'slug' => 'wp-reset',
  'basename' => 'wp-reset/wp-reset.php',
  'plugin_page' => 'tools_page_wp-reset',
  'plugin_file' => '/home2/vedannqu/admin.leafngo.org/wp-content/plugins/wp-reset/wp-reset.php',
  'js_folder' => 'https://admin.leafngo.org/wp-content/plugins/wp-reset//js/',
  'api_ver' => 'v1/',
  'valid_forever' => '2035-01-01',
  'unlimited_installs' => 99999,
  'debug' => true,
  'filesystem_initialized' => false,
)

[Sun, 20 Jul 2025 10:40:19 +0000] wpr: __construct
array (
  'prefix' => 'wpr',
  'licensing_servers' => 
  array (
    0 => 'https://dashboard.wpreset.com/api/',
  ),
  'version' => '2.04',
  'plugin_file' => '/home2/vedannqu/admin.leafngo.org/wp-content/plugins/wp-reset/wp-reset.php',
  'plugin_page' => 'tools_page_wp-reset',
  'skip_hooks' => false,
  'debug' => true,
  'js_folder' => 'https://admin.leafngo.org/wp-content/plugins/wp-reset//js/',
)
array (
  'prefix' => 'wpr',
  'licensing_servers' => 
  array (
    0 => 'https://dashboard.wpreset.com/api/',
  ),
  'version' => '2.04',
  'slug' => 'wp-reset',
  'basename' => 'wp-reset/wp-reset.php',
  'plugin_page' => 'tools_page_wp-reset',
  'plugin_file' => '/home2/vedannqu/admin.leafngo.org/wp-content/plugins/wp-reset/wp-reset.php',
  'js_folder' => 'https://admin.leafngo.org/wp-content/plugins/wp-reset//js/',
  'api_ver' => 'v1/',
  'valid_forever' => '2035-01-01',
  'unlimited_installs' => 99999,
  'debug' => true,
  'filesystem_initialized' => false,
)

[Sun, 20 Jul 2025 10:40:21 +0000] wpr: __construct
array (
  'prefix' => 'wpr',
  'licensing_servers' => 
  array (
    0 => 'https://dashboard.wpreset.com/api/',
  ),
  'version' => '2.04',
  'plugin_file' => '/home2/vedannqu/admin.leafngo.org/wp-content/plugins/wp-reset/wp-reset.php',
  'plugin_page' => 'tools_page_wp-reset',
  'skip_hooks' => false,
  'debug' => true,
  'js_folder' => 'https://admin.leafngo.org/wp-content/plugins/wp-reset//js/',
)
array (
  'prefix' => 'wpr',
  'licensing_servers' => 
  array (
    0 => 'https://dashboard.wpreset.com/api/',
  ),
  'version' => '2.04',
  'slug' => 'wp-reset',
  'basename' => 'wp-reset/wp-reset.php',
  'plugin_page' => 'tools_page_wp-reset',
  'plugin_file' => '/home2/vedannqu/admin.leafngo.org/wp-content/plugins/wp-reset/wp-reset.php',
  'js_folder' => 'https://admin.leafngo.org/wp-content/plugins/wp-reset//js/',
  'api_ver' => 'v1/',
  'valid_forever' => '2035-01-01',
  'unlimited_installs' => 99999,
  'debug' => true,
  'filesystem_initialized' => false,
)

[Sun, 20 Jul 2025 10:40:30 +0000] wpr: __construct
array (
  'prefix' => 'wpr',
  'licensing_servers' => 
  array (
    0 => 'https://dashboard.wpreset.com/api/',
  ),
  'version' => '2.04',
  'plugin_file' => '/home2/vedannqu/admin.leafngo.org/wp-content/plugins/wp-reset/wp-reset.php',
  'plugin_page' => 'tools_page_wp-reset',
  'skip_hooks' => false,
  'debug' => true,
  'js_folder' => 'https://admin.leafngo.org/wp-content/plugins/wp-reset//js/',
)
array (
  'prefix' => 'wpr',
  'licensing_servers' => 
  array (
    0 => 'https://dashboard.wpreset.com/api/',
  ),
  'version' => '2.04',
  'slug' => 'wp-reset',
  'basename' => 'wp-reset/wp-reset.php',
  'plugin_page' => 'tools_page_wp-reset',
  'plugin_file' => '/home2/vedannqu/admin.leafngo.org/wp-content/plugins/wp-reset/wp-reset.php',
  'js_folder' => 'https://admin.leafngo.org/wp-content/plugins/wp-reset//js/',
  'api_ver' => 'v1/',
  'valid_forever' => '2035-01-01',
  'unlimited_installs' => 99999,
  'debug' => true,
  'filesystem_initialized' => false,
)

[Sun, 20 Jul 2025 10:40:32 +0000] wpr: __construct
array (
  'prefix' => 'wpr',
  'licensing_servers' => 
  array (
    0 => 'https://dashboard.wpreset.com/api/',
  ),
  'version' => '2.04',
  'plugin_file' => '/home2/vedannqu/admin.leafngo.org/wp-content/plugins/wp-reset/wp-reset.php',
  'plugin_page' => 'tools_page_wp-reset',
  'skip_hooks' => false,
  'debug' => true,
  'js_folder' => 'https://admin.leafngo.org/wp-content/plugins/wp-reset//js/',
)
array (
  'prefix' => 'wpr',
  'licensing_servers' => 
  array (
    0 => 'https://dashboard.wpreset.com/api/',
  ),
  'version' => '2.04',
  'slug' => 'wp-reset',
  'basename' => 'wp-reset/wp-reset.php',
  'plugin_page' => 'tools_page_wp-reset',
  'plugin_file' => '/home2/vedannqu/admin.leafngo.org/wp-content/plugins/wp-reset/wp-reset.php',
  'js_folder' => 'https://admin.leafngo.org/wp-content/plugins/wp-reset//js/',
  'api_ver' => 'v1/',
  'valid_forever' => '2035-01-01',
  'unlimited_installs' => 99999,
  'debug' => true,
  'filesystem_initialized' => false,
)

[Sun, 20 Jul 2025 10:40:33 +0000] wpr: __construct
array (
  'prefix' => 'wpr',
  'licensing_servers' => 
  array (
    0 => 'https://dashboard.wpreset.com/api/',
  ),
  'version' => '2.04',
  'plugin_file' => '/home2/vedannqu/admin.leafngo.org/wp-content/plugins/wp-reset/wp-reset.php',
  'plugin_page' => 'tools_page_wp-reset',
  'skip_hooks' => false,
  'debug' => true,
  'js_folder' => 'https://admin.leafngo.org/wp-content/plugins/wp-reset//js/',
)
array (
  'prefix' => 'wpr',
  'licensing_servers' => 
  array (
    0 => 'https://dashboard.wpreset.com/api/',
  ),
  'version' => '2.04',
  'slug' => 'wp-reset',
  'basename' => 'wp-reset/wp-reset.php',
  'plugin_page' => 'tools_page_wp-reset',
  'plugin_file' => '/home2/vedannqu/admin.leafngo.org/wp-content/plugins/wp-reset/wp-reset.php',
  'js_folder' => 'https://admin.leafngo.org/wp-content/plugins/wp-reset//js/',
  'api_ver' => 'v1/',
  'valid_forever' => '2035-01-01',
  'unlimited_installs' => 99999,
  'debug' => true,
  'filesystem_initialized' => false,
)

[Sun, 20 Jul 2025 10:40:49 +0000] wpr: __construct
array (
  'prefix' => 'wpr',
  'licensing_servers' => 
  array (
    0 => 'https://dashboard.wpreset.com/api/',
  ),
  'version' => '2.04',
  'plugin_file' => '/home2/vedannqu/admin.leafngo.org/wp-content/plugins/wp-reset/wp-reset.php',
  'plugin_page' => 'tools_page_wp-reset',
  'skip_hooks' => false,
  'debug' => true,
  'js_folder' => 'https://admin.leafngo.org/wp-content/plugins/wp-reset//js/',
)
array (
  'prefix' => 'wpr',
  'licensing_servers' => 
  array (
    0 => 'https://dashboard.wpreset.com/api/',
  ),
  'version' => '2.04',
  'slug' => 'wp-reset',
  'basename' => 'wp-reset/wp-reset.php',
  'plugin_page' => 'tools_page_wp-reset',
  'plugin_file' => '/home2/vedannqu/admin.leafngo.org/wp-content/plugins/wp-reset/wp-reset.php',
  'js_folder' => 'https://admin.leafngo.org/wp-content/plugins/wp-reset//js/',
  'api_ver' => 'v1/',
  'valid_forever' => '2035-01-01',
  'unlimited_installs' => 99999,
  'debug' => true,
  'filesystem_initialized' => false,
)

[Sun, 20 Jul 2025 10:40:55 +0000] wpr: __construct
array (
  'prefix' => 'wpr',
  'licensing_servers' => 
  array (
    0 => 'https://dashboard.wpreset.com/api/',
  ),
  'version' => '2.04',
  'plugin_file' => '/home2/vedannqu/admin.leafngo.org/wp-content/plugins/wp-reset/wp-reset.php',
  'plugin_page' => 'tools_page_wp-reset',
  'skip_hooks' => false,
  'debug' => true,
  'js_folder' => 'https://admin.leafngo.org/wp-content/plugins/wp-reset//js/',
)
array (
  'prefix' => 'wpr',
  'licensing_servers' => 
  array (
    0 => 'https://dashboard.wpreset.com/api/',
  ),
  'version' => '2.04',
  'slug' => 'wp-reset',
  'basename' => 'wp-reset/wp-reset.php',
  'plugin_page' => 'tools_page_wp-reset',
  'plugin_file' => '/home2/vedannqu/admin.leafngo.org/wp-content/plugins/wp-reset/wp-reset.php',
  'js_folder' => 'https://admin.leafngo.org/wp-content/plugins/wp-reset//js/',
  'api_ver' => 'v1/',
  'valid_forever' => '2035-01-01',
  'unlimited_installs' => 99999,
  'debug' => true,
  'filesystem_initialized' => false,
)

[Sun, 20 Jul 2025 10:40:55 +0000] wpr: __construct
array (
  'prefix' => 'wpr',
  'licensing_servers' => 
  array (
    0 => 'https://dashboard.wpreset.com/api/',
  ),
  'version' => '2.04',
  'plugin_file' => '/home2/vedannqu/admin.leafngo.org/wp-content/plugins/wp-reset/wp-reset.php',
  'plugin_page' => 'tools_page_wp-reset',
  'skip_hooks' => false,
  'debug' => true,
  'js_folder' => 'https://admin.leafngo.org/wp-content/plugins/wp-reset//js/',
)
array (
  'prefix' => 'wpr',
  'licensing_servers' => 
  array (
    0 => 'https://dashboard.wpreset.com/api/',
  ),
  'version' => '2.04',
  'slug' => 'wp-reset',
  'basename' => 'wp-reset/wp-reset.php',
  'plugin_page' => 'tools_page_wp-reset',
  'plugin_file' => '/home2/vedannqu/admin.leafngo.org/wp-content/plugins/wp-reset/wp-reset.php',
  'js_folder' => 'https://admin.leafngo.org/wp-content/plugins/wp-reset//js/',
  'api_ver' => 'v1/',
  'valid_forever' => '2035-01-01',
  'unlimited_installs' => 99999,
  'debug' => true,
  'filesystem_initialized' => false,
)

[Sun, 20 Jul 2025 10:41:04 +0000] wpr: __construct
array (
  'prefix' => 'wpr',
  'licensing_servers' => 
  array (
    0 => 'https://dashboard.wpreset.com/api/',
  ),
  'version' => '2.04',
  'plugin_file' => '/home2/vedannqu/admin.leafngo.org/wp-content/plugins/wp-reset/wp-reset.php',
  'plugin_page' => 'tools_page_wp-reset',
  'skip_hooks' => false,
  'debug' => true,
  'js_folder' => 'https://admin.leafngo.org/wp-content/plugins/wp-reset//js/',
)
array (
  'prefix' => 'wpr',
  'licensing_servers' => 
  array (
    0 => 'https://dashboard.wpreset.com/api/',
  ),
  'version' => '2.04',
  'slug' => 'wp-reset',
  'basename' => 'wp-reset/wp-reset.php',
  'plugin_page' => 'tools_page_wp-reset',
  'plugin_file' => '/home2/vedannqu/admin.leafngo.org/wp-content/plugins/wp-reset/wp-reset.php',
  'js_folder' => 'https://admin.leafngo.org/wp-content/plugins/wp-reset//js/',
  'api_ver' => 'v1/',
  'valid_forever' => '2035-01-01',
  'unlimited_installs' => 99999,
  'debug' => true,
  'filesystem_initialized' => false,
)

[Sun, 20 Jul 2025 10:41:12 +0000] wpr: __construct
array (
  'prefix' => 'wpr',
  'licensing_servers' => 
  array (
    0 => 'https://dashboard.wpreset.com/api/',
  ),
  'version' => '2.04',
  'plugin_file' => '/home2/vedannqu/admin.leafngo.org/wp-content/plugins/wp-reset/wp-reset.php',
  'plugin_page' => 'tools_page_wp-reset',
  'skip_hooks' => false,
  'debug' => true,
  'js_folder' => 'https://admin.leafngo.org/wp-content/plugins/wp-reset//js/',
)
array (
  'prefix' => 'wpr',
  'licensing_servers' => 
  array (
    0 => 'https://dashboard.wpreset.com/api/',
  ),
  'version' => '2.04',
  'slug' => 'wp-reset',
  'basename' => 'wp-reset/wp-reset.php',
  'plugin_page' => 'tools_page_wp-reset',
  'plugin_file' => '/home2/vedannqu/admin.leafngo.org/wp-content/plugins/wp-reset/wp-reset.php',
  'js_folder' => 'https://admin.leafngo.org/wp-content/plugins/wp-reset//js/',
  'api_ver' => 'v1/',
  'valid_forever' => '2035-01-01',
  'unlimited_installs' => 99999,
  'debug' => true,
  'filesystem_initialized' => false,
)

[Sun, 20 Jul 2025 10:41:18 +0000] wpr: __construct
array (
  'prefix' => 'wpr',
  'licensing_servers' => 
  array (
    0 => 'https://dashboard.wpreset.com/api/',
  ),
  'version' => '2.04',
  'plugin_file' => '/home2/vedannqu/admin.leafngo.org/wp-content/plugins/wp-reset/wp-reset.php',
  'plugin_page' => 'tools_page_wp-reset',
  'skip_hooks' => false,
  'debug' => true,
  'js_folder' => 'https://admin.leafngo.org/wp-content/plugins/wp-reset//js/',
)
array (
  'prefix' => 'wpr',
  'licensing_servers' => 
  array (
    0 => 'https://dashboard.wpreset.com/api/',
  ),
  'version' => '2.04',
  'slug' => 'wp-reset',
  'basename' => 'wp-reset/wp-reset.php',
  'plugin_page' => 'tools_page_wp-reset',
  'plugin_file' => '/home2/vedannqu/admin.leafngo.org/wp-content/plugins/wp-reset/wp-reset.php',
  'js_folder' => 'https://admin.leafngo.org/wp-content/plugins/wp-reset//js/',
  'api_ver' => 'v1/',
  'valid_forever' => '2035-01-01',
  'unlimited_installs' => 99999,
  'debug' => true,
  'filesystem_initialized' => false,
)

[Sun, 20 Jul 2025 10:41:34 +0000] wpr: __construct
array (
  'prefix' => 'wpr',
  'licensing_servers' => 
  array (
    0 => 'https://dashboard.wpreset.com/api/',
  ),
  'version' => '2.04',
  'plugin_file' => '/home2/vedannqu/admin.leafngo.org/wp-content/plugins/wp-reset/wp-reset.php',
  'plugin_page' => 'tools_page_wp-reset',
  'skip_hooks' => false,
  'debug' => true,
  'js_folder' => 'https://admin.leafngo.org/wp-content/plugins/wp-reset//js/',
)
array (
  'prefix' => 'wpr',
  'licensing_servers' => 
  array (
    0 => 'https://dashboard.wpreset.com/api/',
  ),
  'version' => '2.04',
  'slug' => 'wp-reset',
  'basename' => 'wp-reset/wp-reset.php',
  'plugin_page' => 'tools_page_wp-reset',
  'plugin_file' => '/home2/vedannqu/admin.leafngo.org/wp-content/plugins/wp-reset/wp-reset.php',
  'js_folder' => 'https://admin.leafngo.org/wp-content/plugins/wp-reset//js/',
  'api_ver' => 'v1/',
  'valid_forever' => '2035-01-01',
  'unlimited_installs' => 99999,
  'debug' => true,
  'filesystem_initialized' => false,
)

[Sun, 20 Jul 2025 10:41:41 +0000] wpr: __construct
array (
  'prefix' => 'wpr',
  'licensing_servers' => 
  array (
    0 => 'https://dashboard.wpreset.com/api/',
  ),
  'version' => '2.04',
  'plugin_file' => '/home2/vedannqu/admin.leafngo.org/wp-content/plugins/wp-reset/wp-reset.php',
  'plugin_page' => 'tools_page_wp-reset',
  'skip_hooks' => false,
  'debug' => true,
  'js_folder' => 'https://admin.leafngo.org/wp-content/plugins/wp-reset//js/',
)
array (
  'prefix' => 'wpr',
  'licensing_servers' => 
  array (
    0 => 'https://dashboard.wpreset.com/api/',
  ),
  'version' => '2.04',
  'slug' => 'wp-reset',
  'basename' => 'wp-reset/wp-reset.php',
  'plugin_page' => 'tools_page_wp-reset',
  'plugin_file' => '/home2/vedannqu/admin.leafngo.org/wp-content/plugins/wp-reset/wp-reset.php',
  'js_folder' => 'https://admin.leafngo.org/wp-content/plugins/wp-reset//js/',
  'api_ver' => 'v1/',
  'valid_forever' => '2035-01-01',
  'unlimited_installs' => 99999,
  'debug' => true,
  'filesystem_initialized' => false,
)

[Sun, 20 Jul 2025 10:41:43 +0000] wpr: __construct
array (
  'prefix' => 'wpr',
  'licensing_servers' => 
  array (
    0 => 'https://dashboard.wpreset.com/api/',
  ),
  'version' => '2.04',
  'plugin_file' => '/home2/vedannqu/admin.leafngo.org/wp-content/plugins/wp-reset/wp-reset.php',
  'plugin_page' => 'tools_page_wp-reset',
  'skip_hooks' => false,
  'debug' => true,
  'js_folder' => 'https://admin.leafngo.org/wp-content/plugins/wp-reset//js/',
)
array (
  'prefix' => 'wpr',
  'licensing_servers' => 
  array (
    0 => 'https://dashboard.wpreset.com/api/',
  ),
  'version' => '2.04',
  'slug' => 'wp-reset',
  'basename' => 'wp-reset/wp-reset.php',
  'plugin_page' => 'tools_page_wp-reset',
  'plugin_file' => '/home2/vedannqu/admin.leafngo.org/wp-content/plugins/wp-reset/wp-reset.php',
  'js_folder' => 'https://admin.leafngo.org/wp-content/plugins/wp-reset//js/',
  'api_ver' => 'v1/',
  'valid_forever' => '2035-01-01',
  'unlimited_installs' => 99999,
  'debug' => true,
  'filesystem_initialized' => false,
)

[Sun, 20 Jul 2025 10:41:49 +0000] wpr: __construct
array (
  'prefix' => 'wpr',
  'licensing_servers' => 
  array (
    0 => 'https://dashboard.wpreset.com/api/',
  ),
  'version' => '2.04',
  'plugin_file' => '/home2/vedannqu/admin.leafngo.org/wp-content/plugins/wp-reset/wp-reset.php',
  'plugin_page' => 'tools_page_wp-reset',
  'skip_hooks' => false,
  'debug' => true,
  'js_folder' => 'https://admin.leafngo.org/wp-content/plugins/wp-reset//js/',
)
array (
  'prefix' => 'wpr',
  'licensing_servers' => 
  array (
    0 => 'https://dashboard.wpreset.com/api/',
  ),
  'version' => '2.04',
  'slug' => 'wp-reset',
  'basename' => 'wp-reset/wp-reset.php',
  'plugin_page' => 'tools_page_wp-reset',
  'plugin_file' => '/home2/vedannqu/admin.leafngo.org/wp-content/plugins/wp-reset/wp-reset.php',
  'js_folder' => 'https://admin.leafngo.org/wp-content/plugins/wp-reset//js/',
  'api_ver' => 'v1/',
  'valid_forever' => '2035-01-01',
  'unlimited_installs' => 99999,
  'debug' => true,
  'filesystem_initialized' => false,
)

[Sun, 20 Jul 2025 10:41:56 +0000] wpr: __construct
array (
  'prefix' => 'wpr',
  'licensing_servers' => 
  array (
    0 => 'https://dashboard.wpreset.com/api/',
  ),
  'version' => '2.04',
  'plugin_file' => '/home2/vedannqu/admin.leafngo.org/wp-content/plugins/wp-reset/wp-reset.php',
  'plugin_page' => 'tools_page_wp-reset',
  'skip_hooks' => false,
  'debug' => true,
  'js_folder' => 'https://admin.leafngo.org/wp-content/plugins/wp-reset//js/',
)
array (
  'prefix' => 'wpr',
  'licensing_servers' => 
  array (
    0 => 'https://dashboard.wpreset.com/api/',
  ),
  'version' => '2.04',
  'slug' => 'wp-reset',
  'basename' => 'wp-reset/wp-reset.php',
  'plugin_page' => 'tools_page_wp-reset',
  'plugin_file' => '/home2/vedannqu/admin.leafngo.org/wp-content/plugins/wp-reset/wp-reset.php',
  'js_folder' => 'https://admin.leafngo.org/wp-content/plugins/wp-reset//js/',
  'api_ver' => 'v1/',
  'valid_forever' => '2035-01-01',
  'unlimited_installs' => 99999,
  'debug' => true,
  'filesystem_initialized' => false,
)

[Sun, 20 Jul 2025 10:41:57 +0000] wpr: __construct
array (
  'prefix' => 'wpr',
  'licensing_servers' => 
  array (
    0 => 'https://dashboard.wpreset.com/api/',
  ),
  'version' => '2.04',
  'plugin_file' => '/home2/vedannqu/admin.leafngo.org/wp-content/plugins/wp-reset/wp-reset.php',
  'plugin_page' => 'tools_page_wp-reset',
  'skip_hooks' => false,
  'debug' => true,
  'js_folder' => 'https://admin.leafngo.org/wp-content/plugins/wp-reset//js/',
)
array (
  'prefix' => 'wpr',
  'licensing_servers' => 
  array (
    0 => 'https://dashboard.wpreset.com/api/',
  ),
  'version' => '2.04',
  'slug' => 'wp-reset',
  'basename' => 'wp-reset/wp-reset.php',
  'plugin_page' => 'tools_page_wp-reset',
  'plugin_file' => '/home2/vedannqu/admin.leafngo.org/wp-content/plugins/wp-reset/wp-reset.php',
  'js_folder' => 'https://admin.leafngo.org/wp-content/plugins/wp-reset//js/',
  'api_ver' => 'v1/',
  'valid_forever' => '2035-01-01',
  'unlimited_installs' => 99999,
  'debug' => true,
  'filesystem_initialized' => false,
)

[Sun, 20 Jul 2025 10:42:04 +0000] wpr: __construct
array (
  'prefix' => 'wpr',
  'licensing_servers' => 
  array (
    0 => 'https://dashboard.wpreset.com/api/',
  ),
  'version' => '2.04',
  'plugin_file' => '/home2/vedannqu/admin.leafngo.org/wp-content/plugins/wp-reset/wp-reset.php',
  'plugin_page' => 'tools_page_wp-reset',
  'skip_hooks' => false,
  'debug' => true,
  'js_folder' => 'https://admin.leafngo.org/wp-content/plugins/wp-reset//js/',
)
array (
  'prefix' => 'wpr',
  'licensing_servers' => 
  array (
    0 => 'https://dashboard.wpreset.com/api/',
  ),
  'version' => '2.04',
  'slug' => 'wp-reset',
  'basename' => 'wp-reset/wp-reset.php',
  'plugin_page' => 'tools_page_wp-reset',
  'plugin_file' => '/home2/vedannqu/admin.leafngo.org/wp-content/plugins/wp-reset/wp-reset.php',
  'js_folder' => 'https://admin.leafngo.org/wp-content/plugins/wp-reset//js/',
  'api_ver' => 'v1/',
  'valid_forever' => '2035-01-01',
  'unlimited_installs' => 99999,
  'debug' => true,
  'filesystem_initialized' => false,
)

[Sun, 20 Jul 2025 10:42:12 +0000] wpr: __construct
array (
  'prefix' => 'wpr',
  'licensing_servers' => 
  array (
    0 => 'https://dashboard.wpreset.com/api/',
  ),
  'version' => '2.04',
  'plugin_file' => '/home2/vedannqu/admin.leafngo.org/wp-content/plugins/wp-reset/wp-reset.php',
  'plugin_page' => 'tools_page_wp-reset',
  'skip_hooks' => false,
  'debug' => true,
  'js_folder' => 'https://admin.leafngo.org/wp-content/plugins/wp-reset//js/',
)
array (
  'prefix' => 'wpr',
  'licensing_servers' => 
  array (
    0 => 'https://dashboard.wpreset.com/api/',
  ),
  'version' => '2.04',
  'slug' => 'wp-reset',
  'basename' => 'wp-reset/wp-reset.php',
  'plugin_page' => 'tools_page_wp-reset',
  'plugin_file' => '/home2/vedannqu/admin.leafngo.org/wp-content/plugins/wp-reset/wp-reset.php',
  'js_folder' => 'https://admin.leafngo.org/wp-content/plugins/wp-reset//js/',
  'api_ver' => 'v1/',
  'valid_forever' => '2035-01-01',
  'unlimited_installs' => 99999,
  'debug' => true,
  'filesystem_initialized' => false,
)

[Sun, 20 Jul 2025 10:42:14 +0000] wpr: __construct
array (
  'prefix' => 'wpr',
  'licensing_servers' => 
  array (
    0 => 'https://dashboard.wpreset.com/api/',
  ),
  'version' => '2.04',
  'plugin_file' => '/home2/vedannqu/admin.leafngo.org/wp-content/plugins/wp-reset/wp-reset.php',
  'plugin_page' => 'tools_page_wp-reset',
  'skip_hooks' => false,
  'debug' => true,
  'js_folder' => 'https://admin.leafngo.org/wp-content/plugins/wp-reset//js/',
)
array (
  'prefix' => 'wpr',
  'licensing_servers' => 
  array (
    0 => 'https://dashboard.wpreset.com/api/',
  ),
  'version' => '2.04',
  'slug' => 'wp-reset',
  'basename' => 'wp-reset/wp-reset.php',
  'plugin_page' => 'tools_page_wp-reset',
  'plugin_file' => '/home2/vedannqu/admin.leafngo.org/wp-content/plugins/wp-reset/wp-reset.php',
  'js_folder' => 'https://admin.leafngo.org/wp-content/plugins/wp-reset//js/',
  'api_ver' => 'v1/',
  'valid_forever' => '2035-01-01',
  'unlimited_installs' => 99999,
  'debug' => true,
  'filesystem_initialized' => false,
)

[Sun, 20 Jul 2025 10:42:18 +0000] wpr: __construct
array (
  'prefix' => 'wpr',
  'licensing_servers' => 
  array (
    0 => 'https://dashboard.wpreset.com/api/',
  ),
  'version' => '2.04',
  'plugin_file' => '/home2/vedannqu/admin.leafngo.org/wp-content/plugins/wp-reset/wp-reset.php',
  'plugin_page' => 'tools_page_wp-reset',
  'skip_hooks' => false,
  'debug' => true,
  'js_folder' => 'https://admin.leafngo.org/wp-content/plugins/wp-reset//js/',
)
array (
  'prefix' => 'wpr',
  'licensing_servers' => 
  array (
    0 => 'https://dashboard.wpreset.com/api/',
  ),
  'version' => '2.04',
  'slug' => 'wp-reset',
  'basename' => 'wp-reset/wp-reset.php',
  'plugin_page' => 'tools_page_wp-reset',
  'plugin_file' => '/home2/vedannqu/admin.leafngo.org/wp-content/plugins/wp-reset/wp-reset.php',
  'js_folder' => 'https://admin.leafngo.org/wp-content/plugins/wp-reset//js/',
  'api_ver' => 'v1/',
  'valid_forever' => '2035-01-01',
  'unlimited_installs' => 99999,
  'debug' => true,
  'filesystem_initialized' => false,
)

[Sun, 20 Jul 2025 10:42:33 +0000] wpr: __construct
array (
  'prefix' => 'wpr',
  'licensing_servers' => 
  array (
    0 => 'https://dashboard.wpreset.com/api/',
  ),
  'version' => '2.04',
  'plugin_file' => '/home2/vedannqu/admin.leafngo.org/wp-content/plugins/wp-reset/wp-reset.php',
  'plugin_page' => 'tools_page_wp-reset',
  'skip_hooks' => false,
  'debug' => true,
  'js_folder' => 'https://admin.leafngo.org/wp-content/plugins/wp-reset//js/',
)
array (
  'prefix' => 'wpr',
  'licensing_servers' => 
  array (
    0 => 'https://dashboard.wpreset.com/api/',
  ),
  'version' => '2.04',
  'slug' => 'wp-reset',
  'basename' => 'wp-reset/wp-reset.php',
  'plugin_page' => 'tools_page_wp-reset',
  'plugin_file' => '/home2/vedannqu/admin.leafngo.org/wp-content/plugins/wp-reset/wp-reset.php',
  'js_folder' => 'https://admin.leafngo.org/wp-content/plugins/wp-reset//js/',
  'api_ver' => 'v1/',
  'valid_forever' => '2035-01-01',
  'unlimited_installs' => 99999,
  'debug' => true,
  'filesystem_initialized' => false,
)

[Sun, 20 Jul 2025 10:42:37 +0000] wpr: __construct
array (
  'prefix' => 'wpr',
  'licensing_servers' => 
  array (
    0 => 'https://dashboard.wpreset.com/api/',
  ),
  'version' => '2.04',
  'plugin_file' => '/home2/vedannqu/admin.leafngo.org/wp-content/plugins/wp-reset/wp-reset.php',
  'plugin_page' => 'tools_page_wp-reset',
  'skip_hooks' => false,
  'debug' => true,
  'js_folder' => 'https://admin.leafngo.org/wp-content/plugins/wp-reset//js/',
)
array (
  'prefix' => 'wpr',
  'licensing_servers' => 
  array (
    0 => 'https://dashboard.wpreset.com/api/',
  ),
  'version' => '2.04',
  'slug' => 'wp-reset',
  'basename' => 'wp-reset/wp-reset.php',
  'plugin_page' => 'tools_page_wp-reset',
  'plugin_file' => '/home2/vedannqu/admin.leafngo.org/wp-content/plugins/wp-reset/wp-reset.php',
  'js_folder' => 'https://admin.leafngo.org/wp-content/plugins/wp-reset//js/',
  'api_ver' => 'v1/',
  'valid_forever' => '2035-01-01',
  'unlimited_installs' => 99999,
  'debug' => true,
  'filesystem_initialized' => false,
)

[Sun, 20 Jul 2025 10:42:48 +0000] wpr: __construct
array (
  'prefix' => 'wpr',
  'licensing_servers' => 
  array (
    0 => 'https://dashboard.wpreset.com/api/',
  ),
  'version' => '2.04',
  'plugin_file' => '/home2/vedannqu/admin.leafngo.org/wp-content/plugins/wp-reset/wp-reset.php',
  'plugin_page' => 'tools_page_wp-reset',
  'skip_hooks' => false,
  'debug' => true,
  'js_folder' => 'https://admin.leafngo.org/wp-content/plugins/wp-reset//js/',
)
array (
  'prefix' => 'wpr',
  'licensing_servers' => 
  array (
    0 => 'https://dashboard.wpreset.com/api/',
  ),
  'version' => '2.04',
  'slug' => 'wp-reset',
  'basename' => 'wp-reset/wp-reset.php',
  'plugin_page' => 'tools_page_wp-reset',
  'plugin_file' => '/home2/vedannqu/admin.leafngo.org/wp-content/plugins/wp-reset/wp-reset.php',
  'js_folder' => 'https://admin.leafngo.org/wp-content/plugins/wp-reset//js/',
  'api_ver' => 'v1/',
  'valid_forever' => '2035-01-01',
  'unlimited_installs' => 99999,
  'debug' => true,
  'filesystem_initialized' => false,
)

[Sun, 20 Jul 2025 10:43:04 +0000] wpr: __construct
array (
  'prefix' => 'wpr',
  'licensing_servers' => 
  array (
    0 => 'https://dashboard.wpreset.com/api/',
  ),
  'version' => '2.04',
  'plugin_file' => '/home2/vedannqu/admin.leafngo.org/wp-content/plugins/wp-reset/wp-reset.php',
  'plugin_page' => 'tools_page_wp-reset',
  'skip_hooks' => false,
  'debug' => true,
  'js_folder' => 'https://admin.leafngo.org/wp-content/plugins/wp-reset//js/',
)
array (
  'prefix' => 'wpr',
  'licensing_servers' => 
  array (
    0 => 'https://dashboard.wpreset.com/api/',
  ),
  'version' => '2.04',
  'slug' => 'wp-reset',
  'basename' => 'wp-reset/wp-reset.php',
  'plugin_page' => 'tools_page_wp-reset',
  'plugin_file' => '/home2/vedannqu/admin.leafngo.org/wp-content/plugins/wp-reset/wp-reset.php',
  'js_folder' => 'https://admin.leafngo.org/wp-content/plugins/wp-reset//js/',
  'api_ver' => 'v1/',
  'valid_forever' => '2035-01-01',
  'unlimited_installs' => 99999,
  'debug' => true,
  'filesystem_initialized' => false,
)

[Sun, 20 Jul 2025 10:43:05 +0000] wpr: __construct
array (
  'prefix' => 'wpr',
  'licensing_servers' => 
  array (
    0 => 'https://dashboard.wpreset.com/api/',
  ),
  'version' => '2.04',
  'plugin_file' => '/home2/vedannqu/admin.leafngo.org/wp-content/plugins/wp-reset/wp-reset.php',
  'plugin_page' => 'tools_page_wp-reset',
  'skip_hooks' => false,
  'debug' => true,
  'js_folder' => 'https://admin.leafngo.org/wp-content/plugins/wp-reset//js/',
)
array (
  'prefix' => 'wpr',
  'licensing_servers' => 
  array (
    0 => 'https://dashboard.wpreset.com/api/',
  ),
  'version' => '2.04',
  'slug' => 'wp-reset',
  'basename' => 'wp-reset/wp-reset.php',
  'plugin_page' => 'tools_page_wp-reset',
  'plugin_file' => '/home2/vedannqu/admin.leafngo.org/wp-content/plugins/wp-reset/wp-reset.php',
  'js_folder' => 'https://admin.leafngo.org/wp-content/plugins/wp-reset//js/',
  'api_ver' => 'v1/',
  'valid_forever' => '2035-01-01',
  'unlimited_installs' => 99999,
  'debug' => true,
  'filesystem_initialized' => false,
)

[Sun, 20 Jul 2025 10:43:10 +0000] wpr: __construct
array (
  'prefix' => 'wpr',
  'licensing_servers' => 
  array (
    0 => 'https://dashboard.wpreset.com/api/',
  ),
  'version' => '2.04',
  'plugin_file' => '/home2/vedannqu/admin.leafngo.org/wp-content/plugins/wp-reset/wp-reset.php',
  'plugin_page' => 'tools_page_wp-reset',
  'skip_hooks' => false,
  'debug' => true,
  'js_folder' => 'https://admin.leafngo.org/wp-content/plugins/wp-reset//js/',
)
array (
  'prefix' => 'wpr',
  'licensing_servers' => 
  array (
    0 => 'https://dashboard.wpreset.com/api/',
  ),
  'version' => '2.04',
  'slug' => 'wp-reset',
  'basename' => 'wp-reset/wp-reset.php',
  'plugin_page' => 'tools_page_wp-reset',
  'plugin_file' => '/home2/vedannqu/admin.leafngo.org/wp-content/plugins/wp-reset/wp-reset.php',
  'js_folder' => 'https://admin.leafngo.org/wp-content/plugins/wp-reset//js/',
  'api_ver' => 'v1/',
  'valid_forever' => '2035-01-01',
  'unlimited_installs' => 99999,
  'debug' => true,
  'filesystem_initialized' => false,
)

[Sun, 20 Jul 2025 10:43:12 +0000] wpr: __construct
array (
  'prefix' => 'wpr',
  'licensing_servers' => 
  array (
    0 => 'https://dashboard.wpreset.com/api/',
  ),
  'version' => '2.04',
  'plugin_file' => '/home2/vedannqu/admin.leafngo.org/wp-content/plugins/wp-reset/wp-reset.php',
  'plugin_page' => 'tools_page_wp-reset',
  'skip_hooks' => false,
  'debug' => true,
  'js_folder' => 'https://admin.leafngo.org/wp-content/plugins/wp-reset//js/',
)
array (
  'prefix' => 'wpr',
  'licensing_servers' => 
  array (
    0 => 'https://dashboard.wpreset.com/api/',
  ),
  'version' => '2.04',
  'slug' => 'wp-reset',
  'basename' => 'wp-reset/wp-reset.php',
  'plugin_page' => 'tools_page_wp-reset',
  'plugin_file' => '/home2/vedannqu/admin.leafngo.org/wp-content/plugins/wp-reset/wp-reset.php',
  'js_folder' => 'https://admin.leafngo.org/wp-content/plugins/wp-reset//js/',
  'api_ver' => 'v1/',
  'valid_forever' => '2035-01-01',
  'unlimited_installs' => 99999,
  'debug' => true,
  'filesystem_initialized' => false,
)

[Sun, 20 Jul 2025 10:43:13 +0000] wpr: __construct
array (
  'prefix' => 'wpr',
  'licensing_servers' => 
  array (
    0 => 'https://dashboard.wpreset.com/api/',
  ),
  'version' => '2.04',
  'plugin_file' => '/home2/vedannqu/admin.leafngo.org/wp-content/plugins/wp-reset/wp-reset.php',
  'plugin_page' => 'tools_page_wp-reset',
  'skip_hooks' => false,
  'debug' => true,
  'js_folder' => 'https://admin.leafngo.org/wp-content/plugins/wp-reset//js/',
)
array (
  'prefix' => 'wpr',
  'licensing_servers' => 
  array (
    0 => 'https://dashboard.wpreset.com/api/',
  ),
  'version' => '2.04',
  'slug' => 'wp-reset',
  'basename' => 'wp-reset/wp-reset.php',
  'plugin_page' => 'tools_page_wp-reset',
  'plugin_file' => '/home2/vedannqu/admin.leafngo.org/wp-content/plugins/wp-reset/wp-reset.php',
  'js_folder' => 'https://admin.leafngo.org/wp-content/plugins/wp-reset//js/',
  'api_ver' => 'v1/',
  'valid_forever' => '2035-01-01',
  'unlimited_installs' => 99999,
  'debug' => true,
  'filesystem_initialized' => false,
)

[Sun, 20 Jul 2025 10:43:19 +0000] wpr: __construct
array (
  'prefix' => 'wpr',
  'licensing_servers' => 
  array (
    0 => 'https://dashboard.wpreset.com/api/',
  ),
  'version' => '2.04',
  'plugin_file' => '/home2/vedannqu/admin.leafngo.org/wp-content/plugins/wp-reset/wp-reset.php',
  'plugin_page' => 'tools_page_wp-reset',
  'skip_hooks' => false,
  'debug' => true,
  'js_folder' => 'https://admin.leafngo.org/wp-content/plugins/wp-reset//js/',
)
array (
  'prefix' => 'wpr',
  'licensing_servers' => 
  array (
    0 => 'https://dashboard.wpreset.com/api/',
  ),
  'version' => '2.04',
  'slug' => 'wp-reset',
  'basename' => 'wp-reset/wp-reset.php',
  'plugin_page' => 'tools_page_wp-reset',
  'plugin_file' => '/home2/vedannqu/admin.leafngo.org/wp-content/plugins/wp-reset/wp-reset.php',
  'js_folder' => 'https://admin.leafngo.org/wp-content/plugins/wp-reset//js/',
  'api_ver' => 'v1/',
  'valid_forever' => '2035-01-01',
  'unlimited_installs' => 99999,
  'debug' => true,
  'filesystem_initialized' => false,
)

[Sun, 20 Jul 2025 10:43:29 +0000] wpr: __construct
array (
  'prefix' => 'wpr',
  'licensing_servers' => 
  array (
    0 => 'https://dashboard.wpreset.com/api/',
  ),
  'version' => '2.04',
  'plugin_file' => '/home2/vedannqu/admin.leafngo.org/wp-content/plugins/wp-reset/wp-reset.php',
  'plugin_page' => 'tools_page_wp-reset',
  'skip_hooks' => false,
  'debug' => true,
  'js_folder' => 'https://admin.leafngo.org/wp-content/plugins/wp-reset//js/',
)
array (
  'prefix' => 'wpr',
  'licensing_servers' => 
  array (
    0 => 'https://dashboard.wpreset.com/api/',
  ),
  'version' => '2.04',
  'slug' => 'wp-reset',
  'basename' => 'wp-reset/wp-reset.php',
  'plugin_page' => 'tools_page_wp-reset',
  'plugin_file' => '/home2/vedannqu/admin.leafngo.org/wp-content/plugins/wp-reset/wp-reset.php',
  'js_folder' => 'https://admin.leafngo.org/wp-content/plugins/wp-reset//js/',
  'api_ver' => 'v1/',
  'valid_forever' => '2035-01-01',
  'unlimited_installs' => 99999,
  'debug' => true,
  'filesystem_initialized' => false,
)

[Sun, 20 Jul 2025 10:43:29 +0000] wpr: __construct
array (
  'prefix' => 'wpr',
  'licensing_servers' => 
  array (
    0 => 'https://dashboard.wpreset.com/api/',
  ),
  'version' => '2.04',
  'plugin_file' => '/home2/vedannqu/admin.leafngo.org/wp-content/plugins/wp-reset/wp-reset.php',
  'plugin_page' => 'tools_page_wp-reset',
  'skip_hooks' => false,
  'debug' => true,
  'js_folder' => 'https://admin.leafngo.org/wp-content/plugins/wp-reset//js/',
)
array (
  'prefix' => 'wpr',
  'licensing_servers' => 
  array (
    0 => 'https://dashboard.wpreset.com/api/',
  ),
  'version' => '2.04',
  'slug' => 'wp-reset',
  'basename' => 'wp-reset/wp-reset.php',
  'plugin_page' => 'tools_page_wp-reset',
  'plugin_file' => '/home2/vedannqu/admin.leafngo.org/wp-content/plugins/wp-reset/wp-reset.php',
  'js_folder' => 'https://admin.leafngo.org/wp-content/plugins/wp-reset//js/',
  'api_ver' => 'v1/',
  'valid_forever' => '2035-01-01',
  'unlimited_installs' => 99999,
  'debug' => true,
  'filesystem_initialized' => false,
)

[Sun, 20 Jul 2025 10:43:34 +0000] wpr: __construct
array (
  'prefix' => 'wpr',
  'licensing_servers' => 
  array (
    0 => 'https://dashboard.wpreset.com/api/',
  ),
  'version' => '2.04',
  'plugin_file' => '/home2/vedannqu/admin.leafngo.org/wp-content/plugins/wp-reset/wp-reset.php',
  'plugin_page' => 'tools_page_wp-reset',
  'skip_hooks' => false,
  'debug' => true,
  'js_folder' => 'https://admin.leafngo.org/wp-content/plugins/wp-reset//js/',
)
array (
  'prefix' => 'wpr',
  'licensing_servers' => 
  array (
    0 => 'https://dashboard.wpreset.com/api/',
  ),
  'version' => '2.04',
  'slug' => 'wp-reset',
  'basename' => 'wp-reset/wp-reset.php',
  'plugin_page' => 'tools_page_wp-reset',
  'plugin_file' => '/home2/vedannqu/admin.leafngo.org/wp-content/plugins/wp-reset/wp-reset.php',
  'js_folder' => 'https://admin.leafngo.org/wp-content/plugins/wp-reset//js/',
  'api_ver' => 'v1/',
  'valid_forever' => '2035-01-01',
  'unlimited_installs' => 99999,
  'debug' => true,
  'filesystem_initialized' => false,
)

[Sun, 20 Jul 2025 10:43:49 +0000] wpr: __construct
array (
  'prefix' => 'wpr',
  'licensing_servers' => 
  array (
    0 => 'https://dashboard.wpreset.com/api/',
  ),
  'version' => '2.04',
  'plugin_file' => '/home2/vedannqu/admin.leafngo.org/wp-content/plugins/wp-reset/wp-reset.php',
  'plugin_page' => 'tools_page_wp-reset',
  'skip_hooks' => false,
  'debug' => true,
  'js_folder' => 'https://admin.leafngo.org/wp-content/plugins/wp-reset//js/',
)
array (
  'prefix' => 'wpr',
  'licensing_servers' => 
  array (
    0 => 'https://dashboard.wpreset.com/api/',
  ),
  'version' => '2.04',
  'slug' => 'wp-reset',
  'basename' => 'wp-reset/wp-reset.php',
  'plugin_page' => 'tools_page_wp-reset',
  'plugin_file' => '/home2/vedannqu/admin.leafngo.org/wp-content/plugins/wp-reset/wp-reset.php',
  'js_folder' => 'https://admin.leafngo.org/wp-content/plugins/wp-reset//js/',
  'api_ver' => 'v1/',
  'valid_forever' => '2035-01-01',
  'unlimited_installs' => 99999,
  'debug' => true,
  'filesystem_initialized' => false,
)

[Sun, 20 Jul 2025 10:44:00 +0000] wpr: __construct
array (
  'prefix' => 'wpr',
  'licensing_servers' => 
  array (
    0 => 'https://dashboard.wpreset.com/api/',
  ),
  'version' => '2.04',
  'plugin_file' => '/home2/vedannqu/admin.leafngo.org/wp-content/plugins/wp-reset/wp-reset.php',
  'plugin_page' => 'tools_page_wp-reset',
  'skip_hooks' => false,
  'debug' => true,
  'js_folder' => 'https://admin.leafngo.org/wp-content/plugins/wp-reset//js/',
)
array (
  'prefix' => 'wpr',
  'licensing_servers' => 
  array (
    0 => 'https://dashboard.wpreset.com/api/',
  ),
  'version' => '2.04',
  'slug' => 'wp-reset',
  'basename' => 'wp-reset/wp-reset.php',
  'plugin_page' => 'tools_page_wp-reset',
  'plugin_file' => '/home2/vedannqu/admin.leafngo.org/wp-content/plugins/wp-reset/wp-reset.php',
  'js_folder' => 'https://admin.leafngo.org/wp-content/plugins/wp-reset//js/',
  'api_ver' => 'v1/',
  'valid_forever' => '2035-01-01',
  'unlimited_installs' => 99999,
  'debug' => true,
  'filesystem_initialized' => false,
)

[Sun, 20 Jul 2025 10:44:02 +0000] wpr: __construct
array (
  'prefix' => 'wpr',
  'licensing_servers' => 
  array (
    0 => 'https://dashboard.wpreset.com/api/',
  ),
  'version' => '2.04',
  'plugin_file' => '/home2/vedannqu/admin.leafngo.org/wp-content/plugins/wp-reset/wp-reset.php',
  'plugin_page' => 'tools_page_wp-reset',
  'skip_hooks' => false,
  'debug' => true,
  'js_folder' => 'https://admin.leafngo.org/wp-content/plugins/wp-reset//js/',
)
array (
  'prefix' => 'wpr',
  'licensing_servers' => 
  array (
    0 => 'https://dashboard.wpreset.com/api/',
  ),
  'version' => '2.04',
  'slug' => 'wp-reset',
  'basename' => 'wp-reset/wp-reset.php',
  'plugin_page' => 'tools_page_wp-reset',
  'plugin_file' => '/home2/vedannqu/admin.leafngo.org/wp-content/plugins/wp-reset/wp-reset.php',
  'js_folder' => 'https://admin.leafngo.org/wp-content/plugins/wp-reset//js/',
  'api_ver' => 'v1/',
  'valid_forever' => '2035-01-01',
  'unlimited_installs' => 99999,
  'debug' => true,
  'filesystem_initialized' => false,
)

[Sun, 20 Jul 2025 10:44:04 +0000] wpr: __construct
array (
  'prefix' => 'wpr',
  'licensing_servers' => 
  array (
    0 => 'https://dashboard.wpreset.com/api/',
  ),
  'version' => '2.04',
  'plugin_file' => '/home2/vedannqu/admin.leafngo.org/wp-content/plugins/wp-reset/wp-reset.php',
  'plugin_page' => 'tools_page_wp-reset',
  'skip_hooks' => false,
  'debug' => true,
  'js_folder' => 'https://admin.leafngo.org/wp-content/plugins/wp-reset//js/',
)
array (
  'prefix' => 'wpr',
  'licensing_servers' => 
  array (
    0 => 'https://dashboard.wpreset.com/api/',
  ),
  'version' => '2.04',
  'slug' => 'wp-reset',
  'basename' => 'wp-reset/wp-reset.php',
  'plugin_page' => 'tools_page_wp-reset',
  'plugin_file' => '/home2/vedannqu/admin.leafngo.org/wp-content/plugins/wp-reset/wp-reset.php',
  'js_folder' => 'https://admin.leafngo.org/wp-content/plugins/wp-reset//js/',
  'api_ver' => 'v1/',
  'valid_forever' => '2035-01-01',
  'unlimited_installs' => 99999,
  'debug' => true,
  'filesystem_initialized' => false,
)

[Sun, 20 Jul 2025 10:44:13 +0000] wpr: __construct
array (
  'prefix' => 'wpr',
  'licensing_servers' => 
  array (
    0 => 'https://dashboard.wpreset.com/api/',
  ),
  'version' => '2.04',
  'plugin_file' => '/home2/vedannqu/admin.leafngo.org/wp-content/plugins/wp-reset/wp-reset.php',
  'plugin_page' => 'tools_page_wp-reset',
  'skip_hooks' => false,
  'debug' => true,
  'js_folder' => 'https://admin.leafngo.org/wp-content/plugins/wp-reset//js/',
)
array (
  'prefix' => 'wpr',
  'licensing_servers' => 
  array (
    0 => 'https://dashboard.wpreset.com/api/',
  ),
  'version' => '2.04',
  'slug' => 'wp-reset',
  'basename' => 'wp-reset/wp-reset.php',
  'plugin_page' => 'tools_page_wp-reset',
  'plugin_file' => '/home2/vedannqu/admin.leafngo.org/wp-content/plugins/wp-reset/wp-reset.php',
  'js_folder' => 'https://admin.leafngo.org/wp-content/plugins/wp-reset//js/',
  'api_ver' => 'v1/',
  'valid_forever' => '2035-01-01',
  'unlimited_installs' => 99999,
  'debug' => true,
  'filesystem_initialized' => false,
)

[Sun, 20 Jul 2025 10:44:14 +0000] wpr: __construct
array (
  'prefix' => 'wpr',
  'licensing_servers' => 
  array (
    0 => 'https://dashboard.wpreset.com/api/',
  ),
  'version' => '2.04',
  'plugin_file' => '/home2/vedannqu/admin.leafngo.org/wp-content/plugins/wp-reset/wp-reset.php',
  'plugin_page' => 'tools_page_wp-reset',
  'skip_hooks' => false,
  'debug' => true,
  'js_folder' => 'https://admin.leafngo.org/wp-content/plugins/wp-reset//js/',
)
array (
  'prefix' => 'wpr',
  'licensing_servers' => 
  array (
    0 => 'https://dashboard.wpreset.com/api/',
  ),
  'version' => '2.04',
  'slug' => 'wp-reset',
  'basename' => 'wp-reset/wp-reset.php',
  'plugin_page' => 'tools_page_wp-reset',
  'plugin_file' => '/home2/vedannqu/admin.leafngo.org/wp-content/plugins/wp-reset/wp-reset.php',
  'js_folder' => 'https://admin.leafngo.org/wp-content/plugins/wp-reset//js/',
  'api_ver' => 'v1/',
  'valid_forever' => '2035-01-01',
  'unlimited_installs' => 99999,
  'debug' => true,
  'filesystem_initialized' => false,
)

[Sun, 20 Jul 2025 10:44:19 +0000] wpr: __construct
array (
  'prefix' => 'wpr',
  'licensing_servers' => 
  array (
    0 => 'https://dashboard.wpreset.com/api/',
  ),
  'version' => '2.04',
  'plugin_file' => '/home2/vedannqu/admin.leafngo.org/wp-content/plugins/wp-reset/wp-reset.php',
  'plugin_page' => 'tools_page_wp-reset',
  'skip_hooks' => false,
  'debug' => true,
  'js_folder' => 'https://admin.leafngo.org/wp-content/plugins/wp-reset//js/',
)
array (
  'prefix' => 'wpr',
  'licensing_servers' => 
  array (
    0 => 'https://dashboard.wpreset.com/api/',
  ),
  'version' => '2.04',
  'slug' => 'wp-reset',
  'basename' => 'wp-reset/wp-reset.php',
  'plugin_page' => 'tools_page_wp-reset',
  'plugin_file' => '/home2/vedannqu/admin.leafngo.org/wp-content/plugins/wp-reset/wp-reset.php',
  'js_folder' => 'https://admin.leafngo.org/wp-content/plugins/wp-reset//js/',
  'api_ver' => 'v1/',
  'valid_forever' => '2035-01-01',
  'unlimited_installs' => 99999,
  'debug' => true,
  'filesystem_initialized' => false,
)

[Sun, 20 Jul 2025 10:44:24 +0000] wpr: __construct
array (
  'prefix' => 'wpr',
  'licensing_servers' => 
  array (
    0 => 'https://dashboard.wpreset.com/api/',
  ),
  'version' => '2.04',
  'plugin_file' => '/home2/vedannqu/admin.leafngo.org/wp-content/plugins/wp-reset/wp-reset.php',
  'plugin_page' => 'tools_page_wp-reset',
  'skip_hooks' => false,
  'debug' => true,
  'js_folder' => 'https://admin.leafngo.org/wp-content/plugins/wp-reset//js/',
)
array (
  'prefix' => 'wpr',
  'licensing_servers' => 
  array (
    0 => 'https://dashboard.wpreset.com/api/',
  ),
  'version' => '2.04',
  'slug' => 'wp-reset',
  'basename' => 'wp-reset/wp-reset.php',
  'plugin_page' => 'tools_page_wp-reset',
  'plugin_file' => '/home2/vedannqu/admin.leafngo.org/wp-content/plugins/wp-reset/wp-reset.php',
  'js_folder' => 'https://admin.leafngo.org/wp-content/plugins/wp-reset//js/',
  'api_ver' => 'v1/',
  'valid_forever' => '2035-01-01',
  'unlimited_installs' => 99999,
  'debug' => true,
  'filesystem_initialized' => false,
)

[Sun, 20 Jul 2025 10:44:25 +0000] wpr: __construct
array (
  'prefix' => 'wpr',
  'licensing_servers' => 
  array (
    0 => 'https://dashboard.wpreset.com/api/',
  ),
  'version' => '2.04',
  'plugin_file' => '/home2/vedannqu/admin.leafngo.org/wp-content/plugins/wp-reset/wp-reset.php',
  'plugin_page' => 'tools_page_wp-reset',
  'skip_hooks' => false,
  'debug' => true,
  'js_folder' => 'https://admin.leafngo.org/wp-content/plugins/wp-reset//js/',
)
array (
  'prefix' => 'wpr',
  'licensing_servers' => 
  array (
    0 => 'https://dashboard.wpreset.com/api/',
  ),
  'version' => '2.04',
  'slug' => 'wp-reset',
  'basename' => 'wp-reset/wp-reset.php',
  'plugin_page' => 'tools_page_wp-reset',
  'plugin_file' => '/home2/vedannqu/admin.leafngo.org/wp-content/plugins/wp-reset/wp-reset.php',
  'js_folder' => 'https://admin.leafngo.org/wp-content/plugins/wp-reset//js/',
  'api_ver' => 'v1/',
  'valid_forever' => '2035-01-01',
  'unlimited_installs' => 99999,
  'debug' => true,
  'filesystem_initialized' => false,
)

[Sun, 20 Jul 2025 10:44:34 +0000] wpr: __construct
array (
  'prefix' => 'wpr',
  'licensing_servers' => 
  array (
    0 => 'https://dashboard.wpreset.com/api/',
  ),
  'version' => '2.04',
  'plugin_file' => '/home2/vedannqu/admin.leafngo.org/wp-content/plugins/wp-reset/wp-reset.php',
  'plugin_page' => 'tools_page_wp-reset',
  'skip_hooks' => false,
  'debug' => true,
  'js_folder' => 'https://admin.leafngo.org/wp-content/plugins/wp-reset//js/',
)
array (
  'prefix' => 'wpr',
  'licensing_servers' => 
  array (
    0 => 'https://dashboard.wpreset.com/api/',
  ),
  'version' => '2.04',
  'slug' => 'wp-reset',
  'basename' => 'wp-reset/wp-reset.php',
  'plugin_page' => 'tools_page_wp-reset',
  'plugin_file' => '/home2/vedannqu/admin.leafngo.org/wp-content/plugins/wp-reset/wp-reset.php',
  'js_folder' => 'https://admin.leafngo.org/wp-content/plugins/wp-reset//js/',
  'api_ver' => 'v1/',
  'valid_forever' => '2035-01-01',
  'unlimited_installs' => 99999,
  'debug' => true,
  'filesystem_initialized' => false,
)

[Sun, 20 Jul 2025 10:44:37 +0000] wpr: __construct
array (
  'prefix' => 'wpr',
  'licensing_servers' => 
  array (
    0 => 'https://dashboard.wpreset.com/api/',
  ),
  'version' => '2.04',
  'plugin_file' => '/home2/vedannqu/admin.leafngo.org/wp-content/plugins/wp-reset/wp-reset.php',
  'plugin_page' => 'tools_page_wp-reset',
  'skip_hooks' => false,
  'debug' => true,
  'js_folder' => 'https://admin.leafngo.org/wp-content/plugins/wp-reset//js/',
)
array (
  'prefix' => 'wpr',
  'licensing_servers' => 
  array (
    0 => 'https://dashboard.wpreset.com/api/',
  ),
  'version' => '2.04',
  'slug' => 'wp-reset',
  'basename' => 'wp-reset/wp-reset.php',
  'plugin_page' => 'tools_page_wp-reset',
  'plugin_file' => '/home2/vedannqu/admin.leafngo.org/wp-content/plugins/wp-reset/wp-reset.php',
  'js_folder' => 'https://admin.leafngo.org/wp-content/plugins/wp-reset//js/',
  'api_ver' => 'v1/',
  'valid_forever' => '2035-01-01',
  'unlimited_installs' => 99999,
  'debug' => true,
  'filesystem_initialized' => false,
)

[Sun, 20 Jul 2025 10:44:38 +0000] wpr: __construct
array (
  'prefix' => 'wpr',
  'licensing_servers' => 
  array (
    0 => 'https://dashboard.wpreset.com/api/',
  ),
  'version' => '2.04',
  'plugin_file' => '/home2/vedannqu/admin.leafngo.org/wp-content/plugins/wp-reset/wp-reset.php',
  'plugin_page' => 'tools_page_wp-reset',
  'skip_hooks' => false,
  'debug' => true,
  'js_folder' => 'https://admin.leafngo.org/wp-content/plugins/wp-reset//js/',
)
array (
  'prefix' => 'wpr',
  'licensing_servers' => 
  array (
    0 => 'https://dashboard.wpreset.com/api/',
  ),
  'version' => '2.04',
  'slug' => 'wp-reset',
  'basename' => 'wp-reset/wp-reset.php',
  'plugin_page' => 'tools_page_wp-reset',
  'plugin_file' => '/home2/vedannqu/admin.leafngo.org/wp-content/plugins/wp-reset/wp-reset.php',
  'js_folder' => 'https://admin.leafngo.org/wp-content/plugins/wp-reset//js/',
  'api_ver' => 'v1/',
  'valid_forever' => '2035-01-01',
  'unlimited_installs' => 99999,
  'debug' => true,
  'filesystem_initialized' => false,
)

[Sun, 20 Jul 2025 10:44:48 +0000] wpr: __construct
array (
  'prefix' => 'wpr',
  'licensing_servers' => 
  array (
    0 => 'https://dashboard.wpreset.com/api/',
  ),
  'version' => '2.04',
  'plugin_file' => '/home2/vedannqu/admin.leafngo.org/wp-content/plugins/wp-reset/wp-reset.php',
  'plugin_page' => 'tools_page_wp-reset',
  'skip_hooks' => false,
  'debug' => true,
  'js_folder' => 'https://admin.leafngo.org/wp-content/plugins/wp-reset//js/',
)
array (
  'prefix' => 'wpr',
  'licensing_servers' => 
  array (
    0 => 'https://dashboard.wpreset.com/api/',
  ),
  'version' => '2.04',
  'slug' => 'wp-reset',
  'basename' => 'wp-reset/wp-reset.php',
  'plugin_page' => 'tools_page_wp-reset',
  'plugin_file' => '/home2/vedannqu/admin.leafngo.org/wp-content/plugins/wp-reset/wp-reset.php',
  'js_folder' => 'https://admin.leafngo.org/wp-content/plugins/wp-reset//js/',
  'api_ver' => 'v1/',
  'valid_forever' => '2035-01-01',
  'unlimited_installs' => 99999,
  'debug' => true,
  'filesystem_initialized' => false,
)

[Sun, 20 Jul 2025 10:44:49 +0000] wpr: __construct
array (
  'prefix' => 'wpr',
  'licensing_servers' => 
  array (
    0 => 'https://dashboard.wpreset.com/api/',
  ),
  'version' => '2.04',
  'plugin_file' => '/home2/vedannqu/admin.leafngo.org/wp-content/plugins/wp-reset/wp-reset.php',
  'plugin_page' => 'tools_page_wp-reset',
  'skip_hooks' => false,
  'debug' => true,
  'js_folder' => 'https://admin.leafngo.org/wp-content/plugins/wp-reset//js/',
)
array (
  'prefix' => 'wpr',
  'licensing_servers' => 
  array (
    0 => 'https://dashboard.wpreset.com/api/',
  ),
  'version' => '2.04',
  'slug' => 'wp-reset',
  'basename' => 'wp-reset/wp-reset.php',
  'plugin_page' => 'tools_page_wp-reset',
  'plugin_file' => '/home2/vedannqu/admin.leafngo.org/wp-content/plugins/wp-reset/wp-reset.php',
  'js_folder' => 'https://admin.leafngo.org/wp-content/plugins/wp-reset//js/',
  'api_ver' => 'v1/',
  'valid_forever' => '2035-01-01',
  'unlimited_installs' => 99999,
  'debug' => true,
  'filesystem_initialized' => false,
)

[Sun, 20 Jul 2025 10:44:49 +0000] wpr: __construct
array (
  'prefix' => 'wpr',
  'licensing_servers' => 
  array (
    0 => 'https://dashboard.wpreset.com/api/',
  ),
  'version' => '2.04',
  'plugin_file' => '/home2/vedannqu/admin.leafngo.org/wp-content/plugins/wp-reset/wp-reset.php',
  'plugin_page' => 'tools_page_wp-reset',
  'skip_hooks' => false,
  'debug' => true,
  'js_folder' => 'https://admin.leafngo.org/wp-content/plugins/wp-reset//js/',
)
array (
  'prefix' => 'wpr',
  'licensing_servers' => 
  array (
    0 => 'https://dashboard.wpreset.com/api/',
  ),
  'version' => '2.04',
  'slug' => 'wp-reset',
  'basename' => 'wp-reset/wp-reset.php',
  'plugin_page' => 'tools_page_wp-reset',
  'plugin_file' => '/home2/vedannqu/admin.leafngo.org/wp-content/plugins/wp-reset/wp-reset.php',
  'js_folder' => 'https://admin.leafngo.org/wp-content/plugins/wp-reset//js/',
  'api_ver' => 'v1/',
  'valid_forever' => '2035-01-01',
  'unlimited_installs' => 99999,
  'debug' => true,
  'filesystem_initialized' => false,
)

[Sun, 20 Jul 2025 10:44:50 +0000] wpr: __construct
array (
  'prefix' => 'wpr',
  'licensing_servers' => 
  array (
    0 => 'https://dashboard.wpreset.com/api/',
  ),
  'version' => '2.04',
  'plugin_file' => '/home2/vedannqu/admin.leafngo.org/wp-content/plugins/wp-reset/wp-reset.php',
  'plugin_page' => 'tools_page_wp-reset',
  'skip_hooks' => false,
  'debug' => true,
  'js_folder' => 'https://admin.leafngo.org/wp-content/plugins/wp-reset//js/',
)
array (
  'prefix' => 'wpr',
  'licensing_servers' => 
  array (
    0 => 'https://dashboard.wpreset.com/api/',
  ),
  'version' => '2.04',
  'slug' => 'wp-reset',
  'basename' => 'wp-reset/wp-reset.php',
  'plugin_page' => 'tools_page_wp-reset',
  'plugin_file' => '/home2/vedannqu/admin.leafngo.org/wp-content/plugins/wp-reset/wp-reset.php',
  'js_folder' => 'https://admin.leafngo.org/wp-content/plugins/wp-reset//js/',
  'api_ver' => 'v1/',
  'valid_forever' => '2035-01-01',
  'unlimited_installs' => 99999,
  'debug' => true,
  'filesystem_initialized' => false,
)

[Sun, 20 Jul 2025 10:44:51 +0000] wpr: __construct
array (
  'prefix' => 'wpr',
  'licensing_servers' => 
  array (
    0 => 'https://dashboard.wpreset.com/api/',
  ),
  'version' => '2.04',
  'plugin_file' => '/home2/vedannqu/admin.leafngo.org/wp-content/plugins/wp-reset/wp-reset.php',
  'plugin_page' => 'tools_page_wp-reset',
  'skip_hooks' => false,
  'debug' => true,
  'js_folder' => 'https://admin.leafngo.org/wp-content/plugins/wp-reset//js/',
)
array (
  'prefix' => 'wpr',
  'licensing_servers' => 
  array (
    0 => 'https://dashboard.wpreset.com/api/',
  ),
  'version' => '2.04',
  'slug' => 'wp-reset',
  'basename' => 'wp-reset/wp-reset.php',
  'plugin_page' => 'tools_page_wp-reset',
  'plugin_file' => '/home2/vedannqu/admin.leafngo.org/wp-content/plugins/wp-reset/wp-reset.php',
  'js_folder' => 'https://admin.leafngo.org/wp-content/plugins/wp-reset//js/',
  'api_ver' => 'v1/',
  'valid_forever' => '2035-01-01',
  'unlimited_installs' => 99999,
  'debug' => true,
  'filesystem_initialized' => false,
)

[Sun, 20 Jul 2025 10:45:06 +0000] wpr: __construct
array (
  'prefix' => 'wpr',
  'licensing_servers' => 
  array (
    0 => 'https://dashboard.wpreset.com/api/',
  ),
  'version' => '2.04',
  'plugin_file' => '/home2/vedannqu/admin.leafngo.org/wp-content/plugins/wp-reset/wp-reset.php',
  'plugin_page' => 'tools_page_wp-reset',
  'skip_hooks' => false,
  'debug' => true,
  'js_folder' => 'https://admin.leafngo.org/wp-content/plugins/wp-reset//js/',
)
array (
  'prefix' => 'wpr',
  'licensing_servers' => 
  array (
    0 => 'https://dashboard.wpreset.com/api/',
  ),
  'version' => '2.04',
  'slug' => 'wp-reset',
  'basename' => 'wp-reset/wp-reset.php',
  'plugin_page' => 'tools_page_wp-reset',
  'plugin_file' => '/home2/vedannqu/admin.leafngo.org/wp-content/plugins/wp-reset/wp-reset.php',
  'js_folder' => 'https://admin.leafngo.org/wp-content/plugins/wp-reset//js/',
  'api_ver' => 'v1/',
  'valid_forever' => '2035-01-01',
  'unlimited_installs' => 99999,
  'debug' => true,
  'filesystem_initialized' => false,
)

[Sun, 20 Jul 2025 10:45:06 +0000] wpr: __construct
array (
  'prefix' => 'wpr',
  'licensing_servers' => 
  array (
    0 => 'https://dashboard.wpreset.com/api/',
  ),
  'version' => '2.04',
  'plugin_file' => '/home2/vedannqu/admin.leafngo.org/wp-content/plugins/wp-reset/wp-reset.php',
  'plugin_page' => 'tools_page_wp-reset',
  'skip_hooks' => false,
  'debug' => true,
  'js_folder' => 'https://admin.leafngo.org/wp-content/plugins/wp-reset//js/',
)
array (
  'prefix' => 'wpr',
  'licensing_servers' => 
  array (
    0 => 'https://dashboard.wpreset.com/api/',
  ),
  'version' => '2.04',
  'slug' => 'wp-reset',
  'basename' => 'wp-reset/wp-reset.php',
  'plugin_page' => 'tools_page_wp-reset',
  'plugin_file' => '/home2/vedannqu/admin.leafngo.org/wp-content/plugins/wp-reset/wp-reset.php',
  'js_folder' => 'https://admin.leafngo.org/wp-content/plugins/wp-reset//js/',
  'api_ver' => 'v1/',
  'valid_forever' => '2035-01-01',
  'unlimited_installs' => 99999,
  'debug' => true,
  'filesystem_initialized' => false,
)

[Sun, 20 Jul 2025 10:45:20 +0000] wpr: __construct
array (
  'prefix' => 'wpr',
  'licensing_servers' => 
  array (
    0 => 'https://dashboard.wpreset.com/api/',
  ),
  'version' => '2.04',
  'plugin_file' => '/home2/vedannqu/admin.leafngo.org/wp-content/plugins/wp-reset/wp-reset.php',
  'plugin_page' => 'tools_page_wp-reset',
  'skip_hooks' => false,
  'debug' => true,
  'js_folder' => 'https://admin.leafngo.org/wp-content/plugins/wp-reset//js/',
)
array (
  'prefix' => 'wpr',
  'licensing_servers' => 
  array (
    0 => 'https://dashboard.wpreset.com/api/',
  ),
  'version' => '2.04',
  'slug' => 'wp-reset',
  'basename' => 'wp-reset/wp-reset.php',
  'plugin_page' => 'tools_page_wp-reset',
  'plugin_file' => '/home2/vedannqu/admin.leafngo.org/wp-content/plugins/wp-reset/wp-reset.php',
  'js_folder' => 'https://admin.leafngo.org/wp-content/plugins/wp-reset//js/',
  'api_ver' => 'v1/',
  'valid_forever' => '2035-01-01',
  'unlimited_installs' => 99999,
  'debug' => true,
  'filesystem_initialized' => false,
)

[Sun, 20 Jul 2025 10:45:36 +0000] wpr: __construct
array (
  'prefix' => 'wpr',
  'licensing_servers' => 
  array (
    0 => 'https://dashboard.wpreset.com/api/',
  ),
  'version' => '2.04',
  'plugin_file' => '/home2/vedannqu/admin.leafngo.org/wp-content/plugins/wp-reset/wp-reset.php',
  'plugin_page' => 'tools_page_wp-reset',
  'skip_hooks' => false,
  'debug' => true,
  'js_folder' => 'https://admin.leafngo.org/wp-content/plugins/wp-reset//js/',
)
array (
  'prefix' => 'wpr',
  'licensing_servers' => 
  array (
    0 => 'https://dashboard.wpreset.com/api/',
  ),
  'version' => '2.04',
  'slug' => 'wp-reset',
  'basename' => 'wp-reset/wp-reset.php',
  'plugin_page' => 'tools_page_wp-reset',
  'plugin_file' => '/home2/vedannqu/admin.leafngo.org/wp-content/plugins/wp-reset/wp-reset.php',
  'js_folder' => 'https://admin.leafngo.org/wp-content/plugins/wp-reset//js/',
  'api_ver' => 'v1/',
  'valid_forever' => '2035-01-01',
  'unlimited_installs' => 99999,
  'debug' => true,
  'filesystem_initialized' => false,
)

[Sun, 20 Jul 2025 10:45:52 +0000] wpr: __construct
array (
  'prefix' => 'wpr',
  'licensing_servers' => 
  array (
    0 => 'https://dashboard.wpreset.com/api/',
  ),
  'version' => '2.04',
  'plugin_file' => '/home2/vedannqu/admin.leafngo.org/wp-content/plugins/wp-reset/wp-reset.php',
  'plugin_page' => 'tools_page_wp-reset',
  'skip_hooks' => false,
  'debug' => true,
  'js_folder' => 'https://admin.leafngo.org/wp-content/plugins/wp-reset//js/',
)
array (
  'prefix' => 'wpr',
  'licensing_servers' => 
  array (
    0 => 'https://dashboard.wpreset.com/api/',
  ),
  'version' => '2.04',
  'slug' => 'wp-reset',
  'basename' => 'wp-reset/wp-reset.php',
  'plugin_page' => 'tools_page_wp-reset',
  'plugin_file' => '/home2/vedannqu/admin.leafngo.org/wp-content/plugins/wp-reset/wp-reset.php',
  'js_folder' => 'https://admin.leafngo.org/wp-content/plugins/wp-reset//js/',
  'api_ver' => 'v1/',
  'valid_forever' => '2035-01-01',
  'unlimited_installs' => 99999,
  'debug' => true,
  'filesystem_initialized' => false,
)

[Sun, 20 Jul 2025 10:45:52 +0000] wpr: __construct
array (
  'prefix' => 'wpr',
  'licensing_servers' => 
  array (
    0 => 'https://dashboard.wpreset.com/api/',
  ),
  'version' => '2.04',
  'plugin_file' => '/home2/vedannqu/admin.leafngo.org/wp-content/plugins/wp-reset/wp-reset.php',
  'plugin_page' => 'tools_page_wp-reset',
  'skip_hooks' => false,
  'debug' => true,
  'js_folder' => 'https://admin.leafngo.org/wp-content/plugins/wp-reset//js/',
)
array (
  'prefix' => 'wpr',
  'licensing_servers' => 
  array (
    0 => 'https://dashboard.wpreset.com/api/',
  ),
  'version' => '2.04',
  'slug' => 'wp-reset',
  'basename' => 'wp-reset/wp-reset.php',
  'plugin_page' => 'tools_page_wp-reset',
  'plugin_file' => '/home2/vedannqu/admin.leafngo.org/wp-content/plugins/wp-reset/wp-reset.php',
  'js_folder' => 'https://admin.leafngo.org/wp-content/plugins/wp-reset//js/',
  'api_ver' => 'v1/',
  'valid_forever' => '2035-01-01',
  'unlimited_installs' => 99999,
  'debug' => true,
  'filesystem_initialized' => false,
)

[Sun, 20 Jul 2025 10:45:52 +0000] wpr: __construct
array (
  'prefix' => 'wpr',
  'licensing_servers' => 
  array (
    0 => 'https://dashboard.wpreset.com/api/',
  ),
  'version' => '2.04',
  'plugin_file' => '/home2/vedannqu/admin.leafngo.org/wp-content/plugins/wp-reset/wp-reset.php',
  'plugin_page' => 'tools_page_wp-reset',
  'skip_hooks' => false,
  'debug' => true,
  'js_folder' => 'https://admin.leafngo.org/wp-content/plugins/wp-reset//js/',
)
array (
  'prefix' => 'wpr',
  'licensing_servers' => 
  array (
    0 => 'https://dashboard.wpreset.com/api/',
  ),
  'version' => '2.04',
  'slug' => 'wp-reset',
  'basename' => 'wp-reset/wp-reset.php',
  'plugin_page' => 'tools_page_wp-reset',
  'plugin_file' => '/home2/vedannqu/admin.leafngo.org/wp-content/plugins/wp-reset/wp-reset.php',
  'js_folder' => 'https://admin.leafngo.org/wp-content/plugins/wp-reset//js/',
  'api_ver' => 'v1/',
  'valid_forever' => '2035-01-01',
  'unlimited_installs' => 99999,
  'debug' => true,
  'filesystem_initialized' => false,
)

[Sun, 20 Jul 2025 10:45:53 +0000] wpr: __construct
array (
  'prefix' => 'wpr',
  'licensing_servers' => 
  array (
    0 => 'https://dashboard.wpreset.com/api/',
  ),
  'version' => '2.04',
  'plugin_file' => '/home2/vedannqu/admin.leafngo.org/wp-content/plugins/wp-reset/wp-reset.php',
  'plugin_page' => 'tools_page_wp-reset',
  'skip_hooks' => false,
  'debug' => true,
  'js_folder' => 'https://admin.leafngo.org/wp-content/plugins/wp-reset//js/',
)
array (
  'prefix' => 'wpr',
  'licensing_servers' => 
  array (
    0 => 'https://dashboard.wpreset.com/api/',
  ),
  'version' => '2.04',
  'slug' => 'wp-reset',
  'basename' => 'wp-reset/wp-reset.php',
  'plugin_page' => 'tools_page_wp-reset',
  'plugin_file' => '/home2/vedannqu/admin.leafngo.org/wp-content/plugins/wp-reset/wp-reset.php',
  'js_folder' => 'https://admin.leafngo.org/wp-content/plugins/wp-reset//js/',
  'api_ver' => 'v1/',
  'valid_forever' => '2035-01-01',
  'unlimited_installs' => 99999,
  'debug' => true,
  'filesystem_initialized' => false,
)

[Sun, 20 Jul 2025 10:46:12 +0000] wpr: __construct
array (
  'prefix' => 'wpr',
  'licensing_servers' => 
  array (
    0 => 'https://dashboard.wpreset.com/api/',
  ),
  'version' => '2.04',
  'plugin_file' => '/home2/vedannqu/admin.leafngo.org/wp-content/plugins/wp-reset/wp-reset.php',
  'plugin_page' => 'tools_page_wp-reset',
  'skip_hooks' => false,
  'debug' => true,
  'js_folder' => 'https://admin.leafngo.org/wp-content/plugins/wp-reset//js/',
)
array (
  'prefix' => 'wpr',
  'licensing_servers' => 
  array (
    0 => 'https://dashboard.wpreset.com/api/',
  ),
  'version' => '2.04',
  'slug' => 'wp-reset',
  'basename' => 'wp-reset/wp-reset.php',
  'plugin_page' => 'tools_page_wp-reset',
  'plugin_file' => '/home2/vedannqu/admin.leafngo.org/wp-content/plugins/wp-reset/wp-reset.php',
  'js_folder' => 'https://admin.leafngo.org/wp-content/plugins/wp-reset//js/',
  'api_ver' => 'v1/',
  'valid_forever' => '2035-01-01',
  'unlimited_installs' => 99999,
  'debug' => true,
  'filesystem_initialized' => false,
)

[Sun, 20 Jul 2025 10:47:21 +0000] wpr: __construct
array (
  'prefix' => 'wpr',
  'licensing_servers' => 
  array (
    0 => 'https://dashboard.wpreset.com/api/',
  ),
  'version' => '2.04',
  'plugin_file' => '/home2/vedannqu/admin.leafngo.org/wp-content/plugins/wp-reset/wp-reset.php',
  'plugin_page' => 'tools_page_wp-reset',
  'skip_hooks' => false,
  'debug' => true,
  'js_folder' => 'https://admin.leafngo.org/wp-content/plugins/wp-reset//js/',
)
array (
  'prefix' => 'wpr',
  'licensing_servers' => 
  array (
    0 => 'https://dashboard.wpreset.com/api/',
  ),
  'version' => '2.04',
  'slug' => 'wp-reset',
  'basename' => 'wp-reset/wp-reset.php',
  'plugin_page' => 'tools_page_wp-reset',
  'plugin_file' => '/home2/vedannqu/admin.leafngo.org/wp-content/plugins/wp-reset/wp-reset.php',
  'js_folder' => 'https://admin.leafngo.org/wp-content/plugins/wp-reset//js/',
  'api_ver' => 'v1/',
  'valid_forever' => '2035-01-01',
  'unlimited_installs' => 99999,
  'debug' => true,
  'filesystem_initialized' => false,
)

[Sun, 20 Jul 2025 10:47:31 +0000] wpr: __construct
array (
  'prefix' => 'wpr',
  'licensing_servers' => 
  array (
    0 => 'https://dashboard.wpreset.com/api/',
  ),
  'version' => '2.04',
  'plugin_file' => '/home2/vedannqu/admin.leafngo.org/wp-content/plugins/wp-reset/wp-reset.php',
  'plugin_page' => 'tools_page_wp-reset',
  'skip_hooks' => false,
  'debug' => true,
  'js_folder' => 'https://admin.leafngo.org/wp-content/plugins/wp-reset//js/',
)
array (
  'prefix' => 'wpr',
  'licensing_servers' => 
  array (
    0 => 'https://dashboard.wpreset.com/api/',
  ),
  'version' => '2.04',
  'slug' => 'wp-reset',
  'basename' => 'wp-reset/wp-reset.php',
  'plugin_page' => 'tools_page_wp-reset',
  'plugin_file' => '/home2/vedannqu/admin.leafngo.org/wp-content/plugins/wp-reset/wp-reset.php',
  'js_folder' => 'https://admin.leafngo.org/wp-content/plugins/wp-reset//js/',
  'api_ver' => 'v1/',
  'valid_forever' => '2035-01-01',
  'unlimited_installs' => 99999,
  'debug' => true,
  'filesystem_initialized' => false,
)

[Sun, 20 Jul 2025 10:47:46 +0000] wpr: __construct
array (
  'prefix' => 'wpr',
  'licensing_servers' => 
  array (
    0 => 'https://dashboard.wpreset.com/api/',
  ),
  'version' => '2.04',
  'plugin_file' => '/home2/vedannqu/admin.leafngo.org/wp-content/plugins/wp-reset/wp-reset.php',
  'plugin_page' => 'tools_page_wp-reset',
  'skip_hooks' => false,
  'debug' => true,
  'js_folder' => 'https://admin.leafngo.org/wp-content/plugins/wp-reset//js/',
)
array (
  'prefix' => 'wpr',
  'licensing_servers' => 
  array (
    0 => 'https://dashboard.wpreset.com/api/',
  ),
  'version' => '2.04',
  'slug' => 'wp-reset',
  'basename' => 'wp-reset/wp-reset.php',
  'plugin_page' => 'tools_page_wp-reset',
  'plugin_file' => '/home2/vedannqu/admin.leafngo.org/wp-content/plugins/wp-reset/wp-reset.php',
  'js_folder' => 'https://admin.leafngo.org/wp-content/plugins/wp-reset//js/',
  'api_ver' => 'v1/',
  'valid_forever' => '2035-01-01',
  'unlimited_installs' => 99999,
  'debug' => true,
  'filesystem_initialized' => false,
)

[Sun, 20 Jul 2025 10:47:47 +0000] wpr: __construct
array (
  'prefix' => 'wpr',
  'licensing_servers' => 
  array (
    0 => 'https://dashboard.wpreset.com/api/',
  ),
  'version' => '2.04',
  'plugin_file' => '/home2/vedannqu/admin.leafngo.org/wp-content/plugins/wp-reset/wp-reset.php',
  'plugin_page' => 'tools_page_wp-reset',
  'skip_hooks' => false,
  'debug' => true,
  'js_folder' => 'https://admin.leafngo.org/wp-content/plugins/wp-reset//js/',
)
array (
  'prefix' => 'wpr',
  'licensing_servers' => 
  array (
    0 => 'https://dashboard.wpreset.com/api/',
  ),
  'version' => '2.04',
  'slug' => 'wp-reset',
  'basename' => 'wp-reset/wp-reset.php',
  'plugin_page' => 'tools_page_wp-reset',
  'plugin_file' => '/home2/vedannqu/admin.leafngo.org/wp-content/plugins/wp-reset/wp-reset.php',
  'js_folder' => 'https://admin.leafngo.org/wp-content/plugins/wp-reset//js/',
  'api_ver' => 'v1/',
  'valid_forever' => '2035-01-01',
  'unlimited_installs' => 99999,
  'debug' => true,
  'filesystem_initialized' => false,
)

[Sun, 20 Jul 2025 10:47:55 +0000] wpr: __construct
array (
  'prefix' => 'wpr',
  'licensing_servers' => 
  array (
    0 => 'https://dashboard.wpreset.com/api/',
  ),
  'version' => '2.04',
  'plugin_file' => '/home2/vedannqu/admin.leafngo.org/wp-content/plugins/wp-reset/wp-reset.php',
  'plugin_page' => 'tools_page_wp-reset',
  'skip_hooks' => false,
  'debug' => true,
  'js_folder' => 'https://admin.leafngo.org/wp-content/plugins/wp-reset//js/',
)
array (
  'prefix' => 'wpr',
  'licensing_servers' => 
  array (
    0 => 'https://dashboard.wpreset.com/api/',
  ),
  'version' => '2.04',
  'slug' => 'wp-reset',
  'basename' => 'wp-reset/wp-reset.php',
  'plugin_page' => 'tools_page_wp-reset',
  'plugin_file' => '/home2/vedannqu/admin.leafngo.org/wp-content/plugins/wp-reset/wp-reset.php',
  'js_folder' => 'https://admin.leafngo.org/wp-content/plugins/wp-reset//js/',
  'api_ver' => 'v1/',
  'valid_forever' => '2035-01-01',
  'unlimited_installs' => 99999,
  'debug' => true,
  'filesystem_initialized' => false,
)

[Sun, 20 Jul 2025 10:47:56 +0000] wpr: __construct
array (
  'prefix' => 'wpr',
  'licensing_servers' => 
  array (
    0 => 'https://dashboard.wpreset.com/api/',
  ),
  'version' => '2.04',
  'plugin_file' => '/home2/vedannqu/admin.leafngo.org/wp-content/plugins/wp-reset/wp-reset.php',
  'plugin_page' => 'tools_page_wp-reset',
  'skip_hooks' => false,
  'debug' => true,
  'js_folder' => 'https://admin.leafngo.org/wp-content/plugins/wp-reset//js/',
)
array (
  'prefix' => 'wpr',
  'licensing_servers' => 
  array (
    0 => 'https://dashboard.wpreset.com/api/',
  ),
  'version' => '2.04',
  'slug' => 'wp-reset',
  'basename' => 'wp-reset/wp-reset.php',
  'plugin_page' => 'tools_page_wp-reset',
  'plugin_file' => '/home2/vedannqu/admin.leafngo.org/wp-content/plugins/wp-reset/wp-reset.php',
  'js_folder' => 'https://admin.leafngo.org/wp-content/plugins/wp-reset//js/',
  'api_ver' => 'v1/',
  'valid_forever' => '2035-01-01',
  'unlimited_installs' => 99999,
  'debug' => true,
  'filesystem_initialized' => false,
)

[Sun, 20 Jul 2025 10:48:14 +0000] wpr: __construct
array (
  'prefix' => 'wpr',
  'licensing_servers' => 
  array (
    0 => 'https://dashboard.wpreset.com/api/',
  ),
  'version' => '2.04',
  'plugin_file' => '/home2/vedannqu/admin.leafngo.org/wp-content/plugins/wp-reset/wp-reset.php',
  'plugin_page' => 'tools_page_wp-reset',
  'skip_hooks' => false,
  'debug' => true,
  'js_folder' => 'https://admin.leafngo.org/wp-content/plugins/wp-reset//js/',
)
array (
  'prefix' => 'wpr',
  'licensing_servers' => 
  array (
    0 => 'https://dashboard.wpreset.com/api/',
  ),
  'version' => '2.04',
  'slug' => 'wp-reset',
  'basename' => 'wp-reset/wp-reset.php',
  'plugin_page' => 'tools_page_wp-reset',
  'plugin_file' => '/home2/vedannqu/admin.leafngo.org/wp-content/plugins/wp-reset/wp-reset.php',
  'js_folder' => 'https://admin.leafngo.org/wp-content/plugins/wp-reset//js/',
  'api_ver' => 'v1/',
  'valid_forever' => '2035-01-01',
  'unlimited_installs' => 99999,
  'debug' => true,
  'filesystem_initialized' => false,
)

[Sun, 20 Jul 2025 10:48:19 +0000] wpr: __construct
array (
  'prefix' => 'wpr',
  'licensing_servers' => 
  array (
    0 => 'https://dashboard.wpreset.com/api/',
  ),
  'version' => '2.04',
  'plugin_file' => '/home2/vedannqu/admin.leafngo.org/wp-content/plugins/wp-reset/wp-reset.php',
  'plugin_page' => 'tools_page_wp-reset',
  'skip_hooks' => false,
  'debug' => true,
  'js_folder' => 'https://admin.leafngo.org/wp-content/plugins/wp-reset//js/',
)
array (
  'prefix' => 'wpr',
  'licensing_servers' => 
  array (
    0 => 'https://dashboard.wpreset.com/api/',
  ),
  'version' => '2.04',
  'slug' => 'wp-reset',
  'basename' => 'wp-reset/wp-reset.php',
  'plugin_page' => 'tools_page_wp-reset',
  'plugin_file' => '/home2/vedannqu/admin.leafngo.org/wp-content/plugins/wp-reset/wp-reset.php',
  'js_folder' => 'https://admin.leafngo.org/wp-content/plugins/wp-reset//js/',
  'api_ver' => 'v1/',
  'valid_forever' => '2035-01-01',
  'unlimited_installs' => 99999,
  'debug' => true,
  'filesystem_initialized' => false,
)

[Sun, 20 Jul 2025 10:48:57 +0000] wpr: __construct
array (
  'prefix' => 'wpr',
  'licensing_servers' => 
  array (
    0 => 'https://dashboard.wpreset.com/api/',
  ),
  'version' => '2.04',
  'plugin_file' => '/home2/vedannqu/admin.leafngo.org/wp-content/plugins/wp-reset/wp-reset.php',
  'plugin_page' => 'tools_page_wp-reset',
  'skip_hooks' => false,
  'debug' => true,
  'js_folder' => 'https://admin.leafngo.org/wp-content/plugins/wp-reset//js/',
)
array (
  'prefix' => 'wpr',
  'licensing_servers' => 
  array (
    0 => 'https://dashboard.wpreset.com/api/',
  ),
  'version' => '2.04',
  'slug' => 'wp-reset',
  'basename' => 'wp-reset/wp-reset.php',
  'plugin_page' => 'tools_page_wp-reset',
  'plugin_file' => '/home2/vedannqu/admin.leafngo.org/wp-content/plugins/wp-reset/wp-reset.php',
  'js_folder' => 'https://admin.leafngo.org/wp-content/plugins/wp-reset//js/',
  'api_ver' => 'v1/',
  'valid_forever' => '2035-01-01',
  'unlimited_installs' => 99999,
  'debug' => true,
  'filesystem_initialized' => false,
)

[Sun, 20 Jul 2025 10:49:10 +0000] wpr: __construct
array (
  'prefix' => 'wpr',
  'licensing_servers' => 
  array (
    0 => 'https://dashboard.wpreset.com/api/',
  ),
  'version' => '2.04',
  'plugin_file' => '/home2/vedannqu/admin.leafngo.org/wp-content/plugins/wp-reset/wp-reset.php',
  'plugin_page' => 'tools_page_wp-reset',
  'skip_hooks' => false,
  'debug' => true,
  'js_folder' => 'https://admin.leafngo.org/wp-content/plugins/wp-reset//js/',
)
array (
  'prefix' => 'wpr',
  'licensing_servers' => 
  array (
    0 => 'https://dashboard.wpreset.com/api/',
  ),
  'version' => '2.04',
  'slug' => 'wp-reset',
  'basename' => 'wp-reset/wp-reset.php',
  'plugin_page' => 'tools_page_wp-reset',
  'plugin_file' => '/home2/vedannqu/admin.leafngo.org/wp-content/plugins/wp-reset/wp-reset.php',
  'js_folder' => 'https://admin.leafngo.org/wp-content/plugins/wp-reset//js/',
  'api_ver' => 'v1/',
  'valid_forever' => '2035-01-01',
  'unlimited_installs' => 99999,
  'debug' => true,
  'filesystem_initialized' => false,
)

[Sun, 20 Jul 2025 10:49:11 +0000] wpr: __construct
array (
  'prefix' => 'wpr',
  'licensing_servers' => 
  array (
    0 => 'https://dashboard.wpreset.com/api/',
  ),
  'version' => '2.04',
  'plugin_file' => '/home2/vedannqu/admin.leafngo.org/wp-content/plugins/wp-reset/wp-reset.php',
  'plugin_page' => 'tools_page_wp-reset',
  'skip_hooks' => false,
  'debug' => true,
  'js_folder' => 'https://admin.leafngo.org/wp-content/plugins/wp-reset//js/',
)
array (
  'prefix' => 'wpr',
  'licensing_servers' => 
  array (
    0 => 'https://dashboard.wpreset.com/api/',
  ),
  'version' => '2.04',
  'slug' => 'wp-reset',
  'basename' => 'wp-reset/wp-reset.php',
  'plugin_page' => 'tools_page_wp-reset',
  'plugin_file' => '/home2/vedannqu/admin.leafngo.org/wp-content/plugins/wp-reset/wp-reset.php',
  'js_folder' => 'https://admin.leafngo.org/wp-content/plugins/wp-reset//js/',
  'api_ver' => 'v1/',
  'valid_forever' => '2035-01-01',
  'unlimited_installs' => 99999,
  'debug' => true,
  'filesystem_initialized' => false,
)

[Sun, 20 Jul 2025 10:49:17 +0000] wpr: __construct
array (
  'prefix' => 'wpr',
  'licensing_servers' => 
  array (
    0 => 'https://dashboard.wpreset.com/api/',
  ),
  'version' => '2.04',
  'plugin_file' => '/home2/vedannqu/admin.leafngo.org/wp-content/plugins/wp-reset/wp-reset.php',
  'plugin_page' => 'tools_page_wp-reset',
  'skip_hooks' => false,
  'debug' => true,
  'js_folder' => 'https://admin.leafngo.org/wp-content/plugins/wp-reset//js/',
)
array (
  'prefix' => 'wpr',
  'licensing_servers' => 
  array (
    0 => 'https://dashboard.wpreset.com/api/',
  ),
  'version' => '2.04',
  'slug' => 'wp-reset',
  'basename' => 'wp-reset/wp-reset.php',
  'plugin_page' => 'tools_page_wp-reset',
  'plugin_file' => '/home2/vedannqu/admin.leafngo.org/wp-content/plugins/wp-reset/wp-reset.php',
  'js_folder' => 'https://admin.leafngo.org/wp-content/plugins/wp-reset//js/',
  'api_ver' => 'v1/',
  'valid_forever' => '2035-01-01',
  'unlimited_installs' => 99999,
  'debug' => true,
  'filesystem_initialized' => false,
)

[Sun, 20 Jul 2025 10:49:21 +0000] wpr: __construct
array (
  'prefix' => 'wpr',
  'licensing_servers' => 
  array (
    0 => 'https://dashboard.wpreset.com/api/',
  ),
  'version' => '2.04',
  'plugin_file' => '/home2/vedannqu/admin.leafngo.org/wp-content/plugins/wp-reset/wp-reset.php',
  'plugin_page' => 'tools_page_wp-reset',
  'skip_hooks' => false,
  'debug' => true,
  'js_folder' => 'https://admin.leafngo.org/wp-content/plugins/wp-reset//js/',
)
array (
  'prefix' => 'wpr',
  'licensing_servers' => 
  array (
    0 => 'https://dashboard.wpreset.com/api/',
  ),
  'version' => '2.04',
  'slug' => 'wp-reset',
  'basename' => 'wp-reset/wp-reset.php',
  'plugin_page' => 'tools_page_wp-reset',
  'plugin_file' => '/home2/vedannqu/admin.leafngo.org/wp-content/plugins/wp-reset/wp-reset.php',
  'js_folder' => 'https://admin.leafngo.org/wp-content/plugins/wp-reset//js/',
  'api_ver' => 'v1/',
  'valid_forever' => '2035-01-01',
  'unlimited_installs' => 99999,
  'debug' => true,
  'filesystem_initialized' => false,
)

[Sun, 20 Jul 2025 10:49:22 +0000] wpr: __construct
array (
  'prefix' => 'wpr',
  'licensing_servers' => 
  array (
    0 => 'https://dashboard.wpreset.com/api/',
  ),
  'version' => '2.04',
  'plugin_file' => '/home2/vedannqu/admin.leafngo.org/wp-content/plugins/wp-reset/wp-reset.php',
  'plugin_page' => 'tools_page_wp-reset',
  'skip_hooks' => false,
  'debug' => true,
  'js_folder' => 'https://admin.leafngo.org/wp-content/plugins/wp-reset//js/',
)
array (
  'prefix' => 'wpr',
  'licensing_servers' => 
  array (
    0 => 'https://dashboard.wpreset.com/api/',
  ),
  'version' => '2.04',
  'slug' => 'wp-reset',
  'basename' => 'wp-reset/wp-reset.php',
  'plugin_page' => 'tools_page_wp-reset',
  'plugin_file' => '/home2/vedannqu/admin.leafngo.org/wp-content/plugins/wp-reset/wp-reset.php',
  'js_folder' => 'https://admin.leafngo.org/wp-content/plugins/wp-reset//js/',
  'api_ver' => 'v1/',
  'valid_forever' => '2035-01-01',
  'unlimited_installs' => 99999,
  'debug' => true,
  'filesystem_initialized' => false,
)

[Sun, 20 Jul 2025 10:49:23 +0000] wpr: __construct
array (
  'prefix' => 'wpr',
  'licensing_servers' => 
  array (
    0 => 'https://dashboard.wpreset.com/api/',
  ),
  'version' => '2.04',
  'plugin_file' => '/home2/vedannqu/admin.leafngo.org/wp-content/plugins/wp-reset/wp-reset.php',
  'plugin_page' => 'tools_page_wp-reset',
  'skip_hooks' => false,
  'debug' => true,
  'js_folder' => 'https://admin.leafngo.org/wp-content/plugins/wp-reset//js/',
)
array (
  'prefix' => 'wpr',
  'licensing_servers' => 
  array (
    0 => 'https://dashboard.wpreset.com/api/',
  ),
  'version' => '2.04',
  'slug' => 'wp-reset',
  'basename' => 'wp-reset/wp-reset.php',
  'plugin_page' => 'tools_page_wp-reset',
  'plugin_file' => '/home2/vedannqu/admin.leafngo.org/wp-content/plugins/wp-reset/wp-reset.php',
  'js_folder' => 'https://admin.leafngo.org/wp-content/plugins/wp-reset//js/',
  'api_ver' => 'v1/',
  'valid_forever' => '2035-01-01',
  'unlimited_installs' => 99999,
  'debug' => true,
  'filesystem_initialized' => false,
)

[Sun, 20 Jul 2025 10:49:24 +0000] wpr: __construct
array (
  'prefix' => 'wpr',
  'licensing_servers' => 
  array (
    0 => 'https://dashboard.wpreset.com/api/',
  ),
  'version' => '2.04',
  'plugin_file' => '/home2/vedannqu/admin.leafngo.org/wp-content/plugins/wp-reset/wp-reset.php',
  'plugin_page' => 'tools_page_wp-reset',
  'skip_hooks' => false,
  'debug' => true,
  'js_folder' => 'https://admin.leafngo.org/wp-content/plugins/wp-reset//js/',
)
array (
  'prefix' => 'wpr',
  'licensing_servers' => 
  array (
    0 => 'https://dashboard.wpreset.com/api/',
  ),
  'version' => '2.04',
  'slug' => 'wp-reset',
  'basename' => 'wp-reset/wp-reset.php',
  'plugin_page' => 'tools_page_wp-reset',
  'plugin_file' => '/home2/vedannqu/admin.leafngo.org/wp-content/plugins/wp-reset/wp-reset.php',
  'js_folder' => 'https://admin.leafngo.org/wp-content/plugins/wp-reset//js/',
  'api_ver' => 'v1/',
  'valid_forever' => '2035-01-01',
  'unlimited_installs' => 99999,
  'debug' => true,
  'filesystem_initialized' => false,
)

[Sun, 20 Jul 2025 10:49:24 +0000] wpr: __construct
array (
  'prefix' => 'wpr',
  'licensing_servers' => 
  array (
    0 => 'https://dashboard.wpreset.com/api/',
  ),
  'version' => '2.04',
  'plugin_file' => '/home2/vedannqu/admin.leafngo.org/wp-content/plugins/wp-reset/wp-reset.php',
  'plugin_page' => 'tools_page_wp-reset',
  'skip_hooks' => false,
  'debug' => true,
  'js_folder' => 'https://admin.leafngo.org/wp-content/plugins/wp-reset//js/',
)
array (
  'prefix' => 'wpr',
  'licensing_servers' => 
  array (
    0 => 'https://dashboard.wpreset.com/api/',
  ),
  'version' => '2.04',
  'slug' => 'wp-reset',
  'basename' => 'wp-reset/wp-reset.php',
  'plugin_page' => 'tools_page_wp-reset',
  'plugin_file' => '/home2/vedannqu/admin.leafngo.org/wp-content/plugins/wp-reset/wp-reset.php',
  'js_folder' => 'https://admin.leafngo.org/wp-content/plugins/wp-reset//js/',
  'api_ver' => 'v1/',
  'valid_forever' => '2035-01-01',
  'unlimited_installs' => 99999,
  'debug' => true,
  'filesystem_initialized' => false,
)

[Sun, 20 Jul 2025 10:49:32 +0000] wpr: __construct
array (
  'prefix' => 'wpr',
  'licensing_servers' => 
  array (
    0 => 'https://dashboard.wpreset.com/api/',
  ),
  'version' => '2.04',
  'plugin_file' => '/home2/vedannqu/admin.leafngo.org/wp-content/plugins/wp-reset/wp-reset.php',
  'plugin_page' => 'tools_page_wp-reset',
  'skip_hooks' => false,
  'debug' => true,
  'js_folder' => 'https://admin.leafngo.org/wp-content/plugins/wp-reset//js/',
)
array (
  'prefix' => 'wpr',
  'licensing_servers' => 
  array (
    0 => 'https://dashboard.wpreset.com/api/',
  ),
  'version' => '2.04',
  'slug' => 'wp-reset',
  'basename' => 'wp-reset/wp-reset.php',
  'plugin_page' => 'tools_page_wp-reset',
  'plugin_file' => '/home2/vedannqu/admin.leafngo.org/wp-content/plugins/wp-reset/wp-reset.php',
  'js_folder' => 'https://admin.leafngo.org/wp-content/plugins/wp-reset//js/',
  'api_ver' => 'v1/',
  'valid_forever' => '2035-01-01',
  'unlimited_installs' => 99999,
  'debug' => true,
  'filesystem_initialized' => false,
)

[Sun, 20 Jul 2025 10:49:34 +0000] wpr: __construct
array (
  'prefix' => 'wpr',
  'licensing_servers' => 
  array (
    0 => 'https://dashboard.wpreset.com/api/',
  ),
  'version' => '2.04',
  'plugin_file' => '/home2/vedannqu/admin.leafngo.org/wp-content/plugins/wp-reset/wp-reset.php',
  'plugin_page' => 'tools_page_wp-reset',
  'skip_hooks' => false,
  'debug' => true,
  'js_folder' => 'https://admin.leafngo.org/wp-content/plugins/wp-reset//js/',
)
array (
  'prefix' => 'wpr',
  'licensing_servers' => 
  array (
    0 => 'https://dashboard.wpreset.com/api/',
  ),
  'version' => '2.04',
  'slug' => 'wp-reset',
  'basename' => 'wp-reset/wp-reset.php',
  'plugin_page' => 'tools_page_wp-reset',
  'plugin_file' => '/home2/vedannqu/admin.leafngo.org/wp-content/plugins/wp-reset/wp-reset.php',
  'js_folder' => 'https://admin.leafngo.org/wp-content/plugins/wp-reset//js/',
  'api_ver' => 'v1/',
  'valid_forever' => '2035-01-01',
  'unlimited_installs' => 99999,
  'debug' => true,
  'filesystem_initialized' => false,
)

[Sun, 20 Jul 2025 10:49:37 +0000] wpr: __construct
array (
  'prefix' => 'wpr',
  'licensing_servers' => 
  array (
    0 => 'https://dashboard.wpreset.com/api/',
  ),
  'version' => '2.04',
  'plugin_file' => '/home2/vedannqu/admin.leafngo.org/wp-content/plugins/wp-reset/wp-reset.php',
  'plugin_page' => 'tools_page_wp-reset',
  'skip_hooks' => false,
  'debug' => true,
  'js_folder' => 'https://admin.leafngo.org/wp-content/plugins/wp-reset//js/',
)
array (
  'prefix' => 'wpr',
  'licensing_servers' => 
  array (
    0 => 'https://dashboard.wpreset.com/api/',
  ),
  'version' => '2.04',
  'slug' => 'wp-reset',
  'basename' => 'wp-reset/wp-reset.php',
  'plugin_page' => 'tools_page_wp-reset',
  'plugin_file' => '/home2/vedannqu/admin.leafngo.org/wp-content/plugins/wp-reset/wp-reset.php',
  'js_folder' => 'https://admin.leafngo.org/wp-content/plugins/wp-reset//js/',
  'api_ver' => 'v1/',
  'valid_forever' => '2035-01-01',
  'unlimited_installs' => 99999,
  'debug' => true,
  'filesystem_initialized' => false,
)

[Sun, 20 Jul 2025 10:49:39 +0000] wpr: __construct
array (
  'prefix' => 'wpr',
  'licensing_servers' => 
  array (
    0 => 'https://dashboard.wpreset.com/api/',
  ),
  'version' => '2.04',
  'plugin_file' => '/home2/vedannqu/admin.leafngo.org/wp-content/plugins/wp-reset/wp-reset.php',
  'plugin_page' => 'tools_page_wp-reset',
  'skip_hooks' => false,
  'debug' => true,
  'js_folder' => 'https://admin.leafngo.org/wp-content/plugins/wp-reset//js/',
)
array (
  'prefix' => 'wpr',
  'licensing_servers' => 
  array (
    0 => 'https://dashboard.wpreset.com/api/',
  ),
  'version' => '2.04',
  'slug' => 'wp-reset',
  'basename' => 'wp-reset/wp-reset.php',
  'plugin_page' => 'tools_page_wp-reset',
  'plugin_file' => '/home2/vedannqu/admin.leafngo.org/wp-content/plugins/wp-reset/wp-reset.php',
  'js_folder' => 'https://admin.leafngo.org/wp-content/plugins/wp-reset//js/',
  'api_ver' => 'v1/',
  'valid_forever' => '2035-01-01',
  'unlimited_installs' => 99999,
  'debug' => true,
  'filesystem_initialized' => false,
)

[Sun, 20 Jul 2025 10:49:55 +0000] wpr: __construct
array (
  'prefix' => 'wpr',
  'licensing_servers' => 
  array (
    0 => 'https://dashboard.wpreset.com/api/',
  ),
  'version' => '2.04',
  'plugin_file' => '/home2/vedannqu/admin.leafngo.org/wp-content/plugins/wp-reset/wp-reset.php',
  'plugin_page' => 'tools_page_wp-reset',
  'skip_hooks' => false,
  'debug' => true,
  'js_folder' => 'https://admin.leafngo.org/wp-content/plugins/wp-reset//js/',
)
array (
  'prefix' => 'wpr',
  'licensing_servers' => 
  array (
    0 => 'https://dashboard.wpreset.com/api/',
  ),
  'version' => '2.04',
  'slug' => 'wp-reset',
  'basename' => 'wp-reset/wp-reset.php',
  'plugin_page' => 'tools_page_wp-reset',
  'plugin_file' => '/home2/vedannqu/admin.leafngo.org/wp-content/plugins/wp-reset/wp-reset.php',
  'js_folder' => 'https://admin.leafngo.org/wp-content/plugins/wp-reset//js/',
  'api_ver' => 'v1/',
  'valid_forever' => '2035-01-01',
  'unlimited_installs' => 99999,
  'debug' => true,
  'filesystem_initialized' => false,
)

[Sun, 20 Jul 2025 10:50:09 +0000] wpr: __construct
array (
  'prefix' => 'wpr',
  'licensing_servers' => 
  array (
    0 => 'https://dashboard.wpreset.com/api/',
  ),
  'version' => '2.04',
  'plugin_file' => '/home2/vedannqu/admin.leafngo.org/wp-content/plugins/wp-reset/wp-reset.php',
  'plugin_page' => 'tools_page_wp-reset',
  'skip_hooks' => false,
  'debug' => true,
  'js_folder' => 'https://admin.leafngo.org/wp-content/plugins/wp-reset//js/',
)
array (
  'prefix' => 'wpr',
  'licensing_servers' => 
  array (
    0 => 'https://dashboard.wpreset.com/api/',
  ),
  'version' => '2.04',
  'slug' => 'wp-reset',
  'basename' => 'wp-reset/wp-reset.php',
  'plugin_page' => 'tools_page_wp-reset',
  'plugin_file' => '/home2/vedannqu/admin.leafngo.org/wp-content/plugins/wp-reset/wp-reset.php',
  'js_folder' => 'https://admin.leafngo.org/wp-content/plugins/wp-reset//js/',
  'api_ver' => 'v1/',
  'valid_forever' => '2035-01-01',
  'unlimited_installs' => 99999,
  'debug' => true,
  'filesystem_initialized' => false,
)

[Sun, 20 Jul 2025 10:50:25 +0000] wpr: __construct
array (
  'prefix' => 'wpr',
  'licensing_servers' => 
  array (
    0 => 'https://dashboard.wpreset.com/api/',
  ),
  'version' => '2.04',
  'plugin_file' => '/home2/vedannqu/admin.leafngo.org/wp-content/plugins/wp-reset/wp-reset.php',
  'plugin_page' => 'tools_page_wp-reset',
  'skip_hooks' => false,
  'debug' => true,
  'js_folder' => 'https://admin.leafngo.org/wp-content/plugins/wp-reset//js/',
)
array (
  'prefix' => 'wpr',
  'licensing_servers' => 
  array (
    0 => 'https://dashboard.wpreset.com/api/',
  ),
  'version' => '2.04',
  'slug' => 'wp-reset',
  'basename' => 'wp-reset/wp-reset.php',
  'plugin_page' => 'tools_page_wp-reset',
  'plugin_file' => '/home2/vedannqu/admin.leafngo.org/wp-content/plugins/wp-reset/wp-reset.php',
  'js_folder' => 'https://admin.leafngo.org/wp-content/plugins/wp-reset//js/',
  'api_ver' => 'v1/',
  'valid_forever' => '2035-01-01',
  'unlimited_installs' => 99999,
  'debug' => true,
  'filesystem_initialized' => false,
)

[Sun, 20 Jul 2025 10:50:40 +0000] wpr: __construct
array (
  'prefix' => 'wpr',
  'licensing_servers' => 
  array (
    0 => 'https://dashboard.wpreset.com/api/',
  ),
  'version' => '2.04',
  'plugin_file' => '/home2/vedannqu/admin.leafngo.org/wp-content/plugins/wp-reset/wp-reset.php',
  'plugin_page' => 'tools_page_wp-reset',
  'skip_hooks' => false,
  'debug' => true,
  'js_folder' => 'https://admin.leafngo.org/wp-content/plugins/wp-reset//js/',
)
array (
  'prefix' => 'wpr',
  'licensing_servers' => 
  array (
    0 => 'https://dashboard.wpreset.com/api/',
  ),
  'version' => '2.04',
  'slug' => 'wp-reset',
  'basename' => 'wp-reset/wp-reset.php',
  'plugin_page' => 'tools_page_wp-reset',
  'plugin_file' => '/home2/vedannqu/admin.leafngo.org/wp-content/plugins/wp-reset/wp-reset.php',
  'js_folder' => 'https://admin.leafngo.org/wp-content/plugins/wp-reset//js/',
  'api_ver' => 'v1/',
  'valid_forever' => '2035-01-01',
  'unlimited_installs' => 99999,
  'debug' => true,
  'filesystem_initialized' => false,
)

[Sun, 20 Jul 2025 10:50:44 +0000] wpr: __construct
array (
  'prefix' => 'wpr',
  'licensing_servers' => 
  array (
    0 => 'https://dashboard.wpreset.com/api/',
  ),
  'version' => '2.04',
  'plugin_file' => '/home2/vedannqu/admin.leafngo.org/wp-content/plugins/wp-reset/wp-reset.php',
  'plugin_page' => 'tools_page_wp-reset',
  'skip_hooks' => false,
  'debug' => true,
  'js_folder' => 'https://admin.leafngo.org/wp-content/plugins/wp-reset//js/',
)
array (
  'prefix' => 'wpr',
  'licensing_servers' => 
  array (
    0 => 'https://dashboard.wpreset.com/api/',
  ),
  'version' => '2.04',
  'slug' => 'wp-reset',
  'basename' => 'wp-reset/wp-reset.php',
  'plugin_page' => 'tools_page_wp-reset',
  'plugin_file' => '/home2/vedannqu/admin.leafngo.org/wp-content/plugins/wp-reset/wp-reset.php',
  'js_folder' => 'https://admin.leafngo.org/wp-content/plugins/wp-reset//js/',
  'api_ver' => 'v1/',
  'valid_forever' => '2035-01-01',
  'unlimited_installs' => 99999,
  'debug' => true,
  'filesystem_initialized' => false,
)

[Sun, 20 Jul 2025 10:50:55 +0000] wpr: __construct
array (
  'prefix' => 'wpr',
  'licensing_servers' => 
  array (
    0 => 'https://dashboard.wpreset.com/api/',
  ),
  'version' => '2.04',
  'plugin_file' => '/home2/vedannqu/admin.leafngo.org/wp-content/plugins/wp-reset/wp-reset.php',
  'plugin_page' => 'tools_page_wp-reset',
  'skip_hooks' => false,
  'debug' => true,
  'js_folder' => 'https://admin.leafngo.org/wp-content/plugins/wp-reset//js/',
)
array (
  'prefix' => 'wpr',
  'licensing_servers' => 
  array (
    0 => 'https://dashboard.wpreset.com/api/',
  ),
  'version' => '2.04',
  'slug' => 'wp-reset',
  'basename' => 'wp-reset/wp-reset.php',
  'plugin_page' => 'tools_page_wp-reset',
  'plugin_file' => '/home2/vedannqu/admin.leafngo.org/wp-content/plugins/wp-reset/wp-reset.php',
  'js_folder' => 'https://admin.leafngo.org/wp-content/plugins/wp-reset//js/',
  'api_ver' => 'v1/',
  'valid_forever' => '2035-01-01',
  'unlimited_installs' => 99999,
  'debug' => true,
  'filesystem_initialized' => false,
)

[Sun, 20 Jul 2025 10:51:07 +0000] wpr: __construct
array (
  'prefix' => 'wpr',
  'licensing_servers' => 
  array (
    0 => 'https://dashboard.wpreset.com/api/',
  ),
  'version' => '2.04',
  'plugin_file' => '/home2/vedannqu/admin.leafngo.org/wp-content/plugins/wp-reset/wp-reset.php',
  'plugin_page' => 'tools_page_wp-reset',
  'skip_hooks' => false,
  'debug' => true,
  'js_folder' => 'https://admin.leafngo.org/wp-content/plugins/wp-reset//js/',
)
array (
  'prefix' => 'wpr',
  'licensing_servers' => 
  array (
    0 => 'https://dashboard.wpreset.com/api/',
  ),
  'version' => '2.04',
  'slug' => 'wp-reset',
  'basename' => 'wp-reset/wp-reset.php',
  'plugin_page' => 'tools_page_wp-reset',
  'plugin_file' => '/home2/vedannqu/admin.leafngo.org/wp-content/plugins/wp-reset/wp-reset.php',
  'js_folder' => 'https://admin.leafngo.org/wp-content/plugins/wp-reset//js/',
  'api_ver' => 'v1/',
  'valid_forever' => '2035-01-01',
  'unlimited_installs' => 99999,
  'debug' => true,
  'filesystem_initialized' => false,
)

[Sun, 20 Jul 2025 10:51:08 +0000] wpr: __construct
array (
  'prefix' => 'wpr',
  'licensing_servers' => 
  array (
    0 => 'https://dashboard.wpreset.com/api/',
  ),
  'version' => '2.04',
  'plugin_file' => '/home2/vedannqu/admin.leafngo.org/wp-content/plugins/wp-reset/wp-reset.php',
  'plugin_page' => 'tools_page_wp-reset',
  'skip_hooks' => false,
  'debug' => true,
  'js_folder' => 'https://admin.leafngo.org/wp-content/plugins/wp-reset//js/',
)
array (
  'prefix' => 'wpr',
  'licensing_servers' => 
  array (
    0 => 'https://dashboard.wpreset.com/api/',
  ),
  'version' => '2.04',
  'slug' => 'wp-reset',
  'basename' => 'wp-reset/wp-reset.php',
  'plugin_page' => 'tools_page_wp-reset',
  'plugin_file' => '/home2/vedannqu/admin.leafngo.org/wp-content/plugins/wp-reset/wp-reset.php',
  'js_folder' => 'https://admin.leafngo.org/wp-content/plugins/wp-reset//js/',
  'api_ver' => 'v1/',
  'valid_forever' => '2035-01-01',
  'unlimited_installs' => 99999,
  'debug' => true,
  'filesystem_initialized' => false,
)

[Sun, 20 Jul 2025 10:51:10 +0000] wpr: __construct
array (
  'prefix' => 'wpr',
  'licensing_servers' => 
  array (
    0 => 'https://dashboard.wpreset.com/api/',
  ),
  'version' => '2.04',
  'plugin_file' => '/home2/vedannqu/admin.leafngo.org/wp-content/plugins/wp-reset/wp-reset.php',
  'plugin_page' => 'tools_page_wp-reset',
  'skip_hooks' => false,
  'debug' => true,
  'js_folder' => 'https://admin.leafngo.org/wp-content/plugins/wp-reset//js/',
)
array (
  'prefix' => 'wpr',
  'licensing_servers' => 
  array (
    0 => 'https://dashboard.wpreset.com/api/',
  ),
  'version' => '2.04',
  'slug' => 'wp-reset',
  'basename' => 'wp-reset/wp-reset.php',
  'plugin_page' => 'tools_page_wp-reset',
  'plugin_file' => '/home2/vedannqu/admin.leafngo.org/wp-content/plugins/wp-reset/wp-reset.php',
  'js_folder' => 'https://admin.leafngo.org/wp-content/plugins/wp-reset//js/',
  'api_ver' => 'v1/',
  'valid_forever' => '2035-01-01',
  'unlimited_installs' => 99999,
  'debug' => true,
  'filesystem_initialized' => false,
)

[Sun, 20 Jul 2025 10:51:10 +0000] wpr: __construct
array (
  'prefix' => 'wpr',
  'licensing_servers' => 
  array (
    0 => 'https://dashboard.wpreset.com/api/',
  ),
  'version' => '2.04',
  'plugin_file' => '/home2/vedannqu/admin.leafngo.org/wp-content/plugins/wp-reset/wp-reset.php',
  'plugin_page' => 'tools_page_wp-reset',
  'skip_hooks' => false,
  'debug' => true,
  'js_folder' => 'https://admin.leafngo.org/wp-content/plugins/wp-reset//js/',
)
array (
  'prefix' => 'wpr',
  'licensing_servers' => 
  array (
    0 => 'https://dashboard.wpreset.com/api/',
  ),
  'version' => '2.04',
  'slug' => 'wp-reset',
  'basename' => 'wp-reset/wp-reset.php',
  'plugin_page' => 'tools_page_wp-reset',
  'plugin_file' => '/home2/vedannqu/admin.leafngo.org/wp-content/plugins/wp-reset/wp-reset.php',
  'js_folder' => 'https://admin.leafngo.org/wp-content/plugins/wp-reset//js/',
  'api_ver' => 'v1/',
  'valid_forever' => '2035-01-01',
  'unlimited_installs' => 99999,
  'debug' => true,
  'filesystem_initialized' => false,
)

[Sun, 20 Jul 2025 10:51:18 +0000] wpr: __construct
array (
  'prefix' => 'wpr',
  'licensing_servers' => 
  array (
    0 => 'https://dashboard.wpreset.com/api/',
  ),
  'version' => '2.04',
  'plugin_file' => '/home2/vedannqu/admin.leafngo.org/wp-content/plugins/wp-reset/wp-reset.php',
  'plugin_page' => 'tools_page_wp-reset',
  'skip_hooks' => false,
  'debug' => true,
  'js_folder' => 'https://admin.leafngo.org/wp-content/plugins/wp-reset//js/',
)
array (
  'prefix' => 'wpr',
  'licensing_servers' => 
  array (
    0 => 'https://dashboard.wpreset.com/api/',
  ),
  'version' => '2.04',
  'slug' => 'wp-reset',
  'basename' => 'wp-reset/wp-reset.php',
  'plugin_page' => 'tools_page_wp-reset',
  'plugin_file' => '/home2/vedannqu/admin.leafngo.org/wp-content/plugins/wp-reset/wp-reset.php',
  'js_folder' => 'https://admin.leafngo.org/wp-content/plugins/wp-reset//js/',
  'api_ver' => 'v1/',
  'valid_forever' => '2035-01-01',
  'unlimited_installs' => 99999,
  'debug' => true,
  'filesystem_initialized' => false,
)

[Sun, 20 Jul 2025 10:51:34 +0000] wpr: __construct
array (
  'prefix' => 'wpr',
  'licensing_servers' => 
  array (
    0 => 'https://dashboard.wpreset.com/api/',
  ),
  'version' => '2.04',
  'plugin_file' => '/home2/vedannqu/admin.leafngo.org/wp-content/plugins/wp-reset/wp-reset.php',
  'plugin_page' => 'tools_page_wp-reset',
  'skip_hooks' => false,
  'debug' => true,
  'js_folder' => 'https://admin.leafngo.org/wp-content/plugins/wp-reset//js/',
)
array (
  'prefix' => 'wpr',
  'licensing_servers' => 
  array (
    0 => 'https://dashboard.wpreset.com/api/',
  ),
  'version' => '2.04',
  'slug' => 'wp-reset',
  'basename' => 'wp-reset/wp-reset.php',
  'plugin_page' => 'tools_page_wp-reset',
  'plugin_file' => '/home2/vedannqu/admin.leafngo.org/wp-content/plugins/wp-reset/wp-reset.php',
  'js_folder' => 'https://admin.leafngo.org/wp-content/plugins/wp-reset//js/',
  'api_ver' => 'v1/',
  'valid_forever' => '2035-01-01',
  'unlimited_installs' => 99999,
  'debug' => true,
  'filesystem_initialized' => false,
)

[Sun, 20 Jul 2025 10:51:35 +0000] wpr: __construct
array (
  'prefix' => 'wpr',
  'licensing_servers' => 
  array (
    0 => 'https://dashboard.wpreset.com/api/',
  ),
  'version' => '2.04',
  'plugin_file' => '/home2/vedannqu/admin.leafngo.org/wp-content/plugins/wp-reset/wp-reset.php',
  'plugin_page' => 'tools_page_wp-reset',
  'skip_hooks' => false,
  'debug' => true,
  'js_folder' => 'https://admin.leafngo.org/wp-content/plugins/wp-reset//js/',
)
array (
  'prefix' => 'wpr',
  'licensing_servers' => 
  array (
    0 => 'https://dashboard.wpreset.com/api/',
  ),
  'version' => '2.04',
  'slug' => 'wp-reset',
  'basename' => 'wp-reset/wp-reset.php',
  'plugin_page' => 'tools_page_wp-reset',
  'plugin_file' => '/home2/vedannqu/admin.leafngo.org/wp-content/plugins/wp-reset/wp-reset.php',
  'js_folder' => 'https://admin.leafngo.org/wp-content/plugins/wp-reset//js/',
  'api_ver' => 'v1/',
  'valid_forever' => '2035-01-01',
  'unlimited_installs' => 99999,
  'debug' => true,
  'filesystem_initialized' => false,
)

[Sun, 20 Jul 2025 10:52:05 +0000] wpr: __construct
array (
  'prefix' => 'wpr',
  'licensing_servers' => 
  array (
    0 => 'https://dashboard.wpreset.com/api/',
  ),
  'version' => '2.04',
  'plugin_file' => '/home2/vedannqu/admin.leafngo.org/wp-content/plugins/wp-reset/wp-reset.php',
  'plugin_page' => 'tools_page_wp-reset',
  'skip_hooks' => false,
  'debug' => true,
  'js_folder' => 'https://admin.leafngo.org/wp-content/plugins/wp-reset//js/',
)
array (
  'prefix' => 'wpr',
  'licensing_servers' => 
  array (
    0 => 'https://dashboard.wpreset.com/api/',
  ),
  'version' => '2.04',
  'slug' => 'wp-reset',
  'basename' => 'wp-reset/wp-reset.php',
  'plugin_page' => 'tools_page_wp-reset',
  'plugin_file' => '/home2/vedannqu/admin.leafngo.org/wp-content/plugins/wp-reset/wp-reset.php',
  'js_folder' => 'https://admin.leafngo.org/wp-content/plugins/wp-reset//js/',
  'api_ver' => 'v1/',
  'valid_forever' => '2035-01-01',
  'unlimited_installs' => 99999,
  'debug' => true,
  'filesystem_initialized' => false,
)

[Sun, 20 Jul 2025 10:52:08 +0000] wpr: __construct
array (
  'prefix' => 'wpr',
  'licensing_servers' => 
  array (
    0 => 'https://dashboard.wpreset.com/api/',
  ),
  'version' => '2.04',
  'plugin_file' => '/home2/vedannqu/admin.leafngo.org/wp-content/plugins/wp-reset/wp-reset.php',
  'plugin_page' => 'tools_page_wp-reset',
  'skip_hooks' => false,
  'debug' => true,
  'js_folder' => 'https://admin.leafngo.org/wp-content/plugins/wp-reset//js/',
)
array (
  'prefix' => 'wpr',
  'licensing_servers' => 
  array (
    0 => 'https://dashboard.wpreset.com/api/',
  ),
  'version' => '2.04',
  'slug' => 'wp-reset',
  'basename' => 'wp-reset/wp-reset.php',
  'plugin_page' => 'tools_page_wp-reset',
  'plugin_file' => '/home2/vedannqu/admin.leafngo.org/wp-content/plugins/wp-reset/wp-reset.php',
  'js_folder' => 'https://admin.leafngo.org/wp-content/plugins/wp-reset//js/',
  'api_ver' => 'v1/',
  'valid_forever' => '2035-01-01',
  'unlimited_installs' => 99999,
  'debug' => true,
  'filesystem_initialized' => false,
)

[Sun, 20 Jul 2025 10:52:19 +0000] wpr: __construct
array (
  'prefix' => 'wpr',
  'licensing_servers' => 
  array (
    0 => 'https://dashboard.wpreset.com/api/',
  ),
  'version' => '2.04',
  'plugin_file' => '/home2/vedannqu/admin.leafngo.org/wp-content/plugins/wp-reset/wp-reset.php',
  'plugin_page' => 'tools_page_wp-reset',
  'skip_hooks' => false,
  'debug' => true,
  'js_folder' => 'https://admin.leafngo.org/wp-content/plugins/wp-reset//js/',
)
array (
  'prefix' => 'wpr',
  'licensing_servers' => 
  array (
    0 => 'https://dashboard.wpreset.com/api/',
  ),
  'version' => '2.04',
  'slug' => 'wp-reset',
  'basename' => 'wp-reset/wp-reset.php',
  'plugin_page' => 'tools_page_wp-reset',
  'plugin_file' => '/home2/vedannqu/admin.leafngo.org/wp-content/plugins/wp-reset/wp-reset.php',
  'js_folder' => 'https://admin.leafngo.org/wp-content/plugins/wp-reset//js/',
  'api_ver' => 'v1/',
  'valid_forever' => '2035-01-01',
  'unlimited_installs' => 99999,
  'debug' => true,
  'filesystem_initialized' => false,
)

[Sun, 20 Jul 2025 10:53:04 +0000] wpr: __construct
array (
  'prefix' => 'wpr',
  'licensing_servers' => 
  array (
    0 => 'https://dashboard.wpreset.com/api/',
  ),
  'version' => '2.04',
  'plugin_file' => '/home2/vedannqu/admin.leafngo.org/wp-content/plugins/wp-reset/wp-reset.php',
  'plugin_page' => 'tools_page_wp-reset',
  'skip_hooks' => false,
  'debug' => true,
  'js_folder' => 'https://admin.leafngo.org/wp-content/plugins/wp-reset//js/',
)
array (
  'prefix' => 'wpr',
  'licensing_servers' => 
  array (
    0 => 'https://dashboard.wpreset.com/api/',
  ),
  'version' => '2.04',
  'slug' => 'wp-reset',
  'basename' => 'wp-reset/wp-reset.php',
  'plugin_page' => 'tools_page_wp-reset',
  'plugin_file' => '/home2/vedannqu/admin.leafngo.org/wp-content/plugins/wp-reset/wp-reset.php',
  'js_folder' => 'https://admin.leafngo.org/wp-content/plugins/wp-reset//js/',
  'api_ver' => 'v1/',
  'valid_forever' => '2035-01-01',
  'unlimited_installs' => 99999,
  'debug' => true,
  'filesystem_initialized' => false,
)

[Sun, 20 Jul 2025 10:53:04 +0000] wpr: __construct
array (
  'prefix' => 'wpr',
  'licensing_servers' => 
  array (
    0 => 'https://dashboard.wpreset.com/api/',
  ),
  'version' => '2.04',
  'plugin_file' => '/home2/vedannqu/admin.leafngo.org/wp-content/plugins/wp-reset/wp-reset.php',
  'plugin_page' => 'tools_page_wp-reset',
  'skip_hooks' => false,
  'debug' => true,
  'js_folder' => 'https://admin.leafngo.org/wp-content/plugins/wp-reset//js/',
)
array (
  'prefix' => 'wpr',
  'licensing_servers' => 
  array (
    0 => 'https://dashboard.wpreset.com/api/',
  ),
  'version' => '2.04',
  'slug' => 'wp-reset',
  'basename' => 'wp-reset/wp-reset.php',
  'plugin_page' => 'tools_page_wp-reset',
  'plugin_file' => '/home2/vedannqu/admin.leafngo.org/wp-content/plugins/wp-reset/wp-reset.php',
  'js_folder' => 'https://admin.leafngo.org/wp-content/plugins/wp-reset//js/',
  'api_ver' => 'v1/',
  'valid_forever' => '2035-01-01',
  'unlimited_installs' => 99999,
  'debug' => true,
  'filesystem_initialized' => false,
)

[Sun, 20 Jul 2025 10:53:13 +0000] wpr: __construct
array (
  'prefix' => 'wpr',
  'licensing_servers' => 
  array (
    0 => 'https://dashboard.wpreset.com/api/',
  ),
  'version' => '2.04',
  'plugin_file' => '/home2/vedannqu/admin.leafngo.org/wp-content/plugins/wp-reset/wp-reset.php',
  'plugin_page' => 'tools_page_wp-reset',
  'skip_hooks' => false,
  'debug' => true,
  'js_folder' => 'https://admin.leafngo.org/wp-content/plugins/wp-reset//js/',
)
array (
  'prefix' => 'wpr',
  'licensing_servers' => 
  array (
    0 => 'https://dashboard.wpreset.com/api/',
  ),
  'version' => '2.04',
  'slug' => 'wp-reset',
  'basename' => 'wp-reset/wp-reset.php',
  'plugin_page' => 'tools_page_wp-reset',
  'plugin_file' => '/home2/vedannqu/admin.leafngo.org/wp-content/plugins/wp-reset/wp-reset.php',
  'js_folder' => 'https://admin.leafngo.org/wp-content/plugins/wp-reset//js/',
  'api_ver' => 'v1/',
  'valid_forever' => '2035-01-01',
  'unlimited_installs' => 99999,
  'debug' => true,
  'filesystem_initialized' => false,
)

[Sun, 20 Jul 2025 10:53:13 +0000] wpr: __construct
array (
  'prefix' => 'wpr',
  'licensing_servers' => 
  array (
    0 => 'https://dashboard.wpreset.com/api/',
  ),
  'version' => '2.04',
  'plugin_file' => '/home2/vedannqu/admin.leafngo.org/wp-content/plugins/wp-reset/wp-reset.php',
  'plugin_page' => 'tools_page_wp-reset',
  'skip_hooks' => false,
  'debug' => true,
  'js_folder' => 'https://admin.leafngo.org/wp-content/plugins/wp-reset//js/',
)
array (
  'prefix' => 'wpr',
  'licensing_servers' => 
  array (
    0 => 'https://dashboard.wpreset.com/api/',
  ),
  'version' => '2.04',
  'slug' => 'wp-reset',
  'basename' => 'wp-reset/wp-reset.php',
  'plugin_page' => 'tools_page_wp-reset',
  'plugin_file' => '/home2/vedannqu/admin.leafngo.org/wp-content/plugins/wp-reset/wp-reset.php',
  'js_folder' => 'https://admin.leafngo.org/wp-content/plugins/wp-reset//js/',
  'api_ver' => 'v1/',
  'valid_forever' => '2035-01-01',
  'unlimited_installs' => 99999,
  'debug' => true,
  'filesystem_initialized' => false,
)

[Sun, 20 Jul 2025 10:53:18 +0000] wpr: __construct
array (
  'prefix' => 'wpr',
  'licensing_servers' => 
  array (
    0 => 'https://dashboard.wpreset.com/api/',
  ),
  'version' => '2.04',
  'plugin_file' => '/home2/vedannqu/admin.leafngo.org/wp-content/plugins/wp-reset/wp-reset.php',
  'plugin_page' => 'tools_page_wp-reset',
  'skip_hooks' => false,
  'debug' => true,
  'js_folder' => 'https://admin.leafngo.org/wp-content/plugins/wp-reset//js/',
)
array (
  'prefix' => 'wpr',
  'licensing_servers' => 
  array (
    0 => 'https://dashboard.wpreset.com/api/',
  ),
  'version' => '2.04',
  'slug' => 'wp-reset',
  'basename' => 'wp-reset/wp-reset.php',
  'plugin_page' => 'tools_page_wp-reset',
  'plugin_file' => '/home2/vedannqu/admin.leafngo.org/wp-content/plugins/wp-reset/wp-reset.php',
  'js_folder' => 'https://admin.leafngo.org/wp-content/plugins/wp-reset//js/',
  'api_ver' => 'v1/',
  'valid_forever' => '2035-01-01',
  'unlimited_installs' => 99999,
  'debug' => true,
  'filesystem_initialized' => false,
)

[Sun, 20 Jul 2025 10:53:27 +0000] wpr: __construct
array (
  'prefix' => 'wpr',
  'licensing_servers' => 
  array (
    0 => 'https://dashboard.wpreset.com/api/',
  ),
  'version' => '2.04',
  'plugin_file' => '/home2/vedannqu/admin.leafngo.org/wp-content/plugins/wp-reset/wp-reset.php',
  'plugin_page' => 'tools_page_wp-reset',
  'skip_hooks' => false,
  'debug' => true,
  'js_folder' => 'https://admin.leafngo.org/wp-content/plugins/wp-reset//js/',
)
array (
  'prefix' => 'wpr',
  'licensing_servers' => 
  array (
    0 => 'https://dashboard.wpreset.com/api/',
  ),
  'version' => '2.04',
  'slug' => 'wp-reset',
  'basename' => 'wp-reset/wp-reset.php',
  'plugin_page' => 'tools_page_wp-reset',
  'plugin_file' => '/home2/vedannqu/admin.leafngo.org/wp-content/plugins/wp-reset/wp-reset.php',
  'js_folder' => 'https://admin.leafngo.org/wp-content/plugins/wp-reset//js/',
  'api_ver' => 'v1/',
  'valid_forever' => '2035-01-01',
  'unlimited_installs' => 99999,
  'debug' => true,
  'filesystem_initialized' => false,
)

[Sun, 20 Jul 2025 10:54:06 +0000] wpr: __construct
array (
  'prefix' => 'wpr',
  'licensing_servers' => 
  array (
    0 => 'https://dashboard.wpreset.com/api/',
  ),
  'version' => '2.04',
  'plugin_file' => '/home2/vedannqu/admin.leafngo.org/wp-content/plugins/wp-reset/wp-reset.php',
  'plugin_page' => 'tools_page_wp-reset',
  'skip_hooks' => false,
  'debug' => true,
  'js_folder' => 'https://admin.leafngo.org/wp-content/plugins/wp-reset//js/',
)
array (
  'prefix' => 'wpr',
  'licensing_servers' => 
  array (
    0 => 'https://dashboard.wpreset.com/api/',
  ),
  'version' => '2.04',
  'slug' => 'wp-reset',
  'basename' => 'wp-reset/wp-reset.php',
  'plugin_page' => 'tools_page_wp-reset',
  'plugin_file' => '/home2/vedannqu/admin.leafngo.org/wp-content/plugins/wp-reset/wp-reset.php',
  'js_folder' => 'https://admin.leafngo.org/wp-content/plugins/wp-reset//js/',
  'api_ver' => 'v1/',
  'valid_forever' => '2035-01-01',
  'unlimited_installs' => 99999,
  'debug' => true,
  'filesystem_initialized' => false,
)

[Sun, 20 Jul 2025 13:54:33 +0000] wpr: __construct
array (
  'prefix' => 'wpr',
  'licensing_servers' => 
  array (
    0 => 'https://dashboard.wpreset.com/api/',
  ),
  'version' => '2.04',
  'plugin_file' => '/home2/vedannqu/admin.leafngo.org/wp-content/plugins/wp-reset/wp-reset.php',
  'plugin_page' => 'tools_page_wp-reset',
  'skip_hooks' => false,
  'debug' => true,
  'js_folder' => 'https://admin.leafngo.org/wp-content/plugins/wp-reset//js/',
)
array (
  'prefix' => 'wpr',
  'licensing_servers' => 
  array (
    0 => 'https://dashboard.wpreset.com/api/',
  ),
  'version' => '2.04',
  'slug' => 'wp-reset',
  'basename' => 'wp-reset/wp-reset.php',
  'plugin_page' => 'tools_page_wp-reset',
  'plugin_file' => '/home2/vedannqu/admin.leafngo.org/wp-content/plugins/wp-reset/wp-reset.php',
  'js_folder' => 'https://admin.leafngo.org/wp-content/plugins/wp-reset//js/',
  'api_ver' => 'v1/',
  'valid_forever' => '2035-01-01',
  'unlimited_installs' => 99999,
  'debug' => true,
  'filesystem_initialized' => false,
)

[Sun, 20 Jul 2025 13:54:54 +0000] wpr: __construct
array (
  'prefix' => 'wpr',
  'licensing_servers' => 
  array (
    0 => 'https://dashboard.wpreset.com/api/',
  ),
  'version' => '2.04',
  'plugin_file' => '/home2/vedannqu/admin.leafngo.org/wp-content/plugins/wp-reset/wp-reset.php',
  'plugin_page' => 'tools_page_wp-reset',
  'skip_hooks' => false,
  'debug' => true,
  'js_folder' => 'https://admin.leafngo.org/wp-content/plugins/wp-reset//js/',
)
array (
  'prefix' => 'wpr',
  'licensing_servers' => 
  array (
    0 => 'https://dashboard.wpreset.com/api/',
  ),
  'version' => '2.04',
  'slug' => 'wp-reset',
  'basename' => 'wp-reset/wp-reset.php',
  'plugin_page' => 'tools_page_wp-reset',
  'plugin_file' => '/home2/vedannqu/admin.leafngo.org/wp-content/plugins/wp-reset/wp-reset.php',
  'js_folder' => 'https://admin.leafngo.org/wp-content/plugins/wp-reset//js/',
  'api_ver' => 'v1/',
  'valid_forever' => '2035-01-01',
  'unlimited_installs' => 99999,
  'debug' => true,
  'filesystem_initialized' => false,
)

[Sun, 20 Jul 2025 13:55:03 +0000] wpr: __construct
array (
  'prefix' => 'wpr',
  'licensing_servers' => 
  array (
    0 => 'https://dashboard.wpreset.com/api/',
  ),
  'version' => '2.04',
  'plugin_file' => '/home2/vedannqu/admin.leafngo.org/wp-content/plugins/wp-reset/wp-reset.php',
  'plugin_page' => 'tools_page_wp-reset',
  'skip_hooks' => false,
  'debug' => true,
  'js_folder' => 'https://admin.leafngo.org/wp-content/plugins/wp-reset//js/',
)
array (
  'prefix' => 'wpr',
  'licensing_servers' => 
  array (
    0 => 'https://dashboard.wpreset.com/api/',
  ),
  'version' => '2.04',
  'slug' => 'wp-reset',
  'basename' => 'wp-reset/wp-reset.php',
  'plugin_page' => 'tools_page_wp-reset',
  'plugin_file' => '/home2/vedannqu/admin.leafngo.org/wp-content/plugins/wp-reset/wp-reset.php',
  'js_folder' => 'https://admin.leafngo.org/wp-content/plugins/wp-reset//js/',
  'api_ver' => 'v1/',
  'valid_forever' => '2035-01-01',
  'unlimited_installs' => 99999,
  'debug' => true,
  'filesystem_initialized' => false,
)

[Sun, 20 Jul 2025 13:57:08 +0000] wpr: __construct
array (
  'prefix' => 'wpr',
  'licensing_servers' => 
  array (
    0 => 'https://dashboard.wpreset.com/api/',
  ),
  'version' => '2.04',
  'plugin_file' => '/home2/vedannqu/admin.leafngo.org/wp-content/plugins/wp-reset/wp-reset.php',
  'plugin_page' => 'tools_page_wp-reset',
  'skip_hooks' => false,
  'debug' => true,
  'js_folder' => 'https://admin.leafngo.org/wp-content/plugins/wp-reset//js/',
)
array (
  'prefix' => 'wpr',
  'licensing_servers' => 
  array (
    0 => 'https://dashboard.wpreset.com/api/',
  ),
  'version' => '2.04',
  'slug' => 'wp-reset',
  'basename' => 'wp-reset/wp-reset.php',
  'plugin_page' => 'tools_page_wp-reset',
  'plugin_file' => '/home2/vedannqu/admin.leafngo.org/wp-content/plugins/wp-reset/wp-reset.php',
  'js_folder' => 'https://admin.leafngo.org/wp-content/plugins/wp-reset//js/',
  'api_ver' => 'v1/',
  'valid_forever' => '2035-01-01',
  'unlimited_installs' => 99999,
  'debug' => true,
  'filesystem_initialized' => false,
)

[Sun, 20 Jul 2025 13:59:09 +0000] wpr: __construct
array (
  'prefix' => 'wpr',
  'licensing_servers' => 
  array (
    0 => 'https://dashboard.wpreset.com/api/',
  ),
  'version' => '2.04',
  'plugin_file' => '/home2/vedannqu/admin.leafngo.org/wp-content/plugins/wp-reset/wp-reset.php',
  'plugin_page' => 'tools_page_wp-reset',
  'skip_hooks' => false,
  'debug' => true,
  'js_folder' => 'https://admin.leafngo.org/wp-content/plugins/wp-reset//js/',
)
array (
  'prefix' => 'wpr',
  'licensing_servers' => 
  array (
    0 => 'https://dashboard.wpreset.com/api/',
  ),
  'version' => '2.04',
  'slug' => 'wp-reset',
  'basename' => 'wp-reset/wp-reset.php',
  'plugin_page' => 'tools_page_wp-reset',
  'plugin_file' => '/home2/vedannqu/admin.leafngo.org/wp-content/plugins/wp-reset/wp-reset.php',
  'js_folder' => 'https://admin.leafngo.org/wp-content/plugins/wp-reset//js/',
  'api_ver' => 'v1/',
  'valid_forever' => '2035-01-01',
  'unlimited_installs' => 99999,
  'debug' => true,
  'filesystem_initialized' => false,
)

[Sun, 20 Jul 2025 14:01:10 +0000] wpr: __construct
array (
  'prefix' => 'wpr',
  'licensing_servers' => 
  array (
    0 => 'https://dashboard.wpreset.com/api/',
  ),
  'version' => '2.04',
  'plugin_file' => '/home2/vedannqu/admin.leafngo.org/wp-content/plugins/wp-reset/wp-reset.php',
  'plugin_page' => 'tools_page_wp-reset',
  'skip_hooks' => false,
  'debug' => true,
  'js_folder' => 'https://admin.leafngo.org/wp-content/plugins/wp-reset//js/',
)
array (
  'prefix' => 'wpr',
  'licensing_servers' => 
  array (
    0 => 'https://dashboard.wpreset.com/api/',
  ),
  'version' => '2.04',
  'slug' => 'wp-reset',
  'basename' => 'wp-reset/wp-reset.php',
  'plugin_page' => 'tools_page_wp-reset',
  'plugin_file' => '/home2/vedannqu/admin.leafngo.org/wp-content/plugins/wp-reset/wp-reset.php',
  'js_folder' => 'https://admin.leafngo.org/wp-content/plugins/wp-reset//js/',
  'api_ver' => 'v1/',
  'valid_forever' => '2035-01-01',
  'unlimited_installs' => 99999,
  'debug' => true,
  'filesystem_initialized' => false,
)

[Tue, 22 Jul 2025 05:24:01 +0000] wpr: __construct
array (
  'prefix' => 'wpr',
  'licensing_servers' => 
  array (
    0 => 'https://dashboard.wpreset.com/api/',
  ),
  'version' => '2.04',
  'plugin_file' => '/home2/vedannqu/admin.leafngo.org/wp-content/plugins/wp-reset/wp-reset.php',
  'plugin_page' => 'tools_page_wp-reset',
  'skip_hooks' => false,
  'debug' => true,
  'js_folder' => 'https://admin.leafngo.org/wp-content/plugins/wp-reset//js/',
)
array (
  'prefix' => 'wpr',
  'licensing_servers' => 
  array (
    0 => 'https://dashboard.wpreset.com/api/',
  ),
  'version' => '2.04',
  'slug' => 'wp-reset',
  'basename' => 'wp-reset/wp-reset.php',
  'plugin_page' => 'tools_page_wp-reset',
  'plugin_file' => '/home2/vedannqu/admin.leafngo.org/wp-content/plugins/wp-reset/wp-reset.php',
  'js_folder' => 'https://admin.leafngo.org/wp-content/plugins/wp-reset//js/',
  'api_ver' => 'v1/',
  'valid_forever' => '2035-01-01',
  'unlimited_installs' => 99999,
  'debug' => true,
  'filesystem_initialized' => false,
)

[Tue, 22 Jul 2025 05:24:11 +0000] wpr: __construct
array (
  'prefix' => 'wpr',
  'licensing_servers' => 
  array (
    0 => 'https://dashboard.wpreset.com/api/',
  ),
  'version' => '2.04',
  'plugin_file' => '/home2/vedannqu/admin.leafngo.org/wp-content/plugins/wp-reset/wp-reset.php',
  'plugin_page' => 'tools_page_wp-reset',
  'skip_hooks' => false,
  'debug' => true,
  'js_folder' => 'https://admin.leafngo.org/wp-content/plugins/wp-reset//js/',
)
array (
  'prefix' => 'wpr',
  'licensing_servers' => 
  array (
    0 => 'https://dashboard.wpreset.com/api/',
  ),
  'version' => '2.04',
  'slug' => 'wp-reset',
  'basename' => 'wp-reset/wp-reset.php',
  'plugin_page' => 'tools_page_wp-reset',
  'plugin_file' => '/home2/vedannqu/admin.leafngo.org/wp-content/plugins/wp-reset/wp-reset.php',
  'js_folder' => 'https://admin.leafngo.org/wp-content/plugins/wp-reset//js/',
  'api_ver' => 'v1/',
  'valid_forever' => '2035-01-01',
  'unlimited_installs' => 99999,
  'debug' => true,
  'filesystem_initialized' => false,
)

[Tue, 22 Jul 2025 05:24:42 +0000] wpr: __construct
array (
  'prefix' => 'wpr',
  'licensing_servers' => 
  array (
    0 => 'https://dashboard.wpreset.com/api/',
  ),
  'version' => '2.04',
  'plugin_file' => '/home2/vedannqu/admin.leafngo.org/wp-content/plugins/wp-reset/wp-reset.php',
  'plugin_page' => 'tools_page_wp-reset',
  'skip_hooks' => false,
  'debug' => true,
  'js_folder' => 'https://admin.leafngo.org/wp-content/plugins/wp-reset//js/',
)
array (
  'prefix' => 'wpr',
  'licensing_servers' => 
  array (
    0 => 'https://dashboard.wpreset.com/api/',
  ),
  'version' => '2.04',
  'slug' => 'wp-reset',
  'basename' => 'wp-reset/wp-reset.php',
  'plugin_page' => 'tools_page_wp-reset',
  'plugin_file' => '/home2/vedannqu/admin.leafngo.org/wp-content/plugins/wp-reset/wp-reset.php',
  'js_folder' => 'https://admin.leafngo.org/wp-content/plugins/wp-reset//js/',
  'api_ver' => 'v1/',
  'valid_forever' => '2035-01-01',
  'unlimited_installs' => 99999,
  'debug' => true,
  'filesystem_initialized' => false,
)

[Tue, 22 Jul 2025 05:24:45 +0000] wpr: __construct
array (
  'prefix' => 'wpr',
  'licensing_servers' => 
  array (
    0 => 'https://dashboard.wpreset.com/api/',
  ),
  'version' => '2.04',
  'plugin_file' => '/home2/vedannqu/admin.leafngo.org/wp-content/plugins/wp-reset/wp-reset.php',
  'plugin_page' => 'tools_page_wp-reset',
  'skip_hooks' => false,
  'debug' => true,
  'js_folder' => 'https://admin.leafngo.org/wp-content/plugins/wp-reset//js/',
)
array (
  'prefix' => 'wpr',
  'licensing_servers' => 
  array (
    0 => 'https://dashboard.wpreset.com/api/',
  ),
  'version' => '2.04',
  'slug' => 'wp-reset',
  'basename' => 'wp-reset/wp-reset.php',
  'plugin_page' => 'tools_page_wp-reset',
  'plugin_file' => '/home2/vedannqu/admin.leafngo.org/wp-content/plugins/wp-reset/wp-reset.php',
  'js_folder' => 'https://admin.leafngo.org/wp-content/plugins/wp-reset//js/',
  'api_ver' => 'v1/',
  'valid_forever' => '2035-01-01',
  'unlimited_installs' => 99999,
  'debug' => true,
  'filesystem_initialized' => false,
)

[Tue, 22 Jul 2025 05:24:54 +0000] wpr: __construct
array (
  'prefix' => 'wpr',
  'licensing_servers' => 
  array (
    0 => 'https://dashboard.wpreset.com/api/',
  ),
  'version' => '2.04',
  'plugin_file' => '/home2/vedannqu/admin.leafngo.org/wp-content/plugins/wp-reset/wp-reset.php',
  'plugin_page' => 'tools_page_wp-reset',
  'skip_hooks' => false,
  'debug' => true,
  'js_folder' => 'https://admin.leafngo.org/wp-content/plugins/wp-reset//js/',
)
array (
  'prefix' => 'wpr',
  'licensing_servers' => 
  array (
    0 => 'https://dashboard.wpreset.com/api/',
  ),
  'version' => '2.04',
  'slug' => 'wp-reset',
  'basename' => 'wp-reset/wp-reset.php',
  'plugin_page' => 'tools_page_wp-reset',
  'plugin_file' => '/home2/vedannqu/admin.leafngo.org/wp-content/plugins/wp-reset/wp-reset.php',
  'js_folder' => 'https://admin.leafngo.org/wp-content/plugins/wp-reset//js/',
  'api_ver' => 'v1/',
  'valid_forever' => '2035-01-01',
  'unlimited_installs' => 99999,
  'debug' => true,
  'filesystem_initialized' => false,
)

[Tue, 22 Jul 2025 05:24:55 +0000] wpr: __construct
array (
  'prefix' => 'wpr',
  'licensing_servers' => 
  array (
    0 => 'https://dashboard.wpreset.com/api/',
  ),
  'version' => '2.04',
  'plugin_file' => '/home2/vedannqu/admin.leafngo.org/wp-content/plugins/wp-reset/wp-reset.php',
  'plugin_page' => 'tools_page_wp-reset',
  'skip_hooks' => false,
  'debug' => true,
  'js_folder' => 'https://admin.leafngo.org/wp-content/plugins/wp-reset//js/',
)
array (
  'prefix' => 'wpr',
  'licensing_servers' => 
  array (
    0 => 'https://dashboard.wpreset.com/api/',
  ),
  'version' => '2.04',
  'slug' => 'wp-reset',
  'basename' => 'wp-reset/wp-reset.php',
  'plugin_page' => 'tools_page_wp-reset',
  'plugin_file' => '/home2/vedannqu/admin.leafngo.org/wp-content/plugins/wp-reset/wp-reset.php',
  'js_folder' => 'https://admin.leafngo.org/wp-content/plugins/wp-reset//js/',
  'api_ver' => 'v1/',
  'valid_forever' => '2035-01-01',
  'unlimited_installs' => 99999,
  'debug' => true,
  'filesystem_initialized' => false,
)

[Tue, 22 Jul 2025 05:25:00 +0000] wpr: __construct
array (
  'prefix' => 'wpr',
  'licensing_servers' => 
  array (
    0 => 'https://dashboard.wpreset.com/api/',
  ),
  'version' => '2.04',
  'plugin_file' => '/home2/vedannqu/admin.leafngo.org/wp-content/plugins/wp-reset/wp-reset.php',
  'plugin_page' => 'tools_page_wp-reset',
  'skip_hooks' => false,
  'debug' => true,
  'js_folder' => 'https://admin.leafngo.org/wp-content/plugins/wp-reset//js/',
)
array (
  'prefix' => 'wpr',
  'licensing_servers' => 
  array (
    0 => 'https://dashboard.wpreset.com/api/',
  ),
  'version' => '2.04',
  'slug' => 'wp-reset',
  'basename' => 'wp-reset/wp-reset.php',
  'plugin_page' => 'tools_page_wp-reset',
  'plugin_file' => '/home2/vedannqu/admin.leafngo.org/wp-content/plugins/wp-reset/wp-reset.php',
  'js_folder' => 'https://admin.leafngo.org/wp-content/plugins/wp-reset//js/',
  'api_ver' => 'v1/',
  'valid_forever' => '2035-01-01',
  'unlimited_installs' => 99999,
  'debug' => true,
  'filesystem_initialized' => false,
)

[Tue, 22 Jul 2025 05:25:01 +0000] wpr: __construct
array (
  'prefix' => 'wpr',
  'licensing_servers' => 
  array (
    0 => 'https://dashboard.wpreset.com/api/',
  ),
  'version' => '2.04',
  'plugin_file' => '/home2/vedannqu/admin.leafngo.org/wp-content/plugins/wp-reset/wp-reset.php',
  'plugin_page' => 'tools_page_wp-reset',
  'skip_hooks' => false,
  'debug' => true,
  'js_folder' => 'https://admin.leafngo.org/wp-content/plugins/wp-reset//js/',
)
array (
  'prefix' => 'wpr',
  'licensing_servers' => 
  array (
    0 => 'https://dashboard.wpreset.com/api/',
  ),
  'version' => '2.04',
  'slug' => 'wp-reset',
  'basename' => 'wp-reset/wp-reset.php',
  'plugin_page' => 'tools_page_wp-reset',
  'plugin_file' => '/home2/vedannqu/admin.leafngo.org/wp-content/plugins/wp-reset/wp-reset.php',
  'js_folder' => 'https://admin.leafngo.org/wp-content/plugins/wp-reset//js/',
  'api_ver' => 'v1/',
  'valid_forever' => '2035-01-01',
  'unlimited_installs' => 99999,
  'debug' => true,
  'filesystem_initialized' => false,
)

[Tue, 22 Jul 2025 05:25:01 +0000] wpr: __construct
array (
  'prefix' => 'wpr',
  'licensing_servers' => 
  array (
    0 => 'https://dashboard.wpreset.com/api/',
  ),
  'version' => '2.04',
  'plugin_file' => '/home2/vedannqu/admin.leafngo.org/wp-content/plugins/wp-reset/wp-reset.php',
  'plugin_page' => 'tools_page_wp-reset',
  'skip_hooks' => false,
  'debug' => true,
  'js_folder' => 'https://admin.leafngo.org/wp-content/plugins/wp-reset//js/',
)
array (
  'prefix' => 'wpr',
  'licensing_servers' => 
  array (
    0 => 'https://dashboard.wpreset.com/api/',
  ),
  'version' => '2.04',
  'slug' => 'wp-reset',
  'basename' => 'wp-reset/wp-reset.php',
  'plugin_page' => 'tools_page_wp-reset',
  'plugin_file' => '/home2/vedannqu/admin.leafngo.org/wp-content/plugins/wp-reset/wp-reset.php',
  'js_folder' => 'https://admin.leafngo.org/wp-content/plugins/wp-reset//js/',
  'api_ver' => 'v1/',
  'valid_forever' => '2035-01-01',
  'unlimited_installs' => 99999,
  'debug' => true,
  'filesystem_initialized' => false,
)

[Tue, 22 Jul 2025 05:25:10 +0000] wpr: __construct
array (
  'prefix' => 'wpr',
  'licensing_servers' => 
  array (
    0 => 'https://dashboard.wpreset.com/api/',
  ),
  'version' => '2.04',
  'plugin_file' => '/home2/vedannqu/admin.leafngo.org/wp-content/plugins/wp-reset/wp-reset.php',
  'plugin_page' => 'tools_page_wp-reset',
  'skip_hooks' => false,
  'debug' => true,
  'js_folder' => 'https://admin.leafngo.org/wp-content/plugins/wp-reset//js/',
)
array (
  'prefix' => 'wpr',
  'licensing_servers' => 
  array (
    0 => 'https://dashboard.wpreset.com/api/',
  ),
  'version' => '2.04',
  'slug' => 'wp-reset',
  'basename' => 'wp-reset/wp-reset.php',
  'plugin_page' => 'tools_page_wp-reset',
  'plugin_file' => '/home2/vedannqu/admin.leafngo.org/wp-content/plugins/wp-reset/wp-reset.php',
  'js_folder' => 'https://admin.leafngo.org/wp-content/plugins/wp-reset//js/',
  'api_ver' => 'v1/',
  'valid_forever' => '2035-01-01',
  'unlimited_installs' => 99999,
  'debug' => true,
  'filesystem_initialized' => false,
)

[Tue, 22 Jul 2025 05:25:13 +0000] wpr: __construct
array (
  'prefix' => 'wpr',
  'licensing_servers' => 
  array (
    0 => 'https://dashboard.wpreset.com/api/',
  ),
  'version' => '2.04',
  'plugin_file' => '/home2/vedannqu/admin.leafngo.org/wp-content/plugins/wp-reset/wp-reset.php',
  'plugin_page' => 'tools_page_wp-reset',
  'skip_hooks' => false,
  'debug' => true,
  'js_folder' => 'https://admin.leafngo.org/wp-content/plugins/wp-reset//js/',
)
array (
  'prefix' => 'wpr',
  'licensing_servers' => 
  array (
    0 => 'https://dashboard.wpreset.com/api/',
  ),
  'version' => '2.04',
  'slug' => 'wp-reset',
  'basename' => 'wp-reset/wp-reset.php',
  'plugin_page' => 'tools_page_wp-reset',
  'plugin_file' => '/home2/vedannqu/admin.leafngo.org/wp-content/plugins/wp-reset/wp-reset.php',
  'js_folder' => 'https://admin.leafngo.org/wp-content/plugins/wp-reset//js/',
  'api_ver' => 'v1/',
  'valid_forever' => '2035-01-01',
  'unlimited_installs' => 99999,
  'debug' => true,
  'filesystem_initialized' => false,
)

[Tue, 22 Jul 2025 05:25:16 +0000] wpr: __construct
array (
  'prefix' => 'wpr',
  'licensing_servers' => 
  array (
    0 => 'https://dashboard.wpreset.com/api/',
  ),
  'version' => '2.04',
  'plugin_file' => '/home2/vedannqu/admin.leafngo.org/wp-content/plugins/wp-reset/wp-reset.php',
  'plugin_page' => 'tools_page_wp-reset',
  'skip_hooks' => false,
  'debug' => true,
  'js_folder' => 'https://admin.leafngo.org/wp-content/plugins/wp-reset//js/',
)
array (
  'prefix' => 'wpr',
  'licensing_servers' => 
  array (
    0 => 'https://dashboard.wpreset.com/api/',
  ),
  'version' => '2.04',
  'slug' => 'wp-reset',
  'basename' => 'wp-reset/wp-reset.php',
  'plugin_page' => 'tools_page_wp-reset',
  'plugin_file' => '/home2/vedannqu/admin.leafngo.org/wp-content/plugins/wp-reset/wp-reset.php',
  'js_folder' => 'https://admin.leafngo.org/wp-content/plugins/wp-reset//js/',
  'api_ver' => 'v1/',
  'valid_forever' => '2035-01-01',
  'unlimited_installs' => 99999,
  'debug' => true,
  'filesystem_initialized' => false,
)

[Tue, 22 Jul 2025 05:25:32 +0000] wpr: __construct
array (
  'prefix' => 'wpr',
  'licensing_servers' => 
  array (
    0 => 'https://dashboard.wpreset.com/api/',
  ),
  'version' => '2.04',
  'plugin_file' => '/home2/vedannqu/admin.leafngo.org/wp-content/plugins/wp-reset/wp-reset.php',
  'plugin_page' => 'tools_page_wp-reset',
  'skip_hooks' => false,
  'debug' => true,
  'js_folder' => 'https://admin.leafngo.org/wp-content/plugins/wp-reset//js/',
)
array (
  'prefix' => 'wpr',
  'licensing_servers' => 
  array (
    0 => 'https://dashboard.wpreset.com/api/',
  ),
  'version' => '2.04',
  'slug' => 'wp-reset',
  'basename' => 'wp-reset/wp-reset.php',
  'plugin_page' => 'tools_page_wp-reset',
  'plugin_file' => '/home2/vedannqu/admin.leafngo.org/wp-content/plugins/wp-reset/wp-reset.php',
  'js_folder' => 'https://admin.leafngo.org/wp-content/plugins/wp-reset//js/',
  'api_ver' => 'v1/',
  'valid_forever' => '2035-01-01',
  'unlimited_installs' => 99999,
  'debug' => true,
  'filesystem_initialized' => false,
)

[Tue, 22 Jul 2025 05:25:46 +0000] wpr: __construct
array (
  'prefix' => 'wpr',
  'licensing_servers' => 
  array (
    0 => 'https://dashboard.wpreset.com/api/',
  ),
  'version' => '2.04',
  'plugin_file' => '/home2/vedannqu/admin.leafngo.org/wp-content/plugins/wp-reset/wp-reset.php',
  'plugin_page' => 'tools_page_wp-reset',
  'skip_hooks' => false,
  'debug' => true,
  'js_folder' => 'https://admin.leafngo.org/wp-content/plugins/wp-reset//js/',
)
array (
  'prefix' => 'wpr',
  'licensing_servers' => 
  array (
    0 => 'https://dashboard.wpreset.com/api/',
  ),
  'version' => '2.04',
  'slug' => 'wp-reset',
  'basename' => 'wp-reset/wp-reset.php',
  'plugin_page' => 'tools_page_wp-reset',
  'plugin_file' => '/home2/vedannqu/admin.leafngo.org/wp-content/plugins/wp-reset/wp-reset.php',
  'js_folder' => 'https://admin.leafngo.org/wp-content/plugins/wp-reset//js/',
  'api_ver' => 'v1/',
  'valid_forever' => '2035-01-01',
  'unlimited_installs' => 99999,
  'debug' => true,
  'filesystem_initialized' => false,
)

[Tue, 22 Jul 2025 05:26:02 +0000] wpr: __construct
array (
  'prefix' => 'wpr',
  'licensing_servers' => 
  array (
    0 => 'https://dashboard.wpreset.com/api/',
  ),
  'version' => '2.04',
  'plugin_file' => '/home2/vedannqu/admin.leafngo.org/wp-content/plugins/wp-reset/wp-reset.php',
  'plugin_page' => 'tools_page_wp-reset',
  'skip_hooks' => false,
  'debug' => true,
  'js_folder' => 'https://admin.leafngo.org/wp-content/plugins/wp-reset//js/',
)
array (
  'prefix' => 'wpr',
  'licensing_servers' => 
  array (
    0 => 'https://dashboard.wpreset.com/api/',
  ),
  'version' => '2.04',
  'slug' => 'wp-reset',
  'basename' => 'wp-reset/wp-reset.php',
  'plugin_page' => 'tools_page_wp-reset',
  'plugin_file' => '/home2/vedannqu/admin.leafngo.org/wp-content/plugins/wp-reset/wp-reset.php',
  'js_folder' => 'https://admin.leafngo.org/wp-content/plugins/wp-reset//js/',
  'api_ver' => 'v1/',
  'valid_forever' => '2035-01-01',
  'unlimited_installs' => 99999,
  'debug' => true,
  'filesystem_initialized' => false,
)

[Tue, 22 Jul 2025 05:26:16 +0000] wpr: __construct
array (
  'prefix' => 'wpr',
  'licensing_servers' => 
  array (
    0 => 'https://dashboard.wpreset.com/api/',
  ),
  'version' => '2.04',
  'plugin_file' => '/home2/vedannqu/admin.leafngo.org/wp-content/plugins/wp-reset/wp-reset.php',
  'plugin_page' => 'tools_page_wp-reset',
  'skip_hooks' => false,
  'debug' => true,
  'js_folder' => 'https://admin.leafngo.org/wp-content/plugins/wp-reset//js/',
)
array (
  'prefix' => 'wpr',
  'licensing_servers' => 
  array (
    0 => 'https://dashboard.wpreset.com/api/',
  ),
  'version' => '2.04',
  'slug' => 'wp-reset',
  'basename' => 'wp-reset/wp-reset.php',
  'plugin_page' => 'tools_page_wp-reset',
  'plugin_file' => '/home2/vedannqu/admin.leafngo.org/wp-content/plugins/wp-reset/wp-reset.php',
  'js_folder' => 'https://admin.leafngo.org/wp-content/plugins/wp-reset//js/',
  'api_ver' => 'v1/',
  'valid_forever' => '2035-01-01',
  'unlimited_installs' => 99999,
  'debug' => true,
  'filesystem_initialized' => false,
)

[Tue, 22 Jul 2025 05:26:32 +0000] wpr: __construct
array (
  'prefix' => 'wpr',
  'licensing_servers' => 
  array (
    0 => 'https://dashboard.wpreset.com/api/',
  ),
  'version' => '2.04',
  'plugin_file' => '/home2/vedannqu/admin.leafngo.org/wp-content/plugins/wp-reset/wp-reset.php',
  'plugin_page' => 'tools_page_wp-reset',
  'skip_hooks' => false,
  'debug' => true,
  'js_folder' => 'https://admin.leafngo.org/wp-content/plugins/wp-reset//js/',
)
array (
  'prefix' => 'wpr',
  'licensing_servers' => 
  array (
    0 => 'https://dashboard.wpreset.com/api/',
  ),
  'version' => '2.04',
  'slug' => 'wp-reset',
  'basename' => 'wp-reset/wp-reset.php',
  'plugin_page' => 'tools_page_wp-reset',
  'plugin_file' => '/home2/vedannqu/admin.leafngo.org/wp-content/plugins/wp-reset/wp-reset.php',
  'js_folder' => 'https://admin.leafngo.org/wp-content/plugins/wp-reset//js/',
  'api_ver' => 'v1/',
  'valid_forever' => '2035-01-01',
  'unlimited_installs' => 99999,
  'debug' => true,
  'filesystem_initialized' => false,
)

[Tue, 22 Jul 2025 05:26:46 +0000] wpr: __construct
array (
  'prefix' => 'wpr',
  'licensing_servers' => 
  array (
    0 => 'https://dashboard.wpreset.com/api/',
  ),
  'version' => '2.04',
  'plugin_file' => '/home2/vedannqu/admin.leafngo.org/wp-content/plugins/wp-reset/wp-reset.php',
  'plugin_page' => 'tools_page_wp-reset',
  'skip_hooks' => false,
  'debug' => true,
  'js_folder' => 'https://admin.leafngo.org/wp-content/plugins/wp-reset//js/',
)
array (
  'prefix' => 'wpr',
  'licensing_servers' => 
  array (
    0 => 'https://dashboard.wpreset.com/api/',
  ),
  'version' => '2.04',
  'slug' => 'wp-reset',
  'basename' => 'wp-reset/wp-reset.php',
  'plugin_page' => 'tools_page_wp-reset',
  'plugin_file' => '/home2/vedannqu/admin.leafngo.org/wp-content/plugins/wp-reset/wp-reset.php',
  'js_folder' => 'https://admin.leafngo.org/wp-content/plugins/wp-reset//js/',
  'api_ver' => 'v1/',
  'valid_forever' => '2035-01-01',
  'unlimited_installs' => 99999,
  'debug' => true,
  'filesystem_initialized' => false,
)

[Tue, 22 Jul 2025 05:27:02 +0000] wpr: __construct
array (
  'prefix' => 'wpr',
  'licensing_servers' => 
  array (
    0 => 'https://dashboard.wpreset.com/api/',
  ),
  'version' => '2.04',
  'plugin_file' => '/home2/vedannqu/admin.leafngo.org/wp-content/plugins/wp-reset/wp-reset.php',
  'plugin_page' => 'tools_page_wp-reset',
  'skip_hooks' => false,
  'debug' => true,
  'js_folder' => 'https://admin.leafngo.org/wp-content/plugins/wp-reset//js/',
)
array (
  'prefix' => 'wpr',
  'licensing_servers' => 
  array (
    0 => 'https://dashboard.wpreset.com/api/',
  ),
  'version' => '2.04',
  'slug' => 'wp-reset',
  'basename' => 'wp-reset/wp-reset.php',
  'plugin_page' => 'tools_page_wp-reset',
  'plugin_file' => '/home2/vedannqu/admin.leafngo.org/wp-content/plugins/wp-reset/wp-reset.php',
  'js_folder' => 'https://admin.leafngo.org/wp-content/plugins/wp-reset//js/',
  'api_ver' => 'v1/',
  'valid_forever' => '2035-01-01',
  'unlimited_installs' => 99999,
  'debug' => true,
  'filesystem_initialized' => false,
)

[Tue, 22 Jul 2025 05:27:16 +0000] wpr: __construct
array (
  'prefix' => 'wpr',
  'licensing_servers' => 
  array (
    0 => 'https://dashboard.wpreset.com/api/',
  ),
  'version' => '2.04',
  'plugin_file' => '/home2/vedannqu/admin.leafngo.org/wp-content/plugins/wp-reset/wp-reset.php',
  'plugin_page' => 'tools_page_wp-reset',
  'skip_hooks' => false,
  'debug' => true,
  'js_folder' => 'https://admin.leafngo.org/wp-content/plugins/wp-reset//js/',
)
array (
  'prefix' => 'wpr',
  'licensing_servers' => 
  array (
    0 => 'https://dashboard.wpreset.com/api/',
  ),
  'version' => '2.04',
  'slug' => 'wp-reset',
  'basename' => 'wp-reset/wp-reset.php',
  'plugin_page' => 'tools_page_wp-reset',
  'plugin_file' => '/home2/vedannqu/admin.leafngo.org/wp-content/plugins/wp-reset/wp-reset.php',
  'js_folder' => 'https://admin.leafngo.org/wp-content/plugins/wp-reset//js/',
  'api_ver' => 'v1/',
  'valid_forever' => '2035-01-01',
  'unlimited_installs' => 99999,
  'debug' => true,
  'filesystem_initialized' => false,
)

[Tue, 22 Jul 2025 05:27:21 +0000] wpr: __construct
array (
  'prefix' => 'wpr',
  'licensing_servers' => 
  array (
    0 => 'https://dashboard.wpreset.com/api/',
  ),
  'version' => '2.04',
  'plugin_file' => '/home2/vedannqu/admin.leafngo.org/wp-content/plugins/wp-reset/wp-reset.php',
  'plugin_page' => 'tools_page_wp-reset',
  'skip_hooks' => false,
  'debug' => true,
  'js_folder' => 'https://admin.leafngo.org/wp-content/plugins/wp-reset//js/',
)
array (
  'prefix' => 'wpr',
  'licensing_servers' => 
  array (
    0 => 'https://dashboard.wpreset.com/api/',
  ),
  'version' => '2.04',
  'slug' => 'wp-reset',
  'basename' => 'wp-reset/wp-reset.php',
  'plugin_page' => 'tools_page_wp-reset',
  'plugin_file' => '/home2/vedannqu/admin.leafngo.org/wp-content/plugins/wp-reset/wp-reset.php',
  'js_folder' => 'https://admin.leafngo.org/wp-content/plugins/wp-reset//js/',
  'api_ver' => 'v1/',
  'valid_forever' => '2035-01-01',
  'unlimited_installs' => 99999,
  'debug' => true,
  'filesystem_initialized' => false,
)

[Tue, 22 Jul 2025 05:27:28 +0000] wpr: __construct
array (
  'prefix' => 'wpr',
  'licensing_servers' => 
  array (
    0 => 'https://dashboard.wpreset.com/api/',
  ),
  'version' => '2.04',
  'plugin_file' => '/home2/vedannqu/admin.leafngo.org/wp-content/plugins/wp-reset/wp-reset.php',
  'plugin_page' => 'tools_page_wp-reset',
  'skip_hooks' => false,
  'debug' => true,
  'js_folder' => 'https://admin.leafngo.org/wp-content/plugins/wp-reset//js/',
)
array (
  'prefix' => 'wpr',
  'licensing_servers' => 
  array (
    0 => 'https://dashboard.wpreset.com/api/',
  ),
  'version' => '2.04',
  'slug' => 'wp-reset',
  'basename' => 'wp-reset/wp-reset.php',
  'plugin_page' => 'tools_page_wp-reset',
  'plugin_file' => '/home2/vedannqu/admin.leafngo.org/wp-content/plugins/wp-reset/wp-reset.php',
  'js_folder' => 'https://admin.leafngo.org/wp-content/plugins/wp-reset//js/',
  'api_ver' => 'v1/',
  'valid_forever' => '2035-01-01',
  'unlimited_installs' => 99999,
  'debug' => true,
  'filesystem_initialized' => false,
)

[Tue, 22 Jul 2025 05:27:30 +0000] wpr: __construct
array (
  'prefix' => 'wpr',
  'licensing_servers' => 
  array (
    0 => 'https://dashboard.wpreset.com/api/',
  ),
  'version' => '2.04',
  'plugin_file' => '/home2/vedannqu/admin.leafngo.org/wp-content/plugins/wp-reset/wp-reset.php',
  'plugin_page' => 'tools_page_wp-reset',
  'skip_hooks' => false,
  'debug' => true,
  'js_folder' => 'https://admin.leafngo.org/wp-content/plugins/wp-reset//js/',
)
array (
  'prefix' => 'wpr',
  'licensing_servers' => 
  array (
    0 => 'https://dashboard.wpreset.com/api/',
  ),
  'version' => '2.04',
  'slug' => 'wp-reset',
  'basename' => 'wp-reset/wp-reset.php',
  'plugin_page' => 'tools_page_wp-reset',
  'plugin_file' => '/home2/vedannqu/admin.leafngo.org/wp-content/plugins/wp-reset/wp-reset.php',
  'js_folder' => 'https://admin.leafngo.org/wp-content/plugins/wp-reset//js/',
  'api_ver' => 'v1/',
  'valid_forever' => '2035-01-01',
  'unlimited_installs' => 99999,
  'debug' => true,
  'filesystem_initialized' => false,
)

[Tue, 22 Jul 2025 05:27:31 +0000] wpr: __construct
array (
  'prefix' => 'wpr',
  'licensing_servers' => 
  array (
    0 => 'https://dashboard.wpreset.com/api/',
  ),
  'version' => '2.04',
  'plugin_file' => '/home2/vedannqu/admin.leafngo.org/wp-content/plugins/wp-reset/wp-reset.php',
  'plugin_page' => 'tools_page_wp-reset',
  'skip_hooks' => false,
  'debug' => true,
  'js_folder' => 'https://admin.leafngo.org/wp-content/plugins/wp-reset//js/',
)
array (
  'prefix' => 'wpr',
  'licensing_servers' => 
  array (
    0 => 'https://dashboard.wpreset.com/api/',
  ),
  'version' => '2.04',
  'slug' => 'wp-reset',
  'basename' => 'wp-reset/wp-reset.php',
  'plugin_page' => 'tools_page_wp-reset',
  'plugin_file' => '/home2/vedannqu/admin.leafngo.org/wp-content/plugins/wp-reset/wp-reset.php',
  'js_folder' => 'https://admin.leafngo.org/wp-content/plugins/wp-reset//js/',
  'api_ver' => 'v1/',
  'valid_forever' => '2035-01-01',
  'unlimited_installs' => 99999,
  'debug' => true,
  'filesystem_initialized' => false,
)

[Tue, 22 Jul 2025 05:27:33 +0000] wpr: __construct
array (
  'prefix' => 'wpr',
  'licensing_servers' => 
  array (
    0 => 'https://dashboard.wpreset.com/api/',
  ),
  'version' => '2.04',
  'plugin_file' => '/home2/vedannqu/admin.leafngo.org/wp-content/plugins/wp-reset/wp-reset.php',
  'plugin_page' => 'tools_page_wp-reset',
  'skip_hooks' => false,
  'debug' => true,
  'js_folder' => 'https://admin.leafngo.org/wp-content/plugins/wp-reset//js/',
)
array (
  'prefix' => 'wpr',
  'licensing_servers' => 
  array (
    0 => 'https://dashboard.wpreset.com/api/',
  ),
  'version' => '2.04',
  'slug' => 'wp-reset',
  'basename' => 'wp-reset/wp-reset.php',
  'plugin_page' => 'tools_page_wp-reset',
  'plugin_file' => '/home2/vedannqu/admin.leafngo.org/wp-content/plugins/wp-reset/wp-reset.php',
  'js_folder' => 'https://admin.leafngo.org/wp-content/plugins/wp-reset//js/',
  'api_ver' => 'v1/',
  'valid_forever' => '2035-01-01',
  'unlimited_installs' => 99999,
  'debug' => true,
  'filesystem_initialized' => false,
)

[Tue, 22 Jul 2025 05:27:33 +0000] wpr: __construct
array (
  'prefix' => 'wpr',
  'licensing_servers' => 
  array (
    0 => 'https://dashboard.wpreset.com/api/',
  ),
  'version' => '2.04',
  'plugin_file' => '/home2/vedannqu/admin.leafngo.org/wp-content/plugins/wp-reset/wp-reset.php',
  'plugin_page' => 'tools_page_wp-reset',
  'skip_hooks' => false,
  'debug' => true,
  'js_folder' => 'https://admin.leafngo.org/wp-content/plugins/wp-reset//js/',
)
array (
  'prefix' => 'wpr',
  'licensing_servers' => 
  array (
    0 => 'https://dashboard.wpreset.com/api/',
  ),
  'version' => '2.04',
  'slug' => 'wp-reset',
  'basename' => 'wp-reset/wp-reset.php',
  'plugin_page' => 'tools_page_wp-reset',
  'plugin_file' => '/home2/vedannqu/admin.leafngo.org/wp-content/plugins/wp-reset/wp-reset.php',
  'js_folder' => 'https://admin.leafngo.org/wp-content/plugins/wp-reset//js/',
  'api_ver' => 'v1/',
  'valid_forever' => '2035-01-01',
  'unlimited_installs' => 99999,
  'debug' => true,
  'filesystem_initialized' => false,
)

[Tue, 22 Jul 2025 05:27:34 +0000] wpr: __construct
array (
  'prefix' => 'wpr',
  'licensing_servers' => 
  array (
    0 => 'https://dashboard.wpreset.com/api/',
  ),
  'version' => '2.04',
  'plugin_file' => '/home2/vedannqu/admin.leafngo.org/wp-content/plugins/wp-reset/wp-reset.php',
  'plugin_page' => 'tools_page_wp-reset',
  'skip_hooks' => false,
  'debug' => true,
  'js_folder' => 'https://admin.leafngo.org/wp-content/plugins/wp-reset//js/',
)
array (
  'prefix' => 'wpr',
  'licensing_servers' => 
  array (
    0 => 'https://dashboard.wpreset.com/api/',
  ),
  'version' => '2.04',
  'slug' => 'wp-reset',
  'basename' => 'wp-reset/wp-reset.php',
  'plugin_page' => 'tools_page_wp-reset',
  'plugin_file' => '/home2/vedannqu/admin.leafngo.org/wp-content/plugins/wp-reset/wp-reset.php',
  'js_folder' => 'https://admin.leafngo.org/wp-content/plugins/wp-reset//js/',
  'api_ver' => 'v1/',
  'valid_forever' => '2035-01-01',
  'unlimited_installs' => 99999,
  'debug' => true,
  'filesystem_initialized' => false,
)

[Tue, 22 Jul 2025 05:27:35 +0000] wpr: __construct
array (
  'prefix' => 'wpr',
  'licensing_servers' => 
  array (
    0 => 'https://dashboard.wpreset.com/api/',
  ),
  'version' => '2.04',
  'plugin_file' => '/home2/vedannqu/admin.leafngo.org/wp-content/plugins/wp-reset/wp-reset.php',
  'plugin_page' => 'tools_page_wp-reset',
  'skip_hooks' => false,
  'debug' => true,
  'js_folder' => 'https://admin.leafngo.org/wp-content/plugins/wp-reset//js/',
)
array (
  'prefix' => 'wpr',
  'licensing_servers' => 
  array (
    0 => 'https://dashboard.wpreset.com/api/',
  ),
  'version' => '2.04',
  'slug' => 'wp-reset',
  'basename' => 'wp-reset/wp-reset.php',
  'plugin_page' => 'tools_page_wp-reset',
  'plugin_file' => '/home2/vedannqu/admin.leafngo.org/wp-content/plugins/wp-reset/wp-reset.php',
  'js_folder' => 'https://admin.leafngo.org/wp-content/plugins/wp-reset//js/',
  'api_ver' => 'v1/',
  'valid_forever' => '2035-01-01',
  'unlimited_installs' => 99999,
  'debug' => true,
  'filesystem_initialized' => false,
)

[Tue, 22 Jul 2025 05:27:42 +0000] wpr: __construct
array (
  'prefix' => 'wpr',
  'licensing_servers' => 
  array (
    0 => 'https://dashboard.wpreset.com/api/',
  ),
  'version' => '2.04',
  'plugin_file' => '/home2/vedannqu/admin.leafngo.org/wp-content/plugins/wp-reset/wp-reset.php',
  'plugin_page' => 'tools_page_wp-reset',
  'skip_hooks' => false,
  'debug' => true,
  'js_folder' => 'https://admin.leafngo.org/wp-content/plugins/wp-reset//js/',
)
array (
  'prefix' => 'wpr',
  'licensing_servers' => 
  array (
    0 => 'https://dashboard.wpreset.com/api/',
  ),
  'version' => '2.04',
  'slug' => 'wp-reset',
  'basename' => 'wp-reset/wp-reset.php',
  'plugin_page' => 'tools_page_wp-reset',
  'plugin_file' => '/home2/vedannqu/admin.leafngo.org/wp-content/plugins/wp-reset/wp-reset.php',
  'js_folder' => 'https://admin.leafngo.org/wp-content/plugins/wp-reset//js/',
  'api_ver' => 'v1/',
  'valid_forever' => '2035-01-01',
  'unlimited_installs' => 99999,
  'debug' => true,
  'filesystem_initialized' => false,
)

[Tue, 22 Jul 2025 05:27:46 +0000] wpr: __construct
array (
  'prefix' => 'wpr',
  'licensing_servers' => 
  array (
    0 => 'https://dashboard.wpreset.com/api/',
  ),
  'version' => '2.04',
  'plugin_file' => '/home2/vedannqu/admin.leafngo.org/wp-content/plugins/wp-reset/wp-reset.php',
  'plugin_page' => 'tools_page_wp-reset',
  'skip_hooks' => false,
  'debug' => true,
  'js_folder' => 'https://admin.leafngo.org/wp-content/plugins/wp-reset//js/',
)
array (
  'prefix' => 'wpr',
  'licensing_servers' => 
  array (
    0 => 'https://dashboard.wpreset.com/api/',
  ),
  'version' => '2.04',
  'slug' => 'wp-reset',
  'basename' => 'wp-reset/wp-reset.php',
  'plugin_page' => 'tools_page_wp-reset',
  'plugin_file' => '/home2/vedannqu/admin.leafngo.org/wp-content/plugins/wp-reset/wp-reset.php',
  'js_folder' => 'https://admin.leafngo.org/wp-content/plugins/wp-reset//js/',
  'api_ver' => 'v1/',
  'valid_forever' => '2035-01-01',
  'unlimited_installs' => 99999,
  'debug' => true,
  'filesystem_initialized' => false,
)

[Tue, 22 Jul 2025 05:28:01 +0000] wpr: __construct
array (
  'prefix' => 'wpr',
  'licensing_servers' => 
  array (
    0 => 'https://dashboard.wpreset.com/api/',
  ),
  'version' => '2.04',
  'plugin_file' => '/home2/vedannqu/admin.leafngo.org/wp-content/plugins/wp-reset/wp-reset.php',
  'plugin_page' => 'tools_page_wp-reset',
  'skip_hooks' => false,
  'debug' => true,
  'js_folder' => 'https://admin.leafngo.org/wp-content/plugins/wp-reset//js/',
)
array (
  'prefix' => 'wpr',
  'licensing_servers' => 
  array (
    0 => 'https://dashboard.wpreset.com/api/',
  ),
  'version' => '2.04',
  'slug' => 'wp-reset',
  'basename' => 'wp-reset/wp-reset.php',
  'plugin_page' => 'tools_page_wp-reset',
  'plugin_file' => '/home2/vedannqu/admin.leafngo.org/wp-content/plugins/wp-reset/wp-reset.php',
  'js_folder' => 'https://admin.leafngo.org/wp-content/plugins/wp-reset//js/',
  'api_ver' => 'v1/',
  'valid_forever' => '2035-01-01',
  'unlimited_installs' => 99999,
  'debug' => true,
  'filesystem_initialized' => false,
)

[Tue, 22 Jul 2025 05:28:23 +0000] wpr: __construct
array (
  'prefix' => 'wpr',
  'licensing_servers' => 
  array (
    0 => 'https://dashboard.wpreset.com/api/',
  ),
  'version' => '2.04',
  'plugin_file' => '/home2/vedannqu/admin.leafngo.org/wp-content/plugins/wp-reset/wp-reset.php',
  'plugin_page' => 'tools_page_wp-reset',
  'skip_hooks' => false,
  'debug' => true,
  'js_folder' => 'https://admin.leafngo.org/wp-content/plugins/wp-reset//js/',
)
array (
  'prefix' => 'wpr',
  'licensing_servers' => 
  array (
    0 => 'https://dashboard.wpreset.com/api/',
  ),
  'version' => '2.04',
  'slug' => 'wp-reset',
  'basename' => 'wp-reset/wp-reset.php',
  'plugin_page' => 'tools_page_wp-reset',
  'plugin_file' => '/home2/vedannqu/admin.leafngo.org/wp-content/plugins/wp-reset/wp-reset.php',
  'js_folder' => 'https://admin.leafngo.org/wp-content/plugins/wp-reset//js/',
  'api_ver' => 'v1/',
  'valid_forever' => '2035-01-01',
  'unlimited_installs' => 99999,
  'debug' => true,
  'filesystem_initialized' => false,
)

[Tue, 22 Jul 2025 05:28:30 +0000] wpr: __construct
array (
  'prefix' => 'wpr',
  'licensing_servers' => 
  array (
    0 => 'https://dashboard.wpreset.com/api/',
  ),
  'version' => '2.04',
  'plugin_file' => '/home2/vedannqu/admin.leafngo.org/wp-content/plugins/wp-reset/wp-reset.php',
  'plugin_page' => 'tools_page_wp-reset',
  'skip_hooks' => false,
  'debug' => true,
  'js_folder' => 'https://admin.leafngo.org/wp-content/plugins/wp-reset//js/',
)
array (
  'prefix' => 'wpr',
  'licensing_servers' => 
  array (
    0 => 'https://dashboard.wpreset.com/api/',
  ),
  'version' => '2.04',
  'slug' => 'wp-reset',
  'basename' => 'wp-reset/wp-reset.php',
  'plugin_page' => 'tools_page_wp-reset',
  'plugin_file' => '/home2/vedannqu/admin.leafngo.org/wp-content/plugins/wp-reset/wp-reset.php',
  'js_folder' => 'https://admin.leafngo.org/wp-content/plugins/wp-reset//js/',
  'api_ver' => 'v1/',
  'valid_forever' => '2035-01-01',
  'unlimited_installs' => 99999,
  'debug' => true,
  'filesystem_initialized' => false,
)

[Tue, 22 Jul 2025 05:28:38 +0000] wpr: __construct
array (
  'prefix' => 'wpr',
  'licensing_servers' => 
  array (
    0 => 'https://dashboard.wpreset.com/api/',
  ),
  'version' => '2.04',
  'plugin_file' => '/home2/vedannqu/admin.leafngo.org/wp-content/plugins/wp-reset/wp-reset.php',
  'plugin_page' => 'tools_page_wp-reset',
  'skip_hooks' => false,
  'debug' => true,
  'js_folder' => 'https://admin.leafngo.org/wp-content/plugins/wp-reset//js/',
)
array (
  'prefix' => 'wpr',
  'licensing_servers' => 
  array (
    0 => 'https://dashboard.wpreset.com/api/',
  ),
  'version' => '2.04',
  'slug' => 'wp-reset',
  'basename' => 'wp-reset/wp-reset.php',
  'plugin_page' => 'tools_page_wp-reset',
  'plugin_file' => '/home2/vedannqu/admin.leafngo.org/wp-content/plugins/wp-reset/wp-reset.php',
  'js_folder' => 'https://admin.leafngo.org/wp-content/plugins/wp-reset//js/',
  'api_ver' => 'v1/',
  'valid_forever' => '2035-01-01',
  'unlimited_installs' => 99999,
  'debug' => true,
  'filesystem_initialized' => false,
)

[Tue, 22 Jul 2025 05:28:42 +0000] wpr: __construct
array (
  'prefix' => 'wpr',
  'licensing_servers' => 
  array (
    0 => 'https://dashboard.wpreset.com/api/',
  ),
  'version' => '2.04',
  'plugin_file' => '/home2/vedannqu/admin.leafngo.org/wp-content/plugins/wp-reset/wp-reset.php',
  'plugin_page' => 'tools_page_wp-reset',
  'skip_hooks' => false,
  'debug' => true,
  'js_folder' => 'https://admin.leafngo.org/wp-content/plugins/wp-reset//js/',
)
array (
  'prefix' => 'wpr',
  'licensing_servers' => 
  array (
    0 => 'https://dashboard.wpreset.com/api/',
  ),
  'version' => '2.04',
  'slug' => 'wp-reset',
  'basename' => 'wp-reset/wp-reset.php',
  'plugin_page' => 'tools_page_wp-reset',
  'plugin_file' => '/home2/vedannqu/admin.leafngo.org/wp-content/plugins/wp-reset/wp-reset.php',
  'js_folder' => 'https://admin.leafngo.org/wp-content/plugins/wp-reset//js/',
  'api_ver' => 'v1/',
  'valid_forever' => '2035-01-01',
  'unlimited_installs' => 99999,
  'debug' => true,
  'filesystem_initialized' => false,
)

[Tue, 22 Jul 2025 05:28:51 +0000] wpr: __construct
array (
  'prefix' => 'wpr',
  'licensing_servers' => 
  array (
    0 => 'https://dashboard.wpreset.com/api/',
  ),
  'version' => '2.04',
  'plugin_file' => '/home2/vedannqu/admin.leafngo.org/wp-content/plugins/wp-reset/wp-reset.php',
  'plugin_page' => 'tools_page_wp-reset',
  'skip_hooks' => false,
  'debug' => true,
  'js_folder' => 'https://admin.leafngo.org/wp-content/plugins/wp-reset//js/',
)
array (
  'prefix' => 'wpr',
  'licensing_servers' => 
  array (
    0 => 'https://dashboard.wpreset.com/api/',
  ),
  'version' => '2.04',
  'slug' => 'wp-reset',
  'basename' => 'wp-reset/wp-reset.php',
  'plugin_page' => 'tools_page_wp-reset',
  'plugin_file' => '/home2/vedannqu/admin.leafngo.org/wp-content/plugins/wp-reset/wp-reset.php',
  'js_folder' => 'https://admin.leafngo.org/wp-content/plugins/wp-reset//js/',
  'api_ver' => 'v1/',
  'valid_forever' => '2035-01-01',
  'unlimited_installs' => 99999,
  'debug' => true,
  'filesystem_initialized' => false,
)

[Tue, 22 Jul 2025 05:28:52 +0000] wpr: __construct
array (
  'prefix' => 'wpr',
  'licensing_servers' => 
  array (
    0 => 'https://dashboard.wpreset.com/api/',
  ),
  'version' => '2.04',
  'plugin_file' => '/home2/vedannqu/admin.leafngo.org/wp-content/plugins/wp-reset/wp-reset.php',
  'plugin_page' => 'tools_page_wp-reset',
  'skip_hooks' => false,
  'debug' => true,
  'js_folder' => 'https://admin.leafngo.org/wp-content/plugins/wp-reset//js/',
)
array (
  'prefix' => 'wpr',
  'licensing_servers' => 
  array (
    0 => 'https://dashboard.wpreset.com/api/',
  ),
  'version' => '2.04',
  'slug' => 'wp-reset',
  'basename' => 'wp-reset/wp-reset.php',
  'plugin_page' => 'tools_page_wp-reset',
  'plugin_file' => '/home2/vedannqu/admin.leafngo.org/wp-content/plugins/wp-reset/wp-reset.php',
  'js_folder' => 'https://admin.leafngo.org/wp-content/plugins/wp-reset//js/',
  'api_ver' => 'v1/',
  'valid_forever' => '2035-01-01',
  'unlimited_installs' => 99999,
  'debug' => true,
  'filesystem_initialized' => false,
)

[Tue, 22 Jul 2025 05:28:53 +0000] wpr: __construct
array (
  'prefix' => 'wpr',
  'licensing_servers' => 
  array (
    0 => 'https://dashboard.wpreset.com/api/',
  ),
  'version' => '2.04',
  'plugin_file' => '/home2/vedannqu/admin.leafngo.org/wp-content/plugins/wp-reset/wp-reset.php',
  'plugin_page' => 'tools_page_wp-reset',
  'skip_hooks' => false,
  'debug' => true,
  'js_folder' => 'https://admin.leafngo.org/wp-content/plugins/wp-reset//js/',
)
array (
  'prefix' => 'wpr',
  'licensing_servers' => 
  array (
    0 => 'https://dashboard.wpreset.com/api/',
  ),
  'version' => '2.04',
  'slug' => 'wp-reset',
  'basename' => 'wp-reset/wp-reset.php',
  'plugin_page' => 'tools_page_wp-reset',
  'plugin_file' => '/home2/vedannqu/admin.leafngo.org/wp-content/plugins/wp-reset/wp-reset.php',
  'js_folder' => 'https://admin.leafngo.org/wp-content/plugins/wp-reset//js/',
  'api_ver' => 'v1/',
  'valid_forever' => '2035-01-01',
  'unlimited_installs' => 99999,
  'debug' => true,
  'filesystem_initialized' => false,
)

[Tue, 22 Jul 2025 05:28:57 +0000] wpr: __construct
array (
  'prefix' => 'wpr',
  'licensing_servers' => 
  array (
    0 => 'https://dashboard.wpreset.com/api/',
  ),
  'version' => '2.04',
  'plugin_file' => '/home2/vedannqu/admin.leafngo.org/wp-content/plugins/wp-reset/wp-reset.php',
  'plugin_page' => 'tools_page_wp-reset',
  'skip_hooks' => false,
  'debug' => true,
  'js_folder' => 'https://admin.leafngo.org/wp-content/plugins/wp-reset//js/',
)
array (
  'prefix' => 'wpr',
  'licensing_servers' => 
  array (
    0 => 'https://dashboard.wpreset.com/api/',
  ),
  'version' => '2.04',
  'slug' => 'wp-reset',
  'basename' => 'wp-reset/wp-reset.php',
  'plugin_page' => 'tools_page_wp-reset',
  'plugin_file' => '/home2/vedannqu/admin.leafngo.org/wp-content/plugins/wp-reset/wp-reset.php',
  'js_folder' => 'https://admin.leafngo.org/wp-content/plugins/wp-reset//js/',
  'api_ver' => 'v1/',
  'valid_forever' => '2035-01-01',
  'unlimited_installs' => 99999,
  'debug' => true,
  'filesystem_initialized' => false,
)

[Tue, 22 Jul 2025 05:29:00 +0000] wpr: __construct
array (
  'prefix' => 'wpr',
  'licensing_servers' => 
  array (
    0 => 'https://dashboard.wpreset.com/api/',
  ),
  'version' => '2.04',
  'plugin_file' => '/home2/vedannqu/admin.leafngo.org/wp-content/plugins/wp-reset/wp-reset.php',
  'plugin_page' => 'tools_page_wp-reset',
  'skip_hooks' => false,
  'debug' => true,
  'js_folder' => 'https://admin.leafngo.org/wp-content/plugins/wp-reset//js/',
)
array (
  'prefix' => 'wpr',
  'licensing_servers' => 
  array (
    0 => 'https://dashboard.wpreset.com/api/',
  ),
  'version' => '2.04',
  'slug' => 'wp-reset',
  'basename' => 'wp-reset/wp-reset.php',
  'plugin_page' => 'tools_page_wp-reset',
  'plugin_file' => '/home2/vedannqu/admin.leafngo.org/wp-content/plugins/wp-reset/wp-reset.php',
  'js_folder' => 'https://admin.leafngo.org/wp-content/plugins/wp-reset//js/',
  'api_ver' => 'v1/',
  'valid_forever' => '2035-01-01',
  'unlimited_installs' => 99999,
  'debug' => true,
  'filesystem_initialized' => false,
)

[Tue, 22 Jul 2025 05:29:06 +0000] wpr: __construct
array (
  'prefix' => 'wpr',
  'licensing_servers' => 
  array (
    0 => 'https://dashboard.wpreset.com/api/',
  ),
  'version' => '2.04',
  'plugin_file' => '/home2/vedannqu/admin.leafngo.org/wp-content/plugins/wp-reset/wp-reset.php',
  'plugin_page' => 'tools_page_wp-reset',
  'skip_hooks' => false,
  'debug' => true,
  'js_folder' => 'https://admin.leafngo.org/wp-content/plugins/wp-reset//js/',
)
array (
  'prefix' => 'wpr',
  'licensing_servers' => 
  array (
    0 => 'https://dashboard.wpreset.com/api/',
  ),
  'version' => '2.04',
  'slug' => 'wp-reset',
  'basename' => 'wp-reset/wp-reset.php',
  'plugin_page' => 'tools_page_wp-reset',
  'plugin_file' => '/home2/vedannqu/admin.leafngo.org/wp-content/plugins/wp-reset/wp-reset.php',
  'js_folder' => 'https://admin.leafngo.org/wp-content/plugins/wp-reset//js/',
  'api_ver' => 'v1/',
  'valid_forever' => '2035-01-01',
  'unlimited_installs' => 99999,
  'debug' => true,
  'filesystem_initialized' => false,
)

[Tue, 22 Jul 2025 05:29:07 +0000] wpr: __construct
array (
  'prefix' => 'wpr',
  'licensing_servers' => 
  array (
    0 => 'https://dashboard.wpreset.com/api/',
  ),
  'version' => '2.04',
  'plugin_file' => '/home2/vedannqu/admin.leafngo.org/wp-content/plugins/wp-reset/wp-reset.php',
  'plugin_page' => 'tools_page_wp-reset',
  'skip_hooks' => false,
  'debug' => true,
  'js_folder' => 'https://admin.leafngo.org/wp-content/plugins/wp-reset//js/',
)
array (
  'prefix' => 'wpr',
  'licensing_servers' => 
  array (
    0 => 'https://dashboard.wpreset.com/api/',
  ),
  'version' => '2.04',
  'slug' => 'wp-reset',
  'basename' => 'wp-reset/wp-reset.php',
  'plugin_page' => 'tools_page_wp-reset',
  'plugin_file' => '/home2/vedannqu/admin.leafngo.org/wp-content/plugins/wp-reset/wp-reset.php',
  'js_folder' => 'https://admin.leafngo.org/wp-content/plugins/wp-reset//js/',
  'api_ver' => 'v1/',
  'valid_forever' => '2035-01-01',
  'unlimited_installs' => 99999,
  'debug' => true,
  'filesystem_initialized' => false,
)

[Tue, 22 Jul 2025 05:29:07 +0000] wpr: __construct
array (
  'prefix' => 'wpr',
  'licensing_servers' => 
  array (
    0 => 'https://dashboard.wpreset.com/api/',
  ),
  'version' => '2.04',
  'plugin_file' => '/home2/vedannqu/admin.leafngo.org/wp-content/plugins/wp-reset/wp-reset.php',
  'plugin_page' => 'tools_page_wp-reset',
  'skip_hooks' => false,
  'debug' => true,
  'js_folder' => 'https://admin.leafngo.org/wp-content/plugins/wp-reset//js/',
)
array (
  'prefix' => 'wpr',
  'licensing_servers' => 
  array (
    0 => 'https://dashboard.wpreset.com/api/',
  ),
  'version' => '2.04',
  'slug' => 'wp-reset',
  'basename' => 'wp-reset/wp-reset.php',
  'plugin_page' => 'tools_page_wp-reset',
  'plugin_file' => '/home2/vedannqu/admin.leafngo.org/wp-content/plugins/wp-reset/wp-reset.php',
  'js_folder' => 'https://admin.leafngo.org/wp-content/plugins/wp-reset//js/',
  'api_ver' => 'v1/',
  'valid_forever' => '2035-01-01',
  'unlimited_installs' => 99999,
  'debug' => true,
  'filesystem_initialized' => false,
)

[Tue, 22 Jul 2025 05:29:08 +0000] wpr: __construct
array (
  'prefix' => 'wpr',
  'licensing_servers' => 
  array (
    0 => 'https://dashboard.wpreset.com/api/',
  ),
  'version' => '2.04',
  'plugin_file' => '/home2/vedannqu/admin.leafngo.org/wp-content/plugins/wp-reset/wp-reset.php',
  'plugin_page' => 'tools_page_wp-reset',
  'skip_hooks' => false,
  'debug' => true,
  'js_folder' => 'https://admin.leafngo.org/wp-content/plugins/wp-reset//js/',
)
array (
  'prefix' => 'wpr',
  'licensing_servers' => 
  array (
    0 => 'https://dashboard.wpreset.com/api/',
  ),
  'version' => '2.04',
  'slug' => 'wp-reset',
  'basename' => 'wp-reset/wp-reset.php',
  'plugin_page' => 'tools_page_wp-reset',
  'plugin_file' => '/home2/vedannqu/admin.leafngo.org/wp-content/plugins/wp-reset/wp-reset.php',
  'js_folder' => 'https://admin.leafngo.org/wp-content/plugins/wp-reset//js/',
  'api_ver' => 'v1/',
  'valid_forever' => '2035-01-01',
  'unlimited_installs' => 99999,
  'debug' => true,
  'filesystem_initialized' => false,
)

[Tue, 22 Jul 2025 05:29:28 +0000] wpr: __construct
array (
  'prefix' => 'wpr',
  'licensing_servers' => 
  array (
    0 => 'https://dashboard.wpreset.com/api/',
  ),
  'version' => '2.04',
  'plugin_file' => '/home2/vedannqu/admin.leafngo.org/wp-content/plugins/wp-reset/wp-reset.php',
  'plugin_page' => 'tools_page_wp-reset',
  'skip_hooks' => false,
  'debug' => true,
  'js_folder' => 'https://admin.leafngo.org/wp-content/plugins/wp-reset//js/',
)
array (
  'prefix' => 'wpr',
  'licensing_servers' => 
  array (
    0 => 'https://dashboard.wpreset.com/api/',
  ),
  'version' => '2.04',
  'slug' => 'wp-reset',
  'basename' => 'wp-reset/wp-reset.php',
  'plugin_page' => 'tools_page_wp-reset',
  'plugin_file' => '/home2/vedannqu/admin.leafngo.org/wp-content/plugins/wp-reset/wp-reset.php',
  'js_folder' => 'https://admin.leafngo.org/wp-content/plugins/wp-reset//js/',
  'api_ver' => 'v1/',
  'valid_forever' => '2035-01-01',
  'unlimited_installs' => 99999,
  'debug' => true,
  'filesystem_initialized' => false,
)

[Tue, 22 Jul 2025 05:29:39 +0000] wpr: __construct
array (
  'prefix' => 'wpr',
  'licensing_servers' => 
  array (
    0 => 'https://dashboard.wpreset.com/api/',
  ),
  'version' => '2.04',
  'plugin_file' => '/home2/vedannqu/admin.leafngo.org/wp-content/plugins/wp-reset/wp-reset.php',
  'plugin_page' => 'tools_page_wp-reset',
  'skip_hooks' => false,
  'debug' => true,
  'js_folder' => 'https://admin.leafngo.org/wp-content/plugins/wp-reset//js/',
)
array (
  'prefix' => 'wpr',
  'licensing_servers' => 
  array (
    0 => 'https://dashboard.wpreset.com/api/',
  ),
  'version' => '2.04',
  'slug' => 'wp-reset',
  'basename' => 'wp-reset/wp-reset.php',
  'plugin_page' => 'tools_page_wp-reset',
  'plugin_file' => '/home2/vedannqu/admin.leafngo.org/wp-content/plugins/wp-reset/wp-reset.php',
  'js_folder' => 'https://admin.leafngo.org/wp-content/plugins/wp-reset//js/',
  'api_ver' => 'v1/',
  'valid_forever' => '2035-01-01',
  'unlimited_installs' => 99999,
  'debug' => true,
  'filesystem_initialized' => false,
)

[Tue, 22 Jul 2025 05:29:41 +0000] wpr: __construct
array (
  'prefix' => 'wpr',
  'licensing_servers' => 
  array (
    0 => 'https://dashboard.wpreset.com/api/',
  ),
  'version' => '2.04',
  'plugin_file' => '/home2/vedannqu/admin.leafngo.org/wp-content/plugins/wp-reset/wp-reset.php',
  'plugin_page' => 'tools_page_wp-reset',
  'skip_hooks' => false,
  'debug' => true,
  'js_folder' => 'https://admin.leafngo.org/wp-content/plugins/wp-reset//js/',
)
array (
  'prefix' => 'wpr',
  'licensing_servers' => 
  array (
    0 => 'https://dashboard.wpreset.com/api/',
  ),
  'version' => '2.04',
  'slug' => 'wp-reset',
  'basename' => 'wp-reset/wp-reset.php',
  'plugin_page' => 'tools_page_wp-reset',
  'plugin_file' => '/home2/vedannqu/admin.leafngo.org/wp-content/plugins/wp-reset/wp-reset.php',
  'js_folder' => 'https://admin.leafngo.org/wp-content/plugins/wp-reset//js/',
  'api_ver' => 'v1/',
  'valid_forever' => '2035-01-01',
  'unlimited_installs' => 99999,
  'debug' => true,
  'filesystem_initialized' => false,
)

[Tue, 22 Jul 2025 05:29:44 +0000] wpr: __construct
array (
  'prefix' => 'wpr',
  'licensing_servers' => 
  array (
    0 => 'https://dashboard.wpreset.com/api/',
  ),
  'version' => '2.04',
  'plugin_file' => '/home2/vedannqu/admin.leafngo.org/wp-content/plugins/wp-reset/wp-reset.php',
  'plugin_page' => 'tools_page_wp-reset',
  'skip_hooks' => false,
  'debug' => true,
  'js_folder' => 'https://admin.leafngo.org/wp-content/plugins/wp-reset//js/',
)
array (
  'prefix' => 'wpr',
  'licensing_servers' => 
  array (
    0 => 'https://dashboard.wpreset.com/api/',
  ),
  'version' => '2.04',
  'slug' => 'wp-reset',
  'basename' => 'wp-reset/wp-reset.php',
  'plugin_page' => 'tools_page_wp-reset',
  'plugin_file' => '/home2/vedannqu/admin.leafngo.org/wp-content/plugins/wp-reset/wp-reset.php',
  'js_folder' => 'https://admin.leafngo.org/wp-content/plugins/wp-reset//js/',
  'api_ver' => 'v1/',
  'valid_forever' => '2035-01-01',
  'unlimited_installs' => 99999,
  'debug' => true,
  'filesystem_initialized' => false,
)

[Tue, 22 Jul 2025 05:29:53 +0000] wpr: __construct
array (
  'prefix' => 'wpr',
  'licensing_servers' => 
  array (
    0 => 'https://dashboard.wpreset.com/api/',
  ),
  'version' => '2.04',
  'plugin_file' => '/home2/vedannqu/admin.leafngo.org/wp-content/plugins/wp-reset/wp-reset.php',
  'plugin_page' => 'tools_page_wp-reset',
  'skip_hooks' => false,
  'debug' => true,
  'js_folder' => 'https://admin.leafngo.org/wp-content/plugins/wp-reset//js/',
)
array (
  'prefix' => 'wpr',
  'licensing_servers' => 
  array (
    0 => 'https://dashboard.wpreset.com/api/',
  ),
  'version' => '2.04',
  'slug' => 'wp-reset',
  'basename' => 'wp-reset/wp-reset.php',
  'plugin_page' => 'tools_page_wp-reset',
  'plugin_file' => '/home2/vedannqu/admin.leafngo.org/wp-content/plugins/wp-reset/wp-reset.php',
  'js_folder' => 'https://admin.leafngo.org/wp-content/plugins/wp-reset//js/',
  'api_ver' => 'v1/',
  'valid_forever' => '2035-01-01',
  'unlimited_installs' => 99999,
  'debug' => true,
  'filesystem_initialized' => false,
)

[Tue, 22 Jul 2025 05:29:56 +0000] wpr: __construct
array (
  'prefix' => 'wpr',
  'licensing_servers' => 
  array (
    0 => 'https://dashboard.wpreset.com/api/',
  ),
  'version' => '2.04',
  'plugin_file' => '/home2/vedannqu/admin.leafngo.org/wp-content/plugins/wp-reset/wp-reset.php',
  'plugin_page' => 'tools_page_wp-reset',
  'skip_hooks' => false,
  'debug' => true,
  'js_folder' => 'https://admin.leafngo.org/wp-content/plugins/wp-reset//js/',
)
array (
  'prefix' => 'wpr',
  'licensing_servers' => 
  array (
    0 => 'https://dashboard.wpreset.com/api/',
  ),
  'version' => '2.04',
  'slug' => 'wp-reset',
  'basename' => 'wp-reset/wp-reset.php',
  'plugin_page' => 'tools_page_wp-reset',
  'plugin_file' => '/home2/vedannqu/admin.leafngo.org/wp-content/plugins/wp-reset/wp-reset.php',
  'js_folder' => 'https://admin.leafngo.org/wp-content/plugins/wp-reset//js/',
  'api_ver' => 'v1/',
  'valid_forever' => '2035-01-01',
  'unlimited_installs' => 99999,
  'debug' => true,
  'filesystem_initialized' => false,
)

[Tue, 22 Jul 2025 05:29:57 +0000] wpr: __construct
array (
  'prefix' => 'wpr',
  'licensing_servers' => 
  array (
    0 => 'https://dashboard.wpreset.com/api/',
  ),
  'version' => '2.04',
  'plugin_file' => '/home2/vedannqu/admin.leafngo.org/wp-content/plugins/wp-reset/wp-reset.php',
  'plugin_page' => 'tools_page_wp-reset',
  'skip_hooks' => false,
  'debug' => true,
  'js_folder' => 'https://admin.leafngo.org/wp-content/plugins/wp-reset//js/',
)
array (
  'prefix' => 'wpr',
  'licensing_servers' => 
  array (
    0 => 'https://dashboard.wpreset.com/api/',
  ),
  'version' => '2.04',
  'slug' => 'wp-reset',
  'basename' => 'wp-reset/wp-reset.php',
  'plugin_page' => 'tools_page_wp-reset',
  'plugin_file' => '/home2/vedannqu/admin.leafngo.org/wp-content/plugins/wp-reset/wp-reset.php',
  'js_folder' => 'https://admin.leafngo.org/wp-content/plugins/wp-reset//js/',
  'api_ver' => 'v1/',
  'valid_forever' => '2035-01-01',
  'unlimited_installs' => 99999,
  'debug' => true,
  'filesystem_initialized' => false,
)

[Tue, 22 Jul 2025 05:30:04 +0000] wpr: __construct
array (
  'prefix' => 'wpr',
  'licensing_servers' => 
  array (
    0 => 'https://dashboard.wpreset.com/api/',
  ),
  'version' => '2.04',
  'plugin_file' => '/home2/vedannqu/admin.leafngo.org/wp-content/plugins/wp-reset/wp-reset.php',
  'plugin_page' => 'tools_page_wp-reset',
  'skip_hooks' => false,
  'debug' => true,
  'js_folder' => 'https://admin.leafngo.org/wp-content/plugins/wp-reset//js/',
)
array (
  'prefix' => 'wpr',
  'licensing_servers' => 
  array (
    0 => 'https://dashboard.wpreset.com/api/',
  ),
  'version' => '2.04',
  'slug' => 'wp-reset',
  'basename' => 'wp-reset/wp-reset.php',
  'plugin_page' => 'tools_page_wp-reset',
  'plugin_file' => '/home2/vedannqu/admin.leafngo.org/wp-content/plugins/wp-reset/wp-reset.php',
  'js_folder' => 'https://admin.leafngo.org/wp-content/plugins/wp-reset//js/',
  'api_ver' => 'v1/',
  'valid_forever' => '2035-01-01',
  'unlimited_installs' => 99999,
  'debug' => true,
  'filesystem_initialized' => false,
)

[Tue, 22 Jul 2025 05:30:08 +0000] wpr: __construct
array (
  'prefix' => 'wpr',
  'licensing_servers' => 
  array (
    0 => 'https://dashboard.wpreset.com/api/',
  ),
  'version' => '2.04',
  'plugin_file' => '/home2/vedannqu/admin.leafngo.org/wp-content/plugins/wp-reset/wp-reset.php',
  'plugin_page' => 'tools_page_wp-reset',
  'skip_hooks' => false,
  'debug' => true,
  'js_folder' => 'https://admin.leafngo.org/wp-content/plugins/wp-reset//js/',
)
array (
  'prefix' => 'wpr',
  'licensing_servers' => 
  array (
    0 => 'https://dashboard.wpreset.com/api/',
  ),
  'version' => '2.04',
  'slug' => 'wp-reset',
  'basename' => 'wp-reset/wp-reset.php',
  'plugin_page' => 'tools_page_wp-reset',
  'plugin_file' => '/home2/vedannqu/admin.leafngo.org/wp-content/plugins/wp-reset/wp-reset.php',
  'js_folder' => 'https://admin.leafngo.org/wp-content/plugins/wp-reset//js/',
  'api_ver' => 'v1/',
  'valid_forever' => '2035-01-01',
  'unlimited_installs' => 99999,
  'debug' => true,
  'filesystem_initialized' => false,
)

[Tue, 22 Jul 2025 05:30:17 +0000] wpr: __construct
array (
  'prefix' => 'wpr',
  'licensing_servers' => 
  array (
    0 => 'https://dashboard.wpreset.com/api/',
  ),
  'version' => '2.04',
  'plugin_file' => '/home2/vedannqu/admin.leafngo.org/wp-content/plugins/wp-reset/wp-reset.php',
  'plugin_page' => 'tools_page_wp-reset',
  'skip_hooks' => false,
  'debug' => true,
  'js_folder' => 'https://admin.leafngo.org/wp-content/plugins/wp-reset//js/',
)
array (
  'prefix' => 'wpr',
  'licensing_servers' => 
  array (
    0 => 'https://dashboard.wpreset.com/api/',
  ),
  'version' => '2.04',
  'slug' => 'wp-reset',
  'basename' => 'wp-reset/wp-reset.php',
  'plugin_page' => 'tools_page_wp-reset',
  'plugin_file' => '/home2/vedannqu/admin.leafngo.org/wp-content/plugins/wp-reset/wp-reset.php',
  'js_folder' => 'https://admin.leafngo.org/wp-content/plugins/wp-reset//js/',
  'api_ver' => 'v1/',
  'valid_forever' => '2035-01-01',
  'unlimited_installs' => 99999,
  'debug' => true,
  'filesystem_initialized' => false,
)

[Tue, 22 Jul 2025 05:30:22 +0000] wpr: __construct
array (
  'prefix' => 'wpr',
  'licensing_servers' => 
  array (
    0 => 'https://dashboard.wpreset.com/api/',
  ),
  'version' => '2.04',
  'plugin_file' => '/home2/vedannqu/admin.leafngo.org/wp-content/plugins/wp-reset/wp-reset.php',
  'plugin_page' => 'tools_page_wp-reset',
  'skip_hooks' => false,
  'debug' => true,
  'js_folder' => 'https://admin.leafngo.org/wp-content/plugins/wp-reset//js/',
)
array (
  'prefix' => 'wpr',
  'licensing_servers' => 
  array (
    0 => 'https://dashboard.wpreset.com/api/',
  ),
  'version' => '2.04',
  'slug' => 'wp-reset',
  'basename' => 'wp-reset/wp-reset.php',
  'plugin_page' => 'tools_page_wp-reset',
  'plugin_file' => '/home2/vedannqu/admin.leafngo.org/wp-content/plugins/wp-reset/wp-reset.php',
  'js_folder' => 'https://admin.leafngo.org/wp-content/plugins/wp-reset//js/',
  'api_ver' => 'v1/',
  'valid_forever' => '2035-01-01',
  'unlimited_installs' => 99999,
  'debug' => true,
  'filesystem_initialized' => false,
)

[Tue, 22 Jul 2025 05:30:24 +0000] wpr: __construct
array (
  'prefix' => 'wpr',
  'licensing_servers' => 
  array (
    0 => 'https://dashboard.wpreset.com/api/',
  ),
  'version' => '2.04',
  'plugin_file' => '/home2/vedannqu/admin.leafngo.org/wp-content/plugins/wp-reset/wp-reset.php',
  'plugin_page' => 'tools_page_wp-reset',
  'skip_hooks' => false,
  'debug' => true,
  'js_folder' => 'https://admin.leafngo.org/wp-content/plugins/wp-reset//js/',
)
array (
  'prefix' => 'wpr',
  'licensing_servers' => 
  array (
    0 => 'https://dashboard.wpreset.com/api/',
  ),
  'version' => '2.04',
  'slug' => 'wp-reset',
  'basename' => 'wp-reset/wp-reset.php',
  'plugin_page' => 'tools_page_wp-reset',
  'plugin_file' => '/home2/vedannqu/admin.leafngo.org/wp-content/plugins/wp-reset/wp-reset.php',
  'js_folder' => 'https://admin.leafngo.org/wp-content/plugins/wp-reset//js/',
  'api_ver' => 'v1/',
  'valid_forever' => '2035-01-01',
  'unlimited_installs' => 99999,
  'debug' => true,
  'filesystem_initialized' => false,
)

[Tue, 22 Jul 2025 05:30:26 +0000] wpr: __construct
array (
  'prefix' => 'wpr',
  'licensing_servers' => 
  array (
    0 => 'https://dashboard.wpreset.com/api/',
  ),
  'version' => '2.04',
  'plugin_file' => '/home2/vedannqu/admin.leafngo.org/wp-content/plugins/wp-reset/wp-reset.php',
  'plugin_page' => 'tools_page_wp-reset',
  'skip_hooks' => false,
  'debug' => true,
  'js_folder' => 'https://admin.leafngo.org/wp-content/plugins/wp-reset//js/',
)
array (
  'prefix' => 'wpr',
  'licensing_servers' => 
  array (
    0 => 'https://dashboard.wpreset.com/api/',
  ),
  'version' => '2.04',
  'slug' => 'wp-reset',
  'basename' => 'wp-reset/wp-reset.php',
  'plugin_page' => 'tools_page_wp-reset',
  'plugin_file' => '/home2/vedannqu/admin.leafngo.org/wp-content/plugins/wp-reset/wp-reset.php',
  'js_folder' => 'https://admin.leafngo.org/wp-content/plugins/wp-reset//js/',
  'api_ver' => 'v1/',
  'valid_forever' => '2035-01-01',
  'unlimited_installs' => 99999,
  'debug' => true,
  'filesystem_initialized' => false,
)

[Tue, 22 Jul 2025 05:30:26 +0000] wpr: __construct
array (
  'prefix' => 'wpr',
  'licensing_servers' => 
  array (
    0 => 'https://dashboard.wpreset.com/api/',
  ),
  'version' => '2.04',
  'plugin_file' => '/home2/vedannqu/admin.leafngo.org/wp-content/plugins/wp-reset/wp-reset.php',
  'plugin_page' => 'tools_page_wp-reset',
  'skip_hooks' => false,
  'debug' => true,
  'js_folder' => 'https://admin.leafngo.org/wp-content/plugins/wp-reset//js/',
)
array (
  'prefix' => 'wpr',
  'licensing_servers' => 
  array (
    0 => 'https://dashboard.wpreset.com/api/',
  ),
  'version' => '2.04',
  'slug' => 'wp-reset',
  'basename' => 'wp-reset/wp-reset.php',
  'plugin_page' => 'tools_page_wp-reset',
  'plugin_file' => '/home2/vedannqu/admin.leafngo.org/wp-content/plugins/wp-reset/wp-reset.php',
  'js_folder' => 'https://admin.leafngo.org/wp-content/plugins/wp-reset//js/',
  'api_ver' => 'v1/',
  'valid_forever' => '2035-01-01',
  'unlimited_installs' => 99999,
  'debug' => true,
  'filesystem_initialized' => false,
)

[Tue, 22 Jul 2025 05:30:27 +0000] wpr: __construct
array (
  'prefix' => 'wpr',
  'licensing_servers' => 
  array (
    0 => 'https://dashboard.wpreset.com/api/',
  ),
  'version' => '2.04',
  'plugin_file' => '/home2/vedannqu/admin.leafngo.org/wp-content/plugins/wp-reset/wp-reset.php',
  'plugin_page' => 'tools_page_wp-reset',
  'skip_hooks' => false,
  'debug' => true,
  'js_folder' => 'https://admin.leafngo.org/wp-content/plugins/wp-reset//js/',
)
array (
  'prefix' => 'wpr',
  'licensing_servers' => 
  array (
    0 => 'https://dashboard.wpreset.com/api/',
  ),
  'version' => '2.04',
  'slug' => 'wp-reset',
  'basename' => 'wp-reset/wp-reset.php',
  'plugin_page' => 'tools_page_wp-reset',
  'plugin_file' => '/home2/vedannqu/admin.leafngo.org/wp-content/plugins/wp-reset/wp-reset.php',
  'js_folder' => 'https://admin.leafngo.org/wp-content/plugins/wp-reset//js/',
  'api_ver' => 'v1/',
  'valid_forever' => '2035-01-01',
  'unlimited_installs' => 99999,
  'debug' => true,
  'filesystem_initialized' => false,
)

[Tue, 22 Jul 2025 05:30:38 +0000] wpr: __construct
array (
  'prefix' => 'wpr',
  'licensing_servers' => 
  array (
    0 => 'https://dashboard.wpreset.com/api/',
  ),
  'version' => '2.04',
  'plugin_file' => '/home2/vedannqu/admin.leafngo.org/wp-content/plugins/wp-reset/wp-reset.php',
  'plugin_page' => 'tools_page_wp-reset',
  'skip_hooks' => false,
  'debug' => true,
  'js_folder' => 'https://admin.leafngo.org/wp-content/plugins/wp-reset//js/',
)
array (
  'prefix' => 'wpr',
  'licensing_servers' => 
  array (
    0 => 'https://dashboard.wpreset.com/api/',
  ),
  'version' => '2.04',
  'slug' => 'wp-reset',
  'basename' => 'wp-reset/wp-reset.php',
  'plugin_page' => 'tools_page_wp-reset',
  'plugin_file' => '/home2/vedannqu/admin.leafngo.org/wp-content/plugins/wp-reset/wp-reset.php',
  'js_folder' => 'https://admin.leafngo.org/wp-content/plugins/wp-reset//js/',
  'api_ver' => 'v1/',
  'valid_forever' => '2035-01-01',
  'unlimited_installs' => 99999,
  'debug' => true,
  'filesystem_initialized' => false,
)

[Tue, 22 Jul 2025 05:30:54 +0000] wpr: __construct
array (
  'prefix' => 'wpr',
  'licensing_servers' => 
  array (
    0 => 'https://dashboard.wpreset.com/api/',
  ),
  'version' => '2.04',
  'plugin_file' => '/home2/vedannqu/admin.leafngo.org/wp-content/plugins/wp-reset/wp-reset.php',
  'plugin_page' => 'tools_page_wp-reset',
  'skip_hooks' => false,
  'debug' => true,
  'js_folder' => 'https://admin.leafngo.org/wp-content/plugins/wp-reset//js/',
)
array (
  'prefix' => 'wpr',
  'licensing_servers' => 
  array (
    0 => 'https://dashboard.wpreset.com/api/',
  ),
  'version' => '2.04',
  'slug' => 'wp-reset',
  'basename' => 'wp-reset/wp-reset.php',
  'plugin_page' => 'tools_page_wp-reset',
  'plugin_file' => '/home2/vedannqu/admin.leafngo.org/wp-content/plugins/wp-reset/wp-reset.php',
  'js_folder' => 'https://admin.leafngo.org/wp-content/plugins/wp-reset//js/',
  'api_ver' => 'v1/',
  'valid_forever' => '2035-01-01',
  'unlimited_installs' => 99999,
  'debug' => true,
  'filesystem_initialized' => false,
)

[Tue, 22 Jul 2025 05:31:08 +0000] wpr: __construct
array (
  'prefix' => 'wpr',
  'licensing_servers' => 
  array (
    0 => 'https://dashboard.wpreset.com/api/',
  ),
  'version' => '2.04',
  'plugin_file' => '/home2/vedannqu/admin.leafngo.org/wp-content/plugins/wp-reset/wp-reset.php',
  'plugin_page' => 'tools_page_wp-reset',
  'skip_hooks' => false,
  'debug' => true,
  'js_folder' => 'https://admin.leafngo.org/wp-content/plugins/wp-reset//js/',
)
array (
  'prefix' => 'wpr',
  'licensing_servers' => 
  array (
    0 => 'https://dashboard.wpreset.com/api/',
  ),
  'version' => '2.04',
  'slug' => 'wp-reset',
  'basename' => 'wp-reset/wp-reset.php',
  'plugin_page' => 'tools_page_wp-reset',
  'plugin_file' => '/home2/vedannqu/admin.leafngo.org/wp-content/plugins/wp-reset/wp-reset.php',
  'js_folder' => 'https://admin.leafngo.org/wp-content/plugins/wp-reset//js/',
  'api_ver' => 'v1/',
  'valid_forever' => '2035-01-01',
  'unlimited_installs' => 99999,
  'debug' => true,
  'filesystem_initialized' => false,
)

[Tue, 22 Jul 2025 05:31:13 +0000] wpr: __construct
array (
  'prefix' => 'wpr',
  'licensing_servers' => 
  array (
    0 => 'https://dashboard.wpreset.com/api/',
  ),
  'version' => '2.04',
  'plugin_file' => '/home2/vedannqu/admin.leafngo.org/wp-content/plugins/wp-reset/wp-reset.php',
  'plugin_page' => 'tools_page_wp-reset',
  'skip_hooks' => false,
  'debug' => true,
  'js_folder' => 'https://admin.leafngo.org/wp-content/plugins/wp-reset//js/',
)
array (
  'prefix' => 'wpr',
  'licensing_servers' => 
  array (
    0 => 'https://dashboard.wpreset.com/api/',
  ),
  'version' => '2.04',
  'slug' => 'wp-reset',
  'basename' => 'wp-reset/wp-reset.php',
  'plugin_page' => 'tools_page_wp-reset',
  'plugin_file' => '/home2/vedannqu/admin.leafngo.org/wp-content/plugins/wp-reset/wp-reset.php',
  'js_folder' => 'https://admin.leafngo.org/wp-content/plugins/wp-reset//js/',
  'api_ver' => 'v1/',
  'valid_forever' => '2035-01-01',
  'unlimited_installs' => 99999,
  'debug' => true,
  'filesystem_initialized' => false,
)

[Tue, 22 Jul 2025 05:31:16 +0000] wpr: __construct
array (
  'prefix' => 'wpr',
  'licensing_servers' => 
  array (
    0 => 'https://dashboard.wpreset.com/api/',
  ),
  'version' => '2.04',
  'plugin_file' => '/home2/vedannqu/admin.leafngo.org/wp-content/plugins/wp-reset/wp-reset.php',
  'plugin_page' => 'tools_page_wp-reset',
  'skip_hooks' => false,
  'debug' => true,
  'js_folder' => 'https://admin.leafngo.org/wp-content/plugins/wp-reset//js/',
)
array (
  'prefix' => 'wpr',
  'licensing_servers' => 
  array (
    0 => 'https://dashboard.wpreset.com/api/',
  ),
  'version' => '2.04',
  'slug' => 'wp-reset',
  'basename' => 'wp-reset/wp-reset.php',
  'plugin_page' => 'tools_page_wp-reset',
  'plugin_file' => '/home2/vedannqu/admin.leafngo.org/wp-content/plugins/wp-reset/wp-reset.php',
  'js_folder' => 'https://admin.leafngo.org/wp-content/plugins/wp-reset//js/',
  'api_ver' => 'v1/',
  'valid_forever' => '2035-01-01',
  'unlimited_installs' => 99999,
  'debug' => true,
  'filesystem_initialized' => false,
)

[Tue, 22 Jul 2025 05:31:18 +0000] wpr: __construct
array (
  'prefix' => 'wpr',
  'licensing_servers' => 
  array (
    0 => 'https://dashboard.wpreset.com/api/',
  ),
  'version' => '2.04',
  'plugin_file' => '/home2/vedannqu/admin.leafngo.org/wp-content/plugins/wp-reset/wp-reset.php',
  'plugin_page' => 'tools_page_wp-reset',
  'skip_hooks' => false,
  'debug' => true,
  'js_folder' => 'https://admin.leafngo.org/wp-content/plugins/wp-reset//js/',
)
array (
  'prefix' => 'wpr',
  'licensing_servers' => 
  array (
    0 => 'https://dashboard.wpreset.com/api/',
  ),
  'version' => '2.04',
  'slug' => 'wp-reset',
  'basename' => 'wp-reset/wp-reset.php',
  'plugin_page' => 'tools_page_wp-reset',
  'plugin_file' => '/home2/vedannqu/admin.leafngo.org/wp-content/plugins/wp-reset/wp-reset.php',
  'js_folder' => 'https://admin.leafngo.org/wp-content/plugins/wp-reset//js/',
  'api_ver' => 'v1/',
  'valid_forever' => '2035-01-01',
  'unlimited_installs' => 99999,
  'debug' => true,
  'filesystem_initialized' => false,
)

[Tue, 22 Jul 2025 05:31:23 +0000] wpr: __construct
array (
  'prefix' => 'wpr',
  'licensing_servers' => 
  array (
    0 => 'https://dashboard.wpreset.com/api/',
  ),
  'version' => '2.04',
  'plugin_file' => '/home2/vedannqu/admin.leafngo.org/wp-content/plugins/wp-reset/wp-reset.php',
  'plugin_page' => 'tools_page_wp-reset',
  'skip_hooks' => false,
  'debug' => true,
  'js_folder' => 'https://admin.leafngo.org/wp-content/plugins/wp-reset//js/',
)
array (
  'prefix' => 'wpr',
  'licensing_servers' => 
  array (
    0 => 'https://dashboard.wpreset.com/api/',
  ),
  'version' => '2.04',
  'slug' => 'wp-reset',
  'basename' => 'wp-reset/wp-reset.php',
  'plugin_page' => 'tools_page_wp-reset',
  'plugin_file' => '/home2/vedannqu/admin.leafngo.org/wp-content/plugins/wp-reset/wp-reset.php',
  'js_folder' => 'https://admin.leafngo.org/wp-content/plugins/wp-reset//js/',
  'api_ver' => 'v1/',
  'valid_forever' => '2035-01-01',
  'unlimited_installs' => 99999,
  'debug' => true,
  'filesystem_initialized' => false,
)

[Tue, 22 Jul 2025 05:31:39 +0000] wpr: __construct
array (
  'prefix' => 'wpr',
  'licensing_servers' => 
  array (
    0 => 'https://dashboard.wpreset.com/api/',
  ),
  'version' => '2.04',
  'plugin_file' => '/home2/vedannqu/admin.leafngo.org/wp-content/plugins/wp-reset/wp-reset.php',
  'plugin_page' => 'tools_page_wp-reset',
  'skip_hooks' => false,
  'debug' => true,
  'js_folder' => 'https://admin.leafngo.org/wp-content/plugins/wp-reset//js/',
)
array (
  'prefix' => 'wpr',
  'licensing_servers' => 
  array (
    0 => 'https://dashboard.wpreset.com/api/',
  ),
  'version' => '2.04',
  'slug' => 'wp-reset',
  'basename' => 'wp-reset/wp-reset.php',
  'plugin_page' => 'tools_page_wp-reset',
  'plugin_file' => '/home2/vedannqu/admin.leafngo.org/wp-content/plugins/wp-reset/wp-reset.php',
  'js_folder' => 'https://admin.leafngo.org/wp-content/plugins/wp-reset//js/',
  'api_ver' => 'v1/',
  'valid_forever' => '2035-01-01',
  'unlimited_installs' => 99999,
  'debug' => true,
  'filesystem_initialized' => false,
)

[Tue, 22 Jul 2025 05:31:53 +0000] wpr: __construct
array (
  'prefix' => 'wpr',
  'licensing_servers' => 
  array (
    0 => 'https://dashboard.wpreset.com/api/',
  ),
  'version' => '2.04',
  'plugin_file' => '/home2/vedannqu/admin.leafngo.org/wp-content/plugins/wp-reset/wp-reset.php',
  'plugin_page' => 'tools_page_wp-reset',
  'skip_hooks' => false,
  'debug' => true,
  'js_folder' => 'https://admin.leafngo.org/wp-content/plugins/wp-reset//js/',
)
array (
  'prefix' => 'wpr',
  'licensing_servers' => 
  array (
    0 => 'https://dashboard.wpreset.com/api/',
  ),
  'version' => '2.04',
  'slug' => 'wp-reset',
  'basename' => 'wp-reset/wp-reset.php',
  'plugin_page' => 'tools_page_wp-reset',
  'plugin_file' => '/home2/vedannqu/admin.leafngo.org/wp-content/plugins/wp-reset/wp-reset.php',
  'js_folder' => 'https://admin.leafngo.org/wp-content/plugins/wp-reset//js/',
  'api_ver' => 'v1/',
  'valid_forever' => '2035-01-01',
  'unlimited_installs' => 99999,
  'debug' => true,
  'filesystem_initialized' => false,
)

[Tue, 22 Jul 2025 05:32:09 +0000] wpr: __construct
array (
  'prefix' => 'wpr',
  'licensing_servers' => 
  array (
    0 => 'https://dashboard.wpreset.com/api/',
  ),
  'version' => '2.04',
  'plugin_file' => '/home2/vedannqu/admin.leafngo.org/wp-content/plugins/wp-reset/wp-reset.php',
  'plugin_page' => 'tools_page_wp-reset',
  'skip_hooks' => false,
  'debug' => true,
  'js_folder' => 'https://admin.leafngo.org/wp-content/plugins/wp-reset//js/',
)
array (
  'prefix' => 'wpr',
  'licensing_servers' => 
  array (
    0 => 'https://dashboard.wpreset.com/api/',
  ),
  'version' => '2.04',
  'slug' => 'wp-reset',
  'basename' => 'wp-reset/wp-reset.php',
  'plugin_page' => 'tools_page_wp-reset',
  'plugin_file' => '/home2/vedannqu/admin.leafngo.org/wp-content/plugins/wp-reset/wp-reset.php',
  'js_folder' => 'https://admin.leafngo.org/wp-content/plugins/wp-reset//js/',
  'api_ver' => 'v1/',
  'valid_forever' => '2035-01-01',
  'unlimited_installs' => 99999,
  'debug' => true,
  'filesystem_initialized' => false,
)

[Tue, 22 Jul 2025 05:32:24 +0000] wpr: __construct
array (
  'prefix' => 'wpr',
  'licensing_servers' => 
  array (
    0 => 'https://dashboard.wpreset.com/api/',
  ),
  'version' => '2.04',
  'plugin_file' => '/home2/vedannqu/admin.leafngo.org/wp-content/plugins/wp-reset/wp-reset.php',
  'plugin_page' => 'tools_page_wp-reset',
  'skip_hooks' => false,
  'debug' => true,
  'js_folder' => 'https://admin.leafngo.org/wp-content/plugins/wp-reset//js/',
)
array (
  'prefix' => 'wpr',
  'licensing_servers' => 
  array (
    0 => 'https://dashboard.wpreset.com/api/',
  ),
  'version' => '2.04',
  'slug' => 'wp-reset',
  'basename' => 'wp-reset/wp-reset.php',
  'plugin_page' => 'tools_page_wp-reset',
  'plugin_file' => '/home2/vedannqu/admin.leafngo.org/wp-content/plugins/wp-reset/wp-reset.php',
  'js_folder' => 'https://admin.leafngo.org/wp-content/plugins/wp-reset//js/',
  'api_ver' => 'v1/',
  'valid_forever' => '2035-01-01',
  'unlimited_installs' => 99999,
  'debug' => true,
  'filesystem_initialized' => false,
)

[Tue, 22 Jul 2025 05:32:45 +0000] wpr: __construct
array (
  'prefix' => 'wpr',
  'licensing_servers' => 
  array (
    0 => 'https://dashboard.wpreset.com/api/',
  ),
  'version' => '2.04',
  'plugin_file' => '/home2/vedannqu/admin.leafngo.org/wp-content/plugins/wp-reset/wp-reset.php',
  'plugin_page' => 'tools_page_wp-reset',
  'skip_hooks' => false,
  'debug' => true,
  'js_folder' => 'https://admin.leafngo.org/wp-content/plugins/wp-reset//js/',
)
array (
  'prefix' => 'wpr',
  'licensing_servers' => 
  array (
    0 => 'https://dashboard.wpreset.com/api/',
  ),
  'version' => '2.04',
  'slug' => 'wp-reset',
  'basename' => 'wp-reset/wp-reset.php',
  'plugin_page' => 'tools_page_wp-reset',
  'plugin_file' => '/home2/vedannqu/admin.leafngo.org/wp-content/plugins/wp-reset/wp-reset.php',
  'js_folder' => 'https://admin.leafngo.org/wp-content/plugins/wp-reset//js/',
  'api_ver' => 'v1/',
  'valid_forever' => '2035-01-01',
  'unlimited_installs' => 99999,
  'debug' => true,
  'filesystem_initialized' => false,
)

[Tue, 22 Jul 2025 05:32:51 +0000] wpr: __construct
array (
  'prefix' => 'wpr',
  'licensing_servers' => 
  array (
    0 => 'https://dashboard.wpreset.com/api/',
  ),
  'version' => '2.04',
  'plugin_file' => '/home2/vedannqu/admin.leafngo.org/wp-content/plugins/wp-reset/wp-reset.php',
  'plugin_page' => 'tools_page_wp-reset',
  'skip_hooks' => false,
  'debug' => true,
  'js_folder' => 'https://admin.leafngo.org/wp-content/plugins/wp-reset//js/',
)
array (
  'prefix' => 'wpr',
  'licensing_servers' => 
  array (
    0 => 'https://dashboard.wpreset.com/api/',
  ),
  'version' => '2.04',
  'slug' => 'wp-reset',
  'basename' => 'wp-reset/wp-reset.php',
  'plugin_page' => 'tools_page_wp-reset',
  'plugin_file' => '/home2/vedannqu/admin.leafngo.org/wp-content/plugins/wp-reset/wp-reset.php',
  'js_folder' => 'https://admin.leafngo.org/wp-content/plugins/wp-reset//js/',
  'api_ver' => 'v1/',
  'valid_forever' => '2035-01-01',
  'unlimited_installs' => 99999,
  'debug' => true,
  'filesystem_initialized' => false,
)

[Tue, 22 Jul 2025 05:33:01 +0000] wpr: __construct
array (
  'prefix' => 'wpr',
  'licensing_servers' => 
  array (
    0 => 'https://dashboard.wpreset.com/api/',
  ),
  'version' => '2.04',
  'plugin_file' => '/home2/vedannqu/admin.leafngo.org/wp-content/plugins/wp-reset/wp-reset.php',
  'plugin_page' => 'tools_page_wp-reset',
  'skip_hooks' => false,
  'debug' => true,
  'js_folder' => 'https://admin.leafngo.org/wp-content/plugins/wp-reset//js/',
)
array (
  'prefix' => 'wpr',
  'licensing_servers' => 
  array (
    0 => 'https://dashboard.wpreset.com/api/',
  ),
  'version' => '2.04',
  'slug' => 'wp-reset',
  'basename' => 'wp-reset/wp-reset.php',
  'plugin_page' => 'tools_page_wp-reset',
  'plugin_file' => '/home2/vedannqu/admin.leafngo.org/wp-content/plugins/wp-reset/wp-reset.php',
  'js_folder' => 'https://admin.leafngo.org/wp-content/plugins/wp-reset//js/',
  'api_ver' => 'v1/',
  'valid_forever' => '2035-01-01',
  'unlimited_installs' => 99999,
  'debug' => true,
  'filesystem_initialized' => false,
)

[Tue, 22 Jul 2025 05:33:13 +0000] wpr: __construct
array (
  'prefix' => 'wpr',
  'licensing_servers' => 
  array (
    0 => 'https://dashboard.wpreset.com/api/',
  ),
  'version' => '2.04',
  'plugin_file' => '/home2/vedannqu/admin.leafngo.org/wp-content/plugins/wp-reset/wp-reset.php',
  'plugin_page' => 'tools_page_wp-reset',
  'skip_hooks' => false,
  'debug' => true,
  'js_folder' => 'https://admin.leafngo.org/wp-content/plugins/wp-reset//js/',
)
array (
  'prefix' => 'wpr',
  'licensing_servers' => 
  array (
    0 => 'https://dashboard.wpreset.com/api/',
  ),
  'version' => '2.04',
  'slug' => 'wp-reset',
  'basename' => 'wp-reset/wp-reset.php',
  'plugin_page' => 'tools_page_wp-reset',
  'plugin_file' => '/home2/vedannqu/admin.leafngo.org/wp-content/plugins/wp-reset/wp-reset.php',
  'js_folder' => 'https://admin.leafngo.org/wp-content/plugins/wp-reset//js/',
  'api_ver' => 'v1/',
  'valid_forever' => '2035-01-01',
  'unlimited_installs' => 99999,
  'debug' => true,
  'filesystem_initialized' => false,
)

[Tue, 22 Jul 2025 05:33:16 +0000] wpr: __construct
array (
  'prefix' => 'wpr',
  'licensing_servers' => 
  array (
    0 => 'https://dashboard.wpreset.com/api/',
  ),
  'version' => '2.04',
  'plugin_file' => '/home2/vedannqu/admin.leafngo.org/wp-content/plugins/wp-reset/wp-reset.php',
  'plugin_page' => 'tools_page_wp-reset',
  'skip_hooks' => false,
  'debug' => true,
  'js_folder' => 'https://admin.leafngo.org/wp-content/plugins/wp-reset//js/',
)
array (
  'prefix' => 'wpr',
  'licensing_servers' => 
  array (
    0 => 'https://dashboard.wpreset.com/api/',
  ),
  'version' => '2.04',
  'slug' => 'wp-reset',
  'basename' => 'wp-reset/wp-reset.php',
  'plugin_page' => 'tools_page_wp-reset',
  'plugin_file' => '/home2/vedannqu/admin.leafngo.org/wp-content/plugins/wp-reset/wp-reset.php',
  'js_folder' => 'https://admin.leafngo.org/wp-content/plugins/wp-reset//js/',
  'api_ver' => 'v1/',
  'valid_forever' => '2035-01-01',
  'unlimited_installs' => 99999,
  'debug' => true,
  'filesystem_initialized' => false,
)

[Tue, 22 Jul 2025 05:33:58 +0000] wpr: __construct
array (
  'prefix' => 'wpr',
  'licensing_servers' => 
  array (
    0 => 'https://dashboard.wpreset.com/api/',
  ),
  'version' => '2.04',
  'plugin_file' => '/home2/vedannqu/admin.leafngo.org/wp-content/plugins/wp-reset/wp-reset.php',
  'plugin_page' => 'tools_page_wp-reset',
  'skip_hooks' => false,
  'debug' => true,
  'js_folder' => 'https://admin.leafngo.org/wp-content/plugins/wp-reset//js/',
)
array (
  'prefix' => 'wpr',
  'licensing_servers' => 
  array (
    0 => 'https://dashboard.wpreset.com/api/',
  ),
  'version' => '2.04',
  'slug' => 'wp-reset',
  'basename' => 'wp-reset/wp-reset.php',
  'plugin_page' => 'tools_page_wp-reset',
  'plugin_file' => '/home2/vedannqu/admin.leafngo.org/wp-content/plugins/wp-reset/wp-reset.php',
  'js_folder' => 'https://admin.leafngo.org/wp-content/plugins/wp-reset//js/',
  'api_ver' => 'v1/',
  'valid_forever' => '2035-01-01',
  'unlimited_installs' => 99999,
  'debug' => true,
  'filesystem_initialized' => false,
)

[Tue, 22 Jul 2025 05:34:13 +0000] wpr: __construct
array (
  'prefix' => 'wpr',
  'licensing_servers' => 
  array (
    0 => 'https://dashboard.wpreset.com/api/',
  ),
  'version' => '2.04',
  'plugin_file' => '/home2/vedannqu/admin.leafngo.org/wp-content/plugins/wp-reset/wp-reset.php',
  'plugin_page' => 'tools_page_wp-reset',
  'skip_hooks' => false,
  'debug' => true,
  'js_folder' => 'https://admin.leafngo.org/wp-content/plugins/wp-reset//js/',
)
array (
  'prefix' => 'wpr',
  'licensing_servers' => 
  array (
    0 => 'https://dashboard.wpreset.com/api/',
  ),
  'version' => '2.04',
  'slug' => 'wp-reset',
  'basename' => 'wp-reset/wp-reset.php',
  'plugin_page' => 'tools_page_wp-reset',
  'plugin_file' => '/home2/vedannqu/admin.leafngo.org/wp-content/plugins/wp-reset/wp-reset.php',
  'js_folder' => 'https://admin.leafngo.org/wp-content/plugins/wp-reset//js/',
  'api_ver' => 'v1/',
  'valid_forever' => '2035-01-01',
  'unlimited_installs' => 99999,
  'debug' => true,
  'filesystem_initialized' => false,
)

[Tue, 22 Jul 2025 05:34:28 +0000] wpr: __construct
array (
  'prefix' => 'wpr',
  'licensing_servers' => 
  array (
    0 => 'https://dashboard.wpreset.com/api/',
  ),
  'version' => '2.04',
  'plugin_file' => '/home2/vedannqu/admin.leafngo.org/wp-content/plugins/wp-reset/wp-reset.php',
  'plugin_page' => 'tools_page_wp-reset',
  'skip_hooks' => false,
  'debug' => true,
  'js_folder' => 'https://admin.leafngo.org/wp-content/plugins/wp-reset//js/',
)
array (
  'prefix' => 'wpr',
  'licensing_servers' => 
  array (
    0 => 'https://dashboard.wpreset.com/api/',
  ),
  'version' => '2.04',
  'slug' => 'wp-reset',
  'basename' => 'wp-reset/wp-reset.php',
  'plugin_page' => 'tools_page_wp-reset',
  'plugin_file' => '/home2/vedannqu/admin.leafngo.org/wp-content/plugins/wp-reset/wp-reset.php',
  'js_folder' => 'https://admin.leafngo.org/wp-content/plugins/wp-reset//js/',
  'api_ver' => 'v1/',
  'valid_forever' => '2035-01-01',
  'unlimited_installs' => 99999,
  'debug' => true,
  'filesystem_initialized' => false,
)

[Tue, 22 Jul 2025 05:34:30 +0000] wpr: __construct
array (
  'prefix' => 'wpr',
  'licensing_servers' => 
  array (
    0 => 'https://dashboard.wpreset.com/api/',
  ),
  'version' => '2.04',
  'plugin_file' => '/home2/vedannqu/admin.leafngo.org/wp-content/plugins/wp-reset/wp-reset.php',
  'plugin_page' => 'tools_page_wp-reset',
  'skip_hooks' => false,
  'debug' => true,
  'js_folder' => 'https://admin.leafngo.org/wp-content/plugins/wp-reset//js/',
)
array (
  'prefix' => 'wpr',
  'licensing_servers' => 
  array (
    0 => 'https://dashboard.wpreset.com/api/',
  ),
  'version' => '2.04',
  'slug' => 'wp-reset',
  'basename' => 'wp-reset/wp-reset.php',
  'plugin_page' => 'tools_page_wp-reset',
  'plugin_file' => '/home2/vedannqu/admin.leafngo.org/wp-content/plugins/wp-reset/wp-reset.php',
  'js_folder' => 'https://admin.leafngo.org/wp-content/plugins/wp-reset//js/',
  'api_ver' => 'v1/',
  'valid_forever' => '2035-01-01',
  'unlimited_installs' => 99999,
  'debug' => true,
  'filesystem_initialized' => false,
)

[Tue, 22 Jul 2025 05:34:33 +0000] wpr: __construct
array (
  'prefix' => 'wpr',
  'licensing_servers' => 
  array (
    0 => 'https://dashboard.wpreset.com/api/',
  ),
  'version' => '2.04',
  'plugin_file' => '/home2/vedannqu/admin.leafngo.org/wp-content/plugins/wp-reset/wp-reset.php',
  'plugin_page' => 'tools_page_wp-reset',
  'skip_hooks' => false,
  'debug' => true,
  'js_folder' => 'https://admin.leafngo.org/wp-content/plugins/wp-reset//js/',
)
array (
  'prefix' => 'wpr',
  'licensing_servers' => 
  array (
    0 => 'https://dashboard.wpreset.com/api/',
  ),
  'version' => '2.04',
  'slug' => 'wp-reset',
  'basename' => 'wp-reset/wp-reset.php',
  'plugin_page' => 'tools_page_wp-reset',
  'plugin_file' => '/home2/vedannqu/admin.leafngo.org/wp-content/plugins/wp-reset/wp-reset.php',
  'js_folder' => 'https://admin.leafngo.org/wp-content/plugins/wp-reset//js/',
  'api_ver' => 'v1/',
  'valid_forever' => '2035-01-01',
  'unlimited_installs' => 99999,
  'debug' => true,
  'filesystem_initialized' => false,
)

[Tue, 22 Jul 2025 05:34:43 +0000] wpr: __construct
array (
  'prefix' => 'wpr',
  'licensing_servers' => 
  array (
    0 => 'https://dashboard.wpreset.com/api/',
  ),
  'version' => '2.04',
  'plugin_file' => '/home2/vedannqu/admin.leafngo.org/wp-content/plugins/wp-reset/wp-reset.php',
  'plugin_page' => 'tools_page_wp-reset',
  'skip_hooks' => false,
  'debug' => true,
  'js_folder' => 'https://admin.leafngo.org/wp-content/plugins/wp-reset//js/',
)
array (
  'prefix' => 'wpr',
  'licensing_servers' => 
  array (
    0 => 'https://dashboard.wpreset.com/api/',
  ),
  'version' => '2.04',
  'slug' => 'wp-reset',
  'basename' => 'wp-reset/wp-reset.php',
  'plugin_page' => 'tools_page_wp-reset',
  'plugin_file' => '/home2/vedannqu/admin.leafngo.org/wp-content/plugins/wp-reset/wp-reset.php',
  'js_folder' => 'https://admin.leafngo.org/wp-content/plugins/wp-reset//js/',
  'api_ver' => 'v1/',
  'valid_forever' => '2035-01-01',
  'unlimited_installs' => 99999,
  'debug' => true,
  'filesystem_initialized' => false,
)

[Tue, 22 Jul 2025 05:34:58 +0000] wpr: __construct
array (
  'prefix' => 'wpr',
  'licensing_servers' => 
  array (
    0 => 'https://dashboard.wpreset.com/api/',
  ),
  'version' => '2.04',
  'plugin_file' => '/home2/vedannqu/admin.leafngo.org/wp-content/plugins/wp-reset/wp-reset.php',
  'plugin_page' => 'tools_page_wp-reset',
  'skip_hooks' => false,
  'debug' => true,
  'js_folder' => 'https://admin.leafngo.org/wp-content/plugins/wp-reset//js/',
)
array (
  'prefix' => 'wpr',
  'licensing_servers' => 
  array (
    0 => 'https://dashboard.wpreset.com/api/',
  ),
  'version' => '2.04',
  'slug' => 'wp-reset',
  'basename' => 'wp-reset/wp-reset.php',
  'plugin_page' => 'tools_page_wp-reset',
  'plugin_file' => '/home2/vedannqu/admin.leafngo.org/wp-content/plugins/wp-reset/wp-reset.php',
  'js_folder' => 'https://admin.leafngo.org/wp-content/plugins/wp-reset//js/',
  'api_ver' => 'v1/',
  'valid_forever' => '2035-01-01',
  'unlimited_installs' => 99999,
  'debug' => true,
  'filesystem_initialized' => false,
)

[Tue, 22 Jul 2025 05:35:13 +0000] wpr: __construct
array (
  'prefix' => 'wpr',
  'licensing_servers' => 
  array (
    0 => 'https://dashboard.wpreset.com/api/',
  ),
  'version' => '2.04',
  'plugin_file' => '/home2/vedannqu/admin.leafngo.org/wp-content/plugins/wp-reset/wp-reset.php',
  'plugin_page' => 'tools_page_wp-reset',
  'skip_hooks' => false,
  'debug' => true,
  'js_folder' => 'https://admin.leafngo.org/wp-content/plugins/wp-reset//js/',
)
array (
  'prefix' => 'wpr',
  'licensing_servers' => 
  array (
    0 => 'https://dashboard.wpreset.com/api/',
  ),
  'version' => '2.04',
  'slug' => 'wp-reset',
  'basename' => 'wp-reset/wp-reset.php',
  'plugin_page' => 'tools_page_wp-reset',
  'plugin_file' => '/home2/vedannqu/admin.leafngo.org/wp-content/plugins/wp-reset/wp-reset.php',
  'js_folder' => 'https://admin.leafngo.org/wp-content/plugins/wp-reset//js/',
  'api_ver' => 'v1/',
  'valid_forever' => '2035-01-01',
  'unlimited_installs' => 99999,
  'debug' => true,
  'filesystem_initialized' => false,
)

[Tue, 22 Jul 2025 05:35:27 +0000] wpr: __construct
array (
  'prefix' => 'wpr',
  'licensing_servers' => 
  array (
    0 => 'https://dashboard.wpreset.com/api/',
  ),
  'version' => '2.04',
  'plugin_file' => '/home2/vedannqu/admin.leafngo.org/wp-content/plugins/wp-reset/wp-reset.php',
  'plugin_page' => 'tools_page_wp-reset',
  'skip_hooks' => false,
  'debug' => true,
  'js_folder' => 'https://admin.leafngo.org/wp-content/plugins/wp-reset//js/',
)
array (
  'prefix' => 'wpr',
  'licensing_servers' => 
  array (
    0 => 'https://dashboard.wpreset.com/api/',
  ),
  'version' => '2.04',
  'slug' => 'wp-reset',
  'basename' => 'wp-reset/wp-reset.php',
  'plugin_page' => 'tools_page_wp-reset',
  'plugin_file' => '/home2/vedannqu/admin.leafngo.org/wp-content/plugins/wp-reset/wp-reset.php',
  'js_folder' => 'https://admin.leafngo.org/wp-content/plugins/wp-reset//js/',
  'api_ver' => 'v1/',
  'valid_forever' => '2035-01-01',
  'unlimited_installs' => 99999,
  'debug' => true,
  'filesystem_initialized' => false,
)

[Tue, 22 Jul 2025 05:35:32 +0000] wpr: __construct
array (
  'prefix' => 'wpr',
  'licensing_servers' => 
  array (
    0 => 'https://dashboard.wpreset.com/api/',
  ),
  'version' => '2.04',
  'plugin_file' => '/home2/vedannqu/admin.leafngo.org/wp-content/plugins/wp-reset/wp-reset.php',
  'plugin_page' => 'tools_page_wp-reset',
  'skip_hooks' => false,
  'debug' => true,
  'js_folder' => 'https://admin.leafngo.org/wp-content/plugins/wp-reset//js/',
)
array (
  'prefix' => 'wpr',
  'licensing_servers' => 
  array (
    0 => 'https://dashboard.wpreset.com/api/',
  ),
  'version' => '2.04',
  'slug' => 'wp-reset',
  'basename' => 'wp-reset/wp-reset.php',
  'plugin_page' => 'tools_page_wp-reset',
  'plugin_file' => '/home2/vedannqu/admin.leafngo.org/wp-content/plugins/wp-reset/wp-reset.php',
  'js_folder' => 'https://admin.leafngo.org/wp-content/plugins/wp-reset//js/',
  'api_ver' => 'v1/',
  'valid_forever' => '2035-01-01',
  'unlimited_installs' => 99999,
  'debug' => true,
  'filesystem_initialized' => false,
)

[Tue, 22 Jul 2025 05:35:43 +0000] wpr: __construct
array (
  'prefix' => 'wpr',
  'licensing_servers' => 
  array (
    0 => 'https://dashboard.wpreset.com/api/',
  ),
  'version' => '2.04',
  'plugin_file' => '/home2/vedannqu/admin.leafngo.org/wp-content/plugins/wp-reset/wp-reset.php',
  'plugin_page' => 'tools_page_wp-reset',
  'skip_hooks' => false,
  'debug' => true,
  'js_folder' => 'https://admin.leafngo.org/wp-content/plugins/wp-reset//js/',
)
array (
  'prefix' => 'wpr',
  'licensing_servers' => 
  array (
    0 => 'https://dashboard.wpreset.com/api/',
  ),
  'version' => '2.04',
  'slug' => 'wp-reset',
  'basename' => 'wp-reset/wp-reset.php',
  'plugin_page' => 'tools_page_wp-reset',
  'plugin_file' => '/home2/vedannqu/admin.leafngo.org/wp-content/plugins/wp-reset/wp-reset.php',
  'js_folder' => 'https://admin.leafngo.org/wp-content/plugins/wp-reset//js/',
  'api_ver' => 'v1/',
  'valid_forever' => '2035-01-01',
  'unlimited_installs' => 99999,
  'debug' => true,
  'filesystem_initialized' => false,
)

[Tue, 22 Jul 2025 05:35:57 +0000] wpr: __construct
array (
  'prefix' => 'wpr',
  'licensing_servers' => 
  array (
    0 => 'https://dashboard.wpreset.com/api/',
  ),
  'version' => '2.04',
  'plugin_file' => '/home2/vedannqu/admin.leafngo.org/wp-content/plugins/wp-reset/wp-reset.php',
  'plugin_page' => 'tools_page_wp-reset',
  'skip_hooks' => false,
  'debug' => true,
  'js_folder' => 'https://admin.leafngo.org/wp-content/plugins/wp-reset//js/',
)
array (
  'prefix' => 'wpr',
  'licensing_servers' => 
  array (
    0 => 'https://dashboard.wpreset.com/api/',
  ),
  'version' => '2.04',
  'slug' => 'wp-reset',
  'basename' => 'wp-reset/wp-reset.php',
  'plugin_page' => 'tools_page_wp-reset',
  'plugin_file' => '/home2/vedannqu/admin.leafngo.org/wp-content/plugins/wp-reset/wp-reset.php',
  'js_folder' => 'https://admin.leafngo.org/wp-content/plugins/wp-reset//js/',
  'api_ver' => 'v1/',
  'valid_forever' => '2035-01-01',
  'unlimited_installs' => 99999,
  'debug' => true,
  'filesystem_initialized' => false,
)

[Tue, 22 Jul 2025 05:36:12 +0000] wpr: __construct
array (
  'prefix' => 'wpr',
  'licensing_servers' => 
  array (
    0 => 'https://dashboard.wpreset.com/api/',
  ),
  'version' => '2.04',
  'plugin_file' => '/home2/vedannqu/admin.leafngo.org/wp-content/plugins/wp-reset/wp-reset.php',
  'plugin_page' => 'tools_page_wp-reset',
  'skip_hooks' => false,
  'debug' => true,
  'js_folder' => 'https://admin.leafngo.org/wp-content/plugins/wp-reset//js/',
)
array (
  'prefix' => 'wpr',
  'licensing_servers' => 
  array (
    0 => 'https://dashboard.wpreset.com/api/',
  ),
  'version' => '2.04',
  'slug' => 'wp-reset',
  'basename' => 'wp-reset/wp-reset.php',
  'plugin_page' => 'tools_page_wp-reset',
  'plugin_file' => '/home2/vedannqu/admin.leafngo.org/wp-content/plugins/wp-reset/wp-reset.php',
  'js_folder' => 'https://admin.leafngo.org/wp-content/plugins/wp-reset//js/',
  'api_ver' => 'v1/',
  'valid_forever' => '2035-01-01',
  'unlimited_installs' => 99999,
  'debug' => true,
  'filesystem_initialized' => false,
)

[Tue, 22 Jul 2025 05:36:27 +0000] wpr: __construct
array (
  'prefix' => 'wpr',
  'licensing_servers' => 
  array (
    0 => 'https://dashboard.wpreset.com/api/',
  ),
  'version' => '2.04',
  'plugin_file' => '/home2/vedannqu/admin.leafngo.org/wp-content/plugins/wp-reset/wp-reset.php',
  'plugin_page' => 'tools_page_wp-reset',
  'skip_hooks' => false,
  'debug' => true,
  'js_folder' => 'https://admin.leafngo.org/wp-content/plugins/wp-reset//js/',
)
array (
  'prefix' => 'wpr',
  'licensing_servers' => 
  array (
    0 => 'https://dashboard.wpreset.com/api/',
  ),
  'version' => '2.04',
  'slug' => 'wp-reset',
  'basename' => 'wp-reset/wp-reset.php',
  'plugin_page' => 'tools_page_wp-reset',
  'plugin_file' => '/home2/vedannqu/admin.leafngo.org/wp-content/plugins/wp-reset/wp-reset.php',
  'js_folder' => 'https://admin.leafngo.org/wp-content/plugins/wp-reset//js/',
  'api_ver' => 'v1/',
  'valid_forever' => '2035-01-01',
  'unlimited_installs' => 99999,
  'debug' => true,
  'filesystem_initialized' => false,
)

[Tue, 22 Jul 2025 05:36:43 +0000] wpr: __construct
array (
  'prefix' => 'wpr',
  'licensing_servers' => 
  array (
    0 => 'https://dashboard.wpreset.com/api/',
  ),
  'version' => '2.04',
  'plugin_file' => '/home2/vedannqu/admin.leafngo.org/wp-content/plugins/wp-reset/wp-reset.php',
  'plugin_page' => 'tools_page_wp-reset',
  'skip_hooks' => false,
  'debug' => true,
  'js_folder' => 'https://admin.leafngo.org/wp-content/plugins/wp-reset//js/',
)
array (
  'prefix' => 'wpr',
  'licensing_servers' => 
  array (
    0 => 'https://dashboard.wpreset.com/api/',
  ),
  'version' => '2.04',
  'slug' => 'wp-reset',
  'basename' => 'wp-reset/wp-reset.php',
  'plugin_page' => 'tools_page_wp-reset',
  'plugin_file' => '/home2/vedannqu/admin.leafngo.org/wp-content/plugins/wp-reset/wp-reset.php',
  'js_folder' => 'https://admin.leafngo.org/wp-content/plugins/wp-reset//js/',
  'api_ver' => 'v1/',
  'valid_forever' => '2035-01-01',
  'unlimited_installs' => 99999,
  'debug' => true,
  'filesystem_initialized' => false,
)

[Tue, 22 Jul 2025 05:36:58 +0000] wpr: __construct
array (
  'prefix' => 'wpr',
  'licensing_servers' => 
  array (
    0 => 'https://dashboard.wpreset.com/api/',
  ),
  'version' => '2.04',
  'plugin_file' => '/home2/vedannqu/admin.leafngo.org/wp-content/plugins/wp-reset/wp-reset.php',
  'plugin_page' => 'tools_page_wp-reset',
  'skip_hooks' => false,
  'debug' => true,
  'js_folder' => 'https://admin.leafngo.org/wp-content/plugins/wp-reset//js/',
)
array (
  'prefix' => 'wpr',
  'licensing_servers' => 
  array (
    0 => 'https://dashboard.wpreset.com/api/',
  ),
  'version' => '2.04',
  'slug' => 'wp-reset',
  'basename' => 'wp-reset/wp-reset.php',
  'plugin_page' => 'tools_page_wp-reset',
  'plugin_file' => '/home2/vedannqu/admin.leafngo.org/wp-content/plugins/wp-reset/wp-reset.php',
  'js_folder' => 'https://admin.leafngo.org/wp-content/plugins/wp-reset//js/',
  'api_ver' => 'v1/',
  'valid_forever' => '2035-01-01',
  'unlimited_installs' => 99999,
  'debug' => true,
  'filesystem_initialized' => false,
)

[Tue, 22 Jul 2025 05:37:13 +0000] wpr: __construct
array (
  'prefix' => 'wpr',
  'licensing_servers' => 
  array (
    0 => 'https://dashboard.wpreset.com/api/',
  ),
  'version' => '2.04',
  'plugin_file' => '/home2/vedannqu/admin.leafngo.org/wp-content/plugins/wp-reset/wp-reset.php',
  'plugin_page' => 'tools_page_wp-reset',
  'skip_hooks' => false,
  'debug' => true,
  'js_folder' => 'https://admin.leafngo.org/wp-content/plugins/wp-reset//js/',
)
array (
  'prefix' => 'wpr',
  'licensing_servers' => 
  array (
    0 => 'https://dashboard.wpreset.com/api/',
  ),
  'version' => '2.04',
  'slug' => 'wp-reset',
  'basename' => 'wp-reset/wp-reset.php',
  'plugin_page' => 'tools_page_wp-reset',
  'plugin_file' => '/home2/vedannqu/admin.leafngo.org/wp-content/plugins/wp-reset/wp-reset.php',
  'js_folder' => 'https://admin.leafngo.org/wp-content/plugins/wp-reset//js/',
  'api_ver' => 'v1/',
  'valid_forever' => '2035-01-01',
  'unlimited_installs' => 99999,
  'debug' => true,
  'filesystem_initialized' => false,
)

[Tue, 22 Jul 2025 05:37:27 +0000] wpr: __construct
array (
  'prefix' => 'wpr',
  'licensing_servers' => 
  array (
    0 => 'https://dashboard.wpreset.com/api/',
  ),
  'version' => '2.04',
  'plugin_file' => '/home2/vedannqu/admin.leafngo.org/wp-content/plugins/wp-reset/wp-reset.php',
  'plugin_page' => 'tools_page_wp-reset',
  'skip_hooks' => false,
  'debug' => true,
  'js_folder' => 'https://admin.leafngo.org/wp-content/plugins/wp-reset//js/',
)
array (
  'prefix' => 'wpr',
  'licensing_servers' => 
  array (
    0 => 'https://dashboard.wpreset.com/api/',
  ),
  'version' => '2.04',
  'slug' => 'wp-reset',
  'basename' => 'wp-reset/wp-reset.php',
  'plugin_page' => 'tools_page_wp-reset',
  'plugin_file' => '/home2/vedannqu/admin.leafngo.org/wp-content/plugins/wp-reset/wp-reset.php',
  'js_folder' => 'https://admin.leafngo.org/wp-content/plugins/wp-reset//js/',
  'api_ver' => 'v1/',
  'valid_forever' => '2035-01-01',
  'unlimited_installs' => 99999,
  'debug' => true,
  'filesystem_initialized' => false,
)

[Tue, 22 Jul 2025 05:37:43 +0000] wpr: __construct
array (
  'prefix' => 'wpr',
  'licensing_servers' => 
  array (
    0 => 'https://dashboard.wpreset.com/api/',
  ),
  'version' => '2.04',
  'plugin_file' => '/home2/vedannqu/admin.leafngo.org/wp-content/plugins/wp-reset/wp-reset.php',
  'plugin_page' => 'tools_page_wp-reset',
  'skip_hooks' => false,
  'debug' => true,
  'js_folder' => 'https://admin.leafngo.org/wp-content/plugins/wp-reset//js/',
)
array (
  'prefix' => 'wpr',
  'licensing_servers' => 
  array (
    0 => 'https://dashboard.wpreset.com/api/',
  ),
  'version' => '2.04',
  'slug' => 'wp-reset',
  'basename' => 'wp-reset/wp-reset.php',
  'plugin_page' => 'tools_page_wp-reset',
  'plugin_file' => '/home2/vedannqu/admin.leafngo.org/wp-content/plugins/wp-reset/wp-reset.php',
  'js_folder' => 'https://admin.leafngo.org/wp-content/plugins/wp-reset//js/',
  'api_ver' => 'v1/',
  'valid_forever' => '2035-01-01',
  'unlimited_installs' => 99999,
  'debug' => true,
  'filesystem_initialized' => false,
)

[Tue, 22 Jul 2025 05:37:58 +0000] wpr: __construct
array (
  'prefix' => 'wpr',
  'licensing_servers' => 
  array (
    0 => 'https://dashboard.wpreset.com/api/',
  ),
  'version' => '2.04',
  'plugin_file' => '/home2/vedannqu/admin.leafngo.org/wp-content/plugins/wp-reset/wp-reset.php',
  'plugin_page' => 'tools_page_wp-reset',
  'skip_hooks' => false,
  'debug' => true,
  'js_folder' => 'https://admin.leafngo.org/wp-content/plugins/wp-reset//js/',
)
array (
  'prefix' => 'wpr',
  'licensing_servers' => 
  array (
    0 => 'https://dashboard.wpreset.com/api/',
  ),
  'version' => '2.04',
  'slug' => 'wp-reset',
  'basename' => 'wp-reset/wp-reset.php',
  'plugin_page' => 'tools_page_wp-reset',
  'plugin_file' => '/home2/vedannqu/admin.leafngo.org/wp-content/plugins/wp-reset/wp-reset.php',
  'js_folder' => 'https://admin.leafngo.org/wp-content/plugins/wp-reset//js/',
  'api_ver' => 'v1/',
  'valid_forever' => '2035-01-01',
  'unlimited_installs' => 99999,
  'debug' => true,
  'filesystem_initialized' => false,
)

[Tue, 22 Jul 2025 05:38:13 +0000] wpr: __construct
array (
  'prefix' => 'wpr',
  'licensing_servers' => 
  array (
    0 => 'https://dashboard.wpreset.com/api/',
  ),
  'version' => '2.04',
  'plugin_file' => '/home2/vedannqu/admin.leafngo.org/wp-content/plugins/wp-reset/wp-reset.php',
  'plugin_page' => 'tools_page_wp-reset',
  'skip_hooks' => false,
  'debug' => true,
  'js_folder' => 'https://admin.leafngo.org/wp-content/plugins/wp-reset//js/',
)
array (
  'prefix' => 'wpr',
  'licensing_servers' => 
  array (
    0 => 'https://dashboard.wpreset.com/api/',
  ),
  'version' => '2.04',
  'slug' => 'wp-reset',
  'basename' => 'wp-reset/wp-reset.php',
  'plugin_page' => 'tools_page_wp-reset',
  'plugin_file' => '/home2/vedannqu/admin.leafngo.org/wp-content/plugins/wp-reset/wp-reset.php',
  'js_folder' => 'https://admin.leafngo.org/wp-content/plugins/wp-reset//js/',
  'api_ver' => 'v1/',
  'valid_forever' => '2035-01-01',
  'unlimited_installs' => 99999,
  'debug' => true,
  'filesystem_initialized' => false,
)

[Tue, 22 Jul 2025 05:38:27 +0000] wpr: __construct
array (
  'prefix' => 'wpr',
  'licensing_servers' => 
  array (
    0 => 'https://dashboard.wpreset.com/api/',
  ),
  'version' => '2.04',
  'plugin_file' => '/home2/vedannqu/admin.leafngo.org/wp-content/plugins/wp-reset/wp-reset.php',
  'plugin_page' => 'tools_page_wp-reset',
  'skip_hooks' => false,
  'debug' => true,
  'js_folder' => 'https://admin.leafngo.org/wp-content/plugins/wp-reset//js/',
)
array (
  'prefix' => 'wpr',
  'licensing_servers' => 
  array (
    0 => 'https://dashboard.wpreset.com/api/',
  ),
  'version' => '2.04',
  'slug' => 'wp-reset',
  'basename' => 'wp-reset/wp-reset.php',
  'plugin_page' => 'tools_page_wp-reset',
  'plugin_file' => '/home2/vedannqu/admin.leafngo.org/wp-content/plugins/wp-reset/wp-reset.php',
  'js_folder' => 'https://admin.leafngo.org/wp-content/plugins/wp-reset//js/',
  'api_ver' => 'v1/',
  'valid_forever' => '2035-01-01',
  'unlimited_installs' => 99999,
  'debug' => true,
  'filesystem_initialized' => false,
)

[Tue, 22 Jul 2025 05:38:43 +0000] wpr: __construct
array (
  'prefix' => 'wpr',
  'licensing_servers' => 
  array (
    0 => 'https://dashboard.wpreset.com/api/',
  ),
  'version' => '2.04',
  'plugin_file' => '/home2/vedannqu/admin.leafngo.org/wp-content/plugins/wp-reset/wp-reset.php',
  'plugin_page' => 'tools_page_wp-reset',
  'skip_hooks' => false,
  'debug' => true,
  'js_folder' => 'https://admin.leafngo.org/wp-content/plugins/wp-reset//js/',
)
array (
  'prefix' => 'wpr',
  'licensing_servers' => 
  array (
    0 => 'https://dashboard.wpreset.com/api/',
  ),
  'version' => '2.04',
  'slug' => 'wp-reset',
  'basename' => 'wp-reset/wp-reset.php',
  'plugin_page' => 'tools_page_wp-reset',
  'plugin_file' => '/home2/vedannqu/admin.leafngo.org/wp-content/plugins/wp-reset/wp-reset.php',
  'js_folder' => 'https://admin.leafngo.org/wp-content/plugins/wp-reset//js/',
  'api_ver' => 'v1/',
  'valid_forever' => '2035-01-01',
  'unlimited_installs' => 99999,
  'debug' => true,
  'filesystem_initialized' => false,
)

[Tue, 22 Jul 2025 05:38:58 +0000] wpr: __construct
array (
  'prefix' => 'wpr',
  'licensing_servers' => 
  array (
    0 => 'https://dashboard.wpreset.com/api/',
  ),
  'version' => '2.04',
  'plugin_file' => '/home2/vedannqu/admin.leafngo.org/wp-content/plugins/wp-reset/wp-reset.php',
  'plugin_page' => 'tools_page_wp-reset',
  'skip_hooks' => false,
  'debug' => true,
  'js_folder' => 'https://admin.leafngo.org/wp-content/plugins/wp-reset//js/',
)
array (
  'prefix' => 'wpr',
  'licensing_servers' => 
  array (
    0 => 'https://dashboard.wpreset.com/api/',
  ),
  'version' => '2.04',
  'slug' => 'wp-reset',
  'basename' => 'wp-reset/wp-reset.php',
  'plugin_page' => 'tools_page_wp-reset',
  'plugin_file' => '/home2/vedannqu/admin.leafngo.org/wp-content/plugins/wp-reset/wp-reset.php',
  'js_folder' => 'https://admin.leafngo.org/wp-content/plugins/wp-reset//js/',
  'api_ver' => 'v1/',
  'valid_forever' => '2035-01-01',
  'unlimited_installs' => 99999,
  'debug' => true,
  'filesystem_initialized' => false,
)

[Tue, 22 Jul 2025 05:39:32 +0000] wpr: __construct
array (
  'prefix' => 'wpr',
  'licensing_servers' => 
  array (
    0 => 'https://dashboard.wpreset.com/api/',
  ),
  'version' => '2.04',
  'plugin_file' => '/home2/vedannqu/admin.leafngo.org/wp-content/plugins/wp-reset/wp-reset.php',
  'plugin_page' => 'tools_page_wp-reset',
  'skip_hooks' => false,
  'debug' => true,
  'js_folder' => 'https://admin.leafngo.org/wp-content/plugins/wp-reset//js/',
)
array (
  'prefix' => 'wpr',
  'licensing_servers' => 
  array (
    0 => 'https://dashboard.wpreset.com/api/',
  ),
  'version' => '2.04',
  'slug' => 'wp-reset',
  'basename' => 'wp-reset/wp-reset.php',
  'plugin_page' => 'tools_page_wp-reset',
  'plugin_file' => '/home2/vedannqu/admin.leafngo.org/wp-content/plugins/wp-reset/wp-reset.php',
  'js_folder' => 'https://admin.leafngo.org/wp-content/plugins/wp-reset//js/',
  'api_ver' => 'v1/',
  'valid_forever' => '2035-01-01',
  'unlimited_installs' => 99999,
  'debug' => true,
  'filesystem_initialized' => false,
)

[Tue, 22 Jul 2025 05:39:37 +0000] wpr: __construct
array (
  'prefix' => 'wpr',
  'licensing_servers' => 
  array (
    0 => 'https://dashboard.wpreset.com/api/',
  ),
  'version' => '2.04',
  'plugin_file' => '/home2/vedannqu/admin.leafngo.org/wp-content/plugins/wp-reset/wp-reset.php',
  'plugin_page' => 'tools_page_wp-reset',
  'skip_hooks' => false,
  'debug' => true,
  'js_folder' => 'https://admin.leafngo.org/wp-content/plugins/wp-reset//js/',
)
array (
  'prefix' => 'wpr',
  'licensing_servers' => 
  array (
    0 => 'https://dashboard.wpreset.com/api/',
  ),
  'version' => '2.04',
  'slug' => 'wp-reset',
  'basename' => 'wp-reset/wp-reset.php',
  'plugin_page' => 'tools_page_wp-reset',
  'plugin_file' => '/home2/vedannqu/admin.leafngo.org/wp-content/plugins/wp-reset/wp-reset.php',
  'js_folder' => 'https://admin.leafngo.org/wp-content/plugins/wp-reset//js/',
  'api_ver' => 'v1/',
  'valid_forever' => '2035-01-01',
  'unlimited_installs' => 99999,
  'debug' => true,
  'filesystem_initialized' => false,
)

[Tue, 22 Jul 2025 05:40:07 +0000] wpr: __construct
array (
  'prefix' => 'wpr',
  'licensing_servers' => 
  array (
    0 => 'https://dashboard.wpreset.com/api/',
  ),
  'version' => '2.04',
  'plugin_file' => '/home2/vedannqu/admin.leafngo.org/wp-content/plugins/wp-reset/wp-reset.php',
  'plugin_page' => 'tools_page_wp-reset',
  'skip_hooks' => false,
  'debug' => true,
  'js_folder' => 'https://admin.leafngo.org/wp-content/plugins/wp-reset//js/',
)
array (
  'prefix' => 'wpr',
  'licensing_servers' => 
  array (
    0 => 'https://dashboard.wpreset.com/api/',
  ),
  'version' => '2.04',
  'slug' => 'wp-reset',
  'basename' => 'wp-reset/wp-reset.php',
  'plugin_page' => 'tools_page_wp-reset',
  'plugin_file' => '/home2/vedannqu/admin.leafngo.org/wp-content/plugins/wp-reset/wp-reset.php',
  'js_folder' => 'https://admin.leafngo.org/wp-content/plugins/wp-reset//js/',
  'api_ver' => 'v1/',
  'valid_forever' => '2035-01-01',
  'unlimited_installs' => 99999,
  'debug' => true,
  'filesystem_initialized' => false,
)

[Tue, 22 Jul 2025 05:40:13 +0000] wpr: __construct
array (
  'prefix' => 'wpr',
  'licensing_servers' => 
  array (
    0 => 'https://dashboard.wpreset.com/api/',
  ),
  'version' => '2.04',
  'plugin_file' => '/home2/vedannqu/admin.leafngo.org/wp-content/plugins/wp-reset/wp-reset.php',
  'plugin_page' => 'tools_page_wp-reset',
  'skip_hooks' => false,
  'debug' => true,
  'js_folder' => 'https://admin.leafngo.org/wp-content/plugins/wp-reset//js/',
)
array (
  'prefix' => 'wpr',
  'licensing_servers' => 
  array (
    0 => 'https://dashboard.wpreset.com/api/',
  ),
  'version' => '2.04',
  'slug' => 'wp-reset',
  'basename' => 'wp-reset/wp-reset.php',
  'plugin_page' => 'tools_page_wp-reset',
  'plugin_file' => '/home2/vedannqu/admin.leafngo.org/wp-content/plugins/wp-reset/wp-reset.php',
  'js_folder' => 'https://admin.leafngo.org/wp-content/plugins/wp-reset//js/',
  'api_ver' => 'v1/',
  'valid_forever' => '2035-01-01',
  'unlimited_installs' => 99999,
  'debug' => true,
  'filesystem_initialized' => false,
)

[Tue, 22 Jul 2025 05:40:18 +0000] wpr: __construct
array (
  'prefix' => 'wpr',
  'licensing_servers' => 
  array (
    0 => 'https://dashboard.wpreset.com/api/',
  ),
  'version' => '2.04',
  'plugin_file' => '/home2/vedannqu/admin.leafngo.org/wp-content/plugins/wp-reset/wp-reset.php',
  'plugin_page' => 'tools_page_wp-reset',
  'skip_hooks' => false,
  'debug' => true,
  'js_folder' => 'https://admin.leafngo.org/wp-content/plugins/wp-reset//js/',
)
array (
  'prefix' => 'wpr',
  'licensing_servers' => 
  array (
    0 => 'https://dashboard.wpreset.com/api/',
  ),
  'version' => '2.04',
  'slug' => 'wp-reset',
  'basename' => 'wp-reset/wp-reset.php',
  'plugin_page' => 'tools_page_wp-reset',
  'plugin_file' => '/home2/vedannqu/admin.leafngo.org/wp-content/plugins/wp-reset/wp-reset.php',
  'js_folder' => 'https://admin.leafngo.org/wp-content/plugins/wp-reset//js/',
  'api_ver' => 'v1/',
  'valid_forever' => '2035-01-01',
  'unlimited_installs' => 99999,
  'debug' => true,
  'filesystem_initialized' => false,
)

[Tue, 22 Jul 2025 05:40:26 +0000] wpr: __construct
array (
  'prefix' => 'wpr',
  'licensing_servers' => 
  array (
    0 => 'https://dashboard.wpreset.com/api/',
  ),
  'version' => '2.04',
  'plugin_file' => '/home2/vedannqu/admin.leafngo.org/wp-content/plugins/wp-reset/wp-reset.php',
  'plugin_page' => 'tools_page_wp-reset',
  'skip_hooks' => false,
  'debug' => true,
  'js_folder' => 'https://admin.leafngo.org/wp-content/plugins/wp-reset//js/',
)
array (
  'prefix' => 'wpr',
  'licensing_servers' => 
  array (
    0 => 'https://dashboard.wpreset.com/api/',
  ),
  'version' => '2.04',
  'slug' => 'wp-reset',
  'basename' => 'wp-reset/wp-reset.php',
  'plugin_page' => 'tools_page_wp-reset',
  'plugin_file' => '/home2/vedannqu/admin.leafngo.org/wp-content/plugins/wp-reset/wp-reset.php',
  'js_folder' => 'https://admin.leafngo.org/wp-content/plugins/wp-reset//js/',
  'api_ver' => 'v1/',
  'valid_forever' => '2035-01-01',
  'unlimited_installs' => 99999,
  'debug' => true,
  'filesystem_initialized' => false,
)

[Tue, 22 Jul 2025 05:40:43 +0000] wpr: __construct
array (
  'prefix' => 'wpr',
  'licensing_servers' => 
  array (
    0 => 'https://dashboard.wpreset.com/api/',
  ),
  'version' => '2.04',
  'plugin_file' => '/home2/vedannqu/admin.leafngo.org/wp-content/plugins/wp-reset/wp-reset.php',
  'plugin_page' => 'tools_page_wp-reset',
  'skip_hooks' => false,
  'debug' => true,
  'js_folder' => 'https://admin.leafngo.org/wp-content/plugins/wp-reset//js/',
)
array (
  'prefix' => 'wpr',
  'licensing_servers' => 
  array (
    0 => 'https://dashboard.wpreset.com/api/',
  ),
  'version' => '2.04',
  'slug' => 'wp-reset',
  'basename' => 'wp-reset/wp-reset.php',
  'plugin_page' => 'tools_page_wp-reset',
  'plugin_file' => '/home2/vedannqu/admin.leafngo.org/wp-content/plugins/wp-reset/wp-reset.php',
  'js_folder' => 'https://admin.leafngo.org/wp-content/plugins/wp-reset//js/',
  'api_ver' => 'v1/',
  'valid_forever' => '2035-01-01',
  'unlimited_installs' => 99999,
  'debug' => true,
  'filesystem_initialized' => false,
)

[Tue, 22 Jul 2025 05:40:44 +0000] wpr: __construct
array (
  'prefix' => 'wpr',
  'licensing_servers' => 
  array (
    0 => 'https://dashboard.wpreset.com/api/',
  ),
  'version' => '2.04',
  'plugin_file' => '/home2/vedannqu/admin.leafngo.org/wp-content/plugins/wp-reset/wp-reset.php',
  'plugin_page' => 'tools_page_wp-reset',
  'skip_hooks' => false,
  'debug' => true,
  'js_folder' => 'https://admin.leafngo.org/wp-content/plugins/wp-reset//js/',
)
array (
  'prefix' => 'wpr',
  'licensing_servers' => 
  array (
    0 => 'https://dashboard.wpreset.com/api/',
  ),
  'version' => '2.04',
  'slug' => 'wp-reset',
  'basename' => 'wp-reset/wp-reset.php',
  'plugin_page' => 'tools_page_wp-reset',
  'plugin_file' => '/home2/vedannqu/admin.leafngo.org/wp-content/plugins/wp-reset/wp-reset.php',
  'js_folder' => 'https://admin.leafngo.org/wp-content/plugins/wp-reset//js/',
  'api_ver' => 'v1/',
  'valid_forever' => '2035-01-01',
  'unlimited_installs' => 99999,
  'debug' => true,
  'filesystem_initialized' => false,
)

[Tue, 22 Jul 2025 05:40:46 +0000] wpr: __construct
array (
  'prefix' => 'wpr',
  'licensing_servers' => 
  array (
    0 => 'https://dashboard.wpreset.com/api/',
  ),
  'version' => '2.04',
  'plugin_file' => '/home2/vedannqu/admin.leafngo.org/wp-content/plugins/wp-reset/wp-reset.php',
  'plugin_page' => 'tools_page_wp-reset',
  'skip_hooks' => false,
  'debug' => true,
  'js_folder' => 'https://admin.leafngo.org/wp-content/plugins/wp-reset//js/',
)
array (
  'prefix' => 'wpr',
  'licensing_servers' => 
  array (
    0 => 'https://dashboard.wpreset.com/api/',
  ),
  'version' => '2.04',
  'slug' => 'wp-reset',
  'basename' => 'wp-reset/wp-reset.php',
  'plugin_page' => 'tools_page_wp-reset',
  'plugin_file' => '/home2/vedannqu/admin.leafngo.org/wp-content/plugins/wp-reset/wp-reset.php',
  'js_folder' => 'https://admin.leafngo.org/wp-content/plugins/wp-reset//js/',
  'api_ver' => 'v1/',
  'valid_forever' => '2035-01-01',
  'unlimited_installs' => 99999,
  'debug' => true,
  'filesystem_initialized' => false,
)

[Tue, 22 Jul 2025 05:40:46 +0000] wpr: __construct
array (
  'prefix' => 'wpr',
  'licensing_servers' => 
  array (
    0 => 'https://dashboard.wpreset.com/api/',
  ),
  'version' => '2.04',
  'plugin_file' => '/home2/vedannqu/admin.leafngo.org/wp-content/plugins/wp-reset/wp-reset.php',
  'plugin_page' => 'tools_page_wp-reset',
  'skip_hooks' => false,
  'debug' => true,
  'js_folder' => 'https://admin.leafngo.org/wp-content/plugins/wp-reset//js/',
)
array (
  'prefix' => 'wpr',
  'licensing_servers' => 
  array (
    0 => 'https://dashboard.wpreset.com/api/',
  ),
  'version' => '2.04',
  'slug' => 'wp-reset',
  'basename' => 'wp-reset/wp-reset.php',
  'plugin_page' => 'tools_page_wp-reset',
  'plugin_file' => '/home2/vedannqu/admin.leafngo.org/wp-content/plugins/wp-reset/wp-reset.php',
  'js_folder' => 'https://admin.leafngo.org/wp-content/plugins/wp-reset//js/',
  'api_ver' => 'v1/',
  'valid_forever' => '2035-01-01',
  'unlimited_installs' => 99999,
  'debug' => true,
  'filesystem_initialized' => false,
)

[Tue, 22 Jul 2025 05:40:57 +0000] wpr: __construct
array (
  'prefix' => 'wpr',
  'licensing_servers' => 
  array (
    0 => 'https://dashboard.wpreset.com/api/',
  ),
  'version' => '2.04',
  'plugin_file' => '/home2/vedannqu/admin.leafngo.org/wp-content/plugins/wp-reset/wp-reset.php',
  'plugin_page' => 'tools_page_wp-reset',
  'skip_hooks' => false,
  'debug' => true,
  'js_folder' => 'https://admin.leafngo.org/wp-content/plugins/wp-reset//js/',
)
array (
  'prefix' => 'wpr',
  'licensing_servers' => 
  array (
    0 => 'https://dashboard.wpreset.com/api/',
  ),
  'version' => '2.04',
  'slug' => 'wp-reset',
  'basename' => 'wp-reset/wp-reset.php',
  'plugin_page' => 'tools_page_wp-reset',
  'plugin_file' => '/home2/vedannqu/admin.leafngo.org/wp-content/plugins/wp-reset/wp-reset.php',
  'js_folder' => 'https://admin.leafngo.org/wp-content/plugins/wp-reset//js/',
  'api_ver' => 'v1/',
  'valid_forever' => '2035-01-01',
  'unlimited_installs' => 99999,
  'debug' => true,
  'filesystem_initialized' => false,
)

[Tue, 22 Jul 2025 05:40:57 +0000] wpr: __construct
array (
  'prefix' => 'wpr',
  'licensing_servers' => 
  array (
    0 => 'https://dashboard.wpreset.com/api/',
  ),
  'version' => '2.04',
  'plugin_file' => '/home2/vedannqu/admin.leafngo.org/wp-content/plugins/wp-reset/wp-reset.php',
  'plugin_page' => 'tools_page_wp-reset',
  'skip_hooks' => false,
  'debug' => true,
  'js_folder' => 'https://admin.leafngo.org/wp-content/plugins/wp-reset//js/',
)
array (
  'prefix' => 'wpr',
  'licensing_servers' => 
  array (
    0 => 'https://dashboard.wpreset.com/api/',
  ),
  'version' => '2.04',
  'slug' => 'wp-reset',
  'basename' => 'wp-reset/wp-reset.php',
  'plugin_page' => 'tools_page_wp-reset',
  'plugin_file' => '/home2/vedannqu/admin.leafngo.org/wp-content/plugins/wp-reset/wp-reset.php',
  'js_folder' => 'https://admin.leafngo.org/wp-content/plugins/wp-reset//js/',
  'api_ver' => 'v1/',
  'valid_forever' => '2035-01-01',
  'unlimited_installs' => 99999,
  'debug' => true,
  'filesystem_initialized' => false,
)

[Tue, 22 Jul 2025 05:41:18 +0000] wpr: __construct
array (
  'prefix' => 'wpr',
  'licensing_servers' => 
  array (
    0 => 'https://dashboard.wpreset.com/api/',
  ),
  'version' => '2.04',
  'plugin_file' => '/home2/vedannqu/admin.leafngo.org/wp-content/plugins/wp-reset/wp-reset.php',
  'plugin_page' => 'tools_page_wp-reset',
  'skip_hooks' => false,
  'debug' => true,
  'js_folder' => 'https://admin.leafngo.org/wp-content/plugins/wp-reset//js/',
)
array (
  'prefix' => 'wpr',
  'licensing_servers' => 
  array (
    0 => 'https://dashboard.wpreset.com/api/',
  ),
  'version' => '2.04',
  'slug' => 'wp-reset',
  'basename' => 'wp-reset/wp-reset.php',
  'plugin_page' => 'tools_page_wp-reset',
  'plugin_file' => '/home2/vedannqu/admin.leafngo.org/wp-content/plugins/wp-reset/wp-reset.php',
  'js_folder' => 'https://admin.leafngo.org/wp-content/plugins/wp-reset//js/',
  'api_ver' => 'v1/',
  'valid_forever' => '2035-01-01',
  'unlimited_installs' => 99999,
  'debug' => true,
  'filesystem_initialized' => false,
)

[Tue, 22 Jul 2025 05:41:20 +0000] wpr: __construct
array (
  'prefix' => 'wpr',
  'licensing_servers' => 
  array (
    0 => 'https://dashboard.wpreset.com/api/',
  ),
  'version' => '2.04',
  'plugin_file' => '/home2/vedannqu/admin.leafngo.org/wp-content/plugins/wp-reset/wp-reset.php',
  'plugin_page' => 'tools_page_wp-reset',
  'skip_hooks' => false,
  'debug' => true,
  'js_folder' => 'https://admin.leafngo.org/wp-content/plugins/wp-reset//js/',
)
array (
  'prefix' => 'wpr',
  'licensing_servers' => 
  array (
    0 => 'https://dashboard.wpreset.com/api/',
  ),
  'version' => '2.04',
  'slug' => 'wp-reset',
  'basename' => 'wp-reset/wp-reset.php',
  'plugin_page' => 'tools_page_wp-reset',
  'plugin_file' => '/home2/vedannqu/admin.leafngo.org/wp-content/plugins/wp-reset/wp-reset.php',
  'js_folder' => 'https://admin.leafngo.org/wp-content/plugins/wp-reset//js/',
  'api_ver' => 'v1/',
  'valid_forever' => '2035-01-01',
  'unlimited_installs' => 99999,
  'debug' => true,
  'filesystem_initialized' => false,
)

[Tue, 22 Jul 2025 05:41:32 +0000] wpr: __construct
array (
  'prefix' => 'wpr',
  'licensing_servers' => 
  array (
    0 => 'https://dashboard.wpreset.com/api/',
  ),
  'version' => '2.04',
  'plugin_file' => '/home2/vedannqu/admin.leafngo.org/wp-content/plugins/wp-reset/wp-reset.php',
  'plugin_page' => 'tools_page_wp-reset',
  'skip_hooks' => false,
  'debug' => true,
  'js_folder' => 'https://admin.leafngo.org/wp-content/plugins/wp-reset//js/',
)
array (
  'prefix' => 'wpr',
  'licensing_servers' => 
  array (
    0 => 'https://dashboard.wpreset.com/api/',
  ),
  'version' => '2.04',
  'slug' => 'wp-reset',
  'basename' => 'wp-reset/wp-reset.php',
  'plugin_page' => 'tools_page_wp-reset',
  'plugin_file' => '/home2/vedannqu/admin.leafngo.org/wp-content/plugins/wp-reset/wp-reset.php',
  'js_folder' => 'https://admin.leafngo.org/wp-content/plugins/wp-reset//js/',
  'api_ver' => 'v1/',
  'valid_forever' => '2035-01-01',
  'unlimited_installs' => 99999,
  'debug' => true,
  'filesystem_initialized' => false,
)

[Tue, 22 Jul 2025 05:42:06 +0000] wpr: __construct
array (
  'prefix' => 'wpr',
  'licensing_servers' => 
  array (
    0 => 'https://dashboard.wpreset.com/api/',
  ),
  'version' => '2.04',
  'plugin_file' => '/home2/vedannqu/admin.leafngo.org/wp-content/plugins/wp-reset/wp-reset.php',
  'plugin_page' => 'tools_page_wp-reset',
  'skip_hooks' => false,
  'debug' => true,
  'js_folder' => 'https://admin.leafngo.org/wp-content/plugins/wp-reset//js/',
)
array (
  'prefix' => 'wpr',
  'licensing_servers' => 
  array (
    0 => 'https://dashboard.wpreset.com/api/',
  ),
  'version' => '2.04',
  'slug' => 'wp-reset',
  'basename' => 'wp-reset/wp-reset.php',
  'plugin_page' => 'tools_page_wp-reset',
  'plugin_file' => '/home2/vedannqu/admin.leafngo.org/wp-content/plugins/wp-reset/wp-reset.php',
  'js_folder' => 'https://admin.leafngo.org/wp-content/plugins/wp-reset//js/',
  'api_ver' => 'v1/',
  'valid_forever' => '2035-01-01',
  'unlimited_installs' => 99999,
  'debug' => true,
  'filesystem_initialized' => false,
)

[Tue, 22 Jul 2025 05:42:24 +0000] wpr: __construct
array (
  'prefix' => 'wpr',
  'licensing_servers' => 
  array (
    0 => 'https://dashboard.wpreset.com/api/',
  ),
  'version' => '2.04',
  'plugin_file' => '/home2/vedannqu/admin.leafngo.org/wp-content/plugins/wp-reset/wp-reset.php',
  'plugin_page' => 'tools_page_wp-reset',
  'skip_hooks' => false,
  'debug' => true,
  'js_folder' => 'https://admin.leafngo.org/wp-content/plugins/wp-reset//js/',
)
array (
  'prefix' => 'wpr',
  'licensing_servers' => 
  array (
    0 => 'https://dashboard.wpreset.com/api/',
  ),
  'version' => '2.04',
  'slug' => 'wp-reset',
  'basename' => 'wp-reset/wp-reset.php',
  'plugin_page' => 'tools_page_wp-reset',
  'plugin_file' => '/home2/vedannqu/admin.leafngo.org/wp-content/plugins/wp-reset/wp-reset.php',
  'js_folder' => 'https://admin.leafngo.org/wp-content/plugins/wp-reset//js/',
  'api_ver' => 'v1/',
  'valid_forever' => '2035-01-01',
  'unlimited_installs' => 99999,
  'debug' => true,
  'filesystem_initialized' => false,
)

[Tue, 22 Jul 2025 05:42:24 +0000] wpr: __construct
array (
  'prefix' => 'wpr',
  'licensing_servers' => 
  array (
    0 => 'https://dashboard.wpreset.com/api/',
  ),
  'version' => '2.04',
  'plugin_file' => '/home2/vedannqu/admin.leafngo.org/wp-content/plugins/wp-reset/wp-reset.php',
  'plugin_page' => 'tools_page_wp-reset',
  'skip_hooks' => false,
  'debug' => true,
  'js_folder' => 'https://admin.leafngo.org/wp-content/plugins/wp-reset//js/',
)
array (
  'prefix' => 'wpr',
  'licensing_servers' => 
  array (
    0 => 'https://dashboard.wpreset.com/api/',
  ),
  'version' => '2.04',
  'slug' => 'wp-reset',
  'basename' => 'wp-reset/wp-reset.php',
  'plugin_page' => 'tools_page_wp-reset',
  'plugin_file' => '/home2/vedannqu/admin.leafngo.org/wp-content/plugins/wp-reset/wp-reset.php',
  'js_folder' => 'https://admin.leafngo.org/wp-content/plugins/wp-reset//js/',
  'api_ver' => 'v1/',
  'valid_forever' => '2035-01-01',
  'unlimited_installs' => 99999,
  'debug' => true,
  'filesystem_initialized' => false,
)

[Tue, 22 Jul 2025 05:42:26 +0000] wpr: __construct
array (
  'prefix' => 'wpr',
  'licensing_servers' => 
  array (
    0 => 'https://dashboard.wpreset.com/api/',
  ),
  'version' => '2.04',
  'plugin_file' => '/home2/vedannqu/admin.leafngo.org/wp-content/plugins/wp-reset/wp-reset.php',
  'plugin_page' => 'tools_page_wp-reset',
  'skip_hooks' => false,
  'debug' => true,
  'js_folder' => 'https://admin.leafngo.org/wp-content/plugins/wp-reset//js/',
)
array (
  'prefix' => 'wpr',
  'licensing_servers' => 
  array (
    0 => 'https://dashboard.wpreset.com/api/',
  ),
  'version' => '2.04',
  'slug' => 'wp-reset',
  'basename' => 'wp-reset/wp-reset.php',
  'plugin_page' => 'tools_page_wp-reset',
  'plugin_file' => '/home2/vedannqu/admin.leafngo.org/wp-content/plugins/wp-reset/wp-reset.php',
  'js_folder' => 'https://admin.leafngo.org/wp-content/plugins/wp-reset//js/',
  'api_ver' => 'v1/',
  'valid_forever' => '2035-01-01',
  'unlimited_installs' => 99999,
  'debug' => true,
  'filesystem_initialized' => false,
)

[Tue, 22 Jul 2025 05:42:27 +0000] wpr: __construct
array (
  'prefix' => 'wpr',
  'licensing_servers' => 
  array (
    0 => 'https://dashboard.wpreset.com/api/',
  ),
  'version' => '2.04',
  'plugin_file' => '/home2/vedannqu/admin.leafngo.org/wp-content/plugins/wp-reset/wp-reset.php',
  'plugin_page' => 'tools_page_wp-reset',
  'skip_hooks' => false,
  'debug' => true,
  'js_folder' => 'https://admin.leafngo.org/wp-content/plugins/wp-reset//js/',
)
array (
  'prefix' => 'wpr',
  'licensing_servers' => 
  array (
    0 => 'https://dashboard.wpreset.com/api/',
  ),
  'version' => '2.04',
  'slug' => 'wp-reset',
  'basename' => 'wp-reset/wp-reset.php',
  'plugin_page' => 'tools_page_wp-reset',
  'plugin_file' => '/home2/vedannqu/admin.leafngo.org/wp-content/plugins/wp-reset/wp-reset.php',
  'js_folder' => 'https://admin.leafngo.org/wp-content/plugins/wp-reset//js/',
  'api_ver' => 'v1/',
  'valid_forever' => '2035-01-01',
  'unlimited_installs' => 99999,
  'debug' => true,
  'filesystem_initialized' => false,
)

[Tue, 22 Jul 2025 05:42:42 +0000] wpr: __construct
array (
  'prefix' => 'wpr',
  'licensing_servers' => 
  array (
    0 => 'https://dashboard.wpreset.com/api/',
  ),
  'version' => '2.04',
  'plugin_file' => '/home2/vedannqu/admin.leafngo.org/wp-content/plugins/wp-reset/wp-reset.php',
  'plugin_page' => 'tools_page_wp-reset',
  'skip_hooks' => false,
  'debug' => true,
  'js_folder' => 'https://admin.leafngo.org/wp-content/plugins/wp-reset//js/',
)
array (
  'prefix' => 'wpr',
  'licensing_servers' => 
  array (
    0 => 'https://dashboard.wpreset.com/api/',
  ),
  'version' => '2.04',
  'slug' => 'wp-reset',
  'basename' => 'wp-reset/wp-reset.php',
  'plugin_page' => 'tools_page_wp-reset',
  'plugin_file' => '/home2/vedannqu/admin.leafngo.org/wp-content/plugins/wp-reset/wp-reset.php',
  'js_folder' => 'https://admin.leafngo.org/wp-content/plugins/wp-reset//js/',
  'api_ver' => 'v1/',
  'valid_forever' => '2035-01-01',
  'unlimited_installs' => 99999,
  'debug' => true,
  'filesystem_initialized' => false,
)

[Tue, 22 Jul 2025 05:42:50 +0000] wpr: __construct
array (
  'prefix' => 'wpr',
  'licensing_servers' => 
  array (
    0 => 'https://dashboard.wpreset.com/api/',
  ),
  'version' => '2.04',
  'plugin_file' => '/home2/vedannqu/admin.leafngo.org/wp-content/plugins/wp-reset/wp-reset.php',
  'plugin_page' => 'tools_page_wp-reset',
  'skip_hooks' => false,
  'debug' => true,
  'js_folder' => 'https://admin.leafngo.org/wp-content/plugins/wp-reset//js/',
)
array (
  'prefix' => 'wpr',
  'licensing_servers' => 
  array (
    0 => 'https://dashboard.wpreset.com/api/',
  ),
  'version' => '2.04',
  'slug' => 'wp-reset',
  'basename' => 'wp-reset/wp-reset.php',
  'plugin_page' => 'tools_page_wp-reset',
  'plugin_file' => '/home2/vedannqu/admin.leafngo.org/wp-content/plugins/wp-reset/wp-reset.php',
  'js_folder' => 'https://admin.leafngo.org/wp-content/plugins/wp-reset//js/',
  'api_ver' => 'v1/',
  'valid_forever' => '2035-01-01',
  'unlimited_installs' => 99999,
  'debug' => true,
  'filesystem_initialized' => false,
)

[Tue, 22 Jul 2025 05:42:56 +0000] wpr: __construct
array (
  'prefix' => 'wpr',
  'licensing_servers' => 
  array (
    0 => 'https://dashboard.wpreset.com/api/',
  ),
  'version' => '2.04',
  'plugin_file' => '/home2/vedannqu/admin.leafngo.org/wp-content/plugins/wp-reset/wp-reset.php',
  'plugin_page' => 'tools_page_wp-reset',
  'skip_hooks' => false,
  'debug' => true,
  'js_folder' => 'https://admin.leafngo.org/wp-content/plugins/wp-reset//js/',
)
array (
  'prefix' => 'wpr',
  'licensing_servers' => 
  array (
    0 => 'https://dashboard.wpreset.com/api/',
  ),
  'version' => '2.04',
  'slug' => 'wp-reset',
  'basename' => 'wp-reset/wp-reset.php',
  'plugin_page' => 'tools_page_wp-reset',
  'plugin_file' => '/home2/vedannqu/admin.leafngo.org/wp-content/plugins/wp-reset/wp-reset.php',
  'js_folder' => 'https://admin.leafngo.org/wp-content/plugins/wp-reset//js/',
  'api_ver' => 'v1/',
  'valid_forever' => '2035-01-01',
  'unlimited_installs' => 99999,
  'debug' => true,
  'filesystem_initialized' => false,
)

[Tue, 22 Jul 2025 05:43:11 +0000] wpr: __construct
array (
  'prefix' => 'wpr',
  'licensing_servers' => 
  array (
    0 => 'https://dashboard.wpreset.com/api/',
  ),
  'version' => '2.04',
  'plugin_file' => '/home2/vedannqu/admin.leafngo.org/wp-content/plugins/wp-reset/wp-reset.php',
  'plugin_page' => 'tools_page_wp-reset',
  'skip_hooks' => false,
  'debug' => true,
  'js_folder' => 'https://admin.leafngo.org/wp-content/plugins/wp-reset//js/',
)
array (
  'prefix' => 'wpr',
  'licensing_servers' => 
  array (
    0 => 'https://dashboard.wpreset.com/api/',
  ),
  'version' => '2.04',
  'slug' => 'wp-reset',
  'basename' => 'wp-reset/wp-reset.php',
  'plugin_page' => 'tools_page_wp-reset',
  'plugin_file' => '/home2/vedannqu/admin.leafngo.org/wp-content/plugins/wp-reset/wp-reset.php',
  'js_folder' => 'https://admin.leafngo.org/wp-content/plugins/wp-reset//js/',
  'api_ver' => 'v1/',
  'valid_forever' => '2035-01-01',
  'unlimited_installs' => 99999,
  'debug' => true,
  'filesystem_initialized' => false,
)

[Tue, 22 Jul 2025 05:43:22 +0000] wpr: __construct
array (
  'prefix' => 'wpr',
  'licensing_servers' => 
  array (
    0 => 'https://dashboard.wpreset.com/api/',
  ),
  'version' => '2.04',
  'plugin_file' => '/home2/vedannqu/admin.leafngo.org/wp-content/plugins/wp-reset/wp-reset.php',
  'plugin_page' => 'tools_page_wp-reset',
  'skip_hooks' => false,
  'debug' => true,
  'js_folder' => 'https://admin.leafngo.org/wp-content/plugins/wp-reset//js/',
)
array (
  'prefix' => 'wpr',
  'licensing_servers' => 
  array (
    0 => 'https://dashboard.wpreset.com/api/',
  ),
  'version' => '2.04',
  'slug' => 'wp-reset',
  'basename' => 'wp-reset/wp-reset.php',
  'plugin_page' => 'tools_page_wp-reset',
  'plugin_file' => '/home2/vedannqu/admin.leafngo.org/wp-content/plugins/wp-reset/wp-reset.php',
  'js_folder' => 'https://admin.leafngo.org/wp-content/plugins/wp-reset//js/',
  'api_ver' => 'v1/',
  'valid_forever' => '2035-01-01',
  'unlimited_installs' => 99999,
  'debug' => true,
  'filesystem_initialized' => false,
)

[Tue, 22 Jul 2025 05:43:26 +0000] wpr: __construct
array (
  'prefix' => 'wpr',
  'licensing_servers' => 
  array (
    0 => 'https://dashboard.wpreset.com/api/',
  ),
  'version' => '2.04',
  'plugin_file' => '/home2/vedannqu/admin.leafngo.org/wp-content/plugins/wp-reset/wp-reset.php',
  'plugin_page' => 'tools_page_wp-reset',
  'skip_hooks' => false,
  'debug' => true,
  'js_folder' => 'https://admin.leafngo.org/wp-content/plugins/wp-reset//js/',
)
array (
  'prefix' => 'wpr',
  'licensing_servers' => 
  array (
    0 => 'https://dashboard.wpreset.com/api/',
  ),
  'version' => '2.04',
  'slug' => 'wp-reset',
  'basename' => 'wp-reset/wp-reset.php',
  'plugin_page' => 'tools_page_wp-reset',
  'plugin_file' => '/home2/vedannqu/admin.leafngo.org/wp-content/plugins/wp-reset/wp-reset.php',
  'js_folder' => 'https://admin.leafngo.org/wp-content/plugins/wp-reset//js/',
  'api_ver' => 'v1/',
  'valid_forever' => '2035-01-01',
  'unlimited_installs' => 99999,
  'debug' => true,
  'filesystem_initialized' => false,
)

[Tue, 22 Jul 2025 05:48:10 +0000] wpr: __construct
array (
  'prefix' => 'wpr',
  'licensing_servers' => 
  array (
    0 => 'https://dashboard.wpreset.com/api/',
  ),
  'version' => '2.04',
  'plugin_file' => '/home2/vedannqu/admin.leafngo.org/wp-content/plugins/wp-reset/wp-reset.php',
  'plugin_page' => 'tools_page_wp-reset',
  'skip_hooks' => false,
  'debug' => true,
  'js_folder' => 'https://admin.leafngo.org/wp-content/plugins/wp-reset//js/',
)
array (
  'prefix' => 'wpr',
  'licensing_servers' => 
  array (
    0 => 'https://dashboard.wpreset.com/api/',
  ),
  'version' => '2.04',
  'slug' => 'wp-reset',
  'basename' => 'wp-reset/wp-reset.php',
  'plugin_page' => 'tools_page_wp-reset',
  'plugin_file' => '/home2/vedannqu/admin.leafngo.org/wp-content/plugins/wp-reset/wp-reset.php',
  'js_folder' => 'https://admin.leafngo.org/wp-content/plugins/wp-reset//js/',
  'api_ver' => 'v1/',
  'valid_forever' => '2035-01-01',
  'unlimited_installs' => 99999,
  'debug' => true,
  'filesystem_initialized' => false,
)

[Tue, 22 Jul 2025 05:55:58 +0000] wpr: __construct
array (
  'prefix' => 'wpr',
  'licensing_servers' => 
  array (
    0 => 'https://dashboard.wpreset.com/api/',
  ),
  'version' => '2.04',
  'plugin_file' => '/home2/vedannqu/admin.leafngo.org/wp-content/plugins/wp-reset/wp-reset.php',
  'plugin_page' => 'tools_page_wp-reset',
  'skip_hooks' => false,
  'debug' => true,
  'js_folder' => 'https://admin.leafngo.org/wp-content/plugins/wp-reset//js/',
)
array (
  'prefix' => 'wpr',
  'licensing_servers' => 
  array (
    0 => 'https://dashboard.wpreset.com/api/',
  ),
  'version' => '2.04',
  'slug' => 'wp-reset',
  'basename' => 'wp-reset/wp-reset.php',
  'plugin_page' => 'tools_page_wp-reset',
  'plugin_file' => '/home2/vedannqu/admin.leafngo.org/wp-content/plugins/wp-reset/wp-reset.php',
  'js_folder' => 'https://admin.leafngo.org/wp-content/plugins/wp-reset//js/',
  'api_ver' => 'v1/',
  'valid_forever' => '2035-01-01',
  'unlimited_installs' => 99999,
  'debug' => true,
  'filesystem_initialized' => false,
)

[Tue, 22 Jul 2025 05:57:02 +0000] wpr: __construct
array (
  'prefix' => 'wpr',
  'licensing_servers' => 
  array (
    0 => 'https://dashboard.wpreset.com/api/',
  ),
  'version' => '2.04',
  'plugin_file' => '/home2/vedannqu/admin.leafngo.org/wp-content/plugins/wp-reset/wp-reset.php',
  'plugin_page' => 'tools_page_wp-reset',
  'skip_hooks' => false,
  'debug' => true,
  'js_folder' => 'https://admin.leafngo.org/wp-content/plugins/wp-reset//js/',
)
array (
  'prefix' => 'wpr',
  'licensing_servers' => 
  array (
    0 => 'https://dashboard.wpreset.com/api/',
  ),
  'version' => '2.04',
  'slug' => 'wp-reset',
  'basename' => 'wp-reset/wp-reset.php',
  'plugin_page' => 'tools_page_wp-reset',
  'plugin_file' => '/home2/vedannqu/admin.leafngo.org/wp-content/plugins/wp-reset/wp-reset.php',
  'js_folder' => 'https://admin.leafngo.org/wp-content/plugins/wp-reset//js/',
  'api_ver' => 'v1/',
  'valid_forever' => '2035-01-01',
  'unlimited_installs' => 99999,
  'debug' => true,
  'filesystem_initialized' => false,
)

[Tue, 22 Jul 2025 05:57:03 +0000] wpr: __construct
array (
  'prefix' => 'wpr',
  'licensing_servers' => 
  array (
    0 => 'https://dashboard.wpreset.com/api/',
  ),
  'version' => '2.04',
  'plugin_file' => '/home2/vedannqu/admin.leafngo.org/wp-content/plugins/wp-reset/wp-reset.php',
  'plugin_page' => 'tools_page_wp-reset',
  'skip_hooks' => false,
  'debug' => true,
  'js_folder' => 'https://admin.leafngo.org/wp-content/plugins/wp-reset//js/',
)
array (
  'prefix' => 'wpr',
  'licensing_servers' => 
  array (
    0 => 'https://dashboard.wpreset.com/api/',
  ),
  'version' => '2.04',
  'slug' => 'wp-reset',
  'basename' => 'wp-reset/wp-reset.php',
  'plugin_page' => 'tools_page_wp-reset',
  'plugin_file' => '/home2/vedannqu/admin.leafngo.org/wp-content/plugins/wp-reset/wp-reset.php',
  'js_folder' => 'https://admin.leafngo.org/wp-content/plugins/wp-reset//js/',
  'api_ver' => 'v1/',
  'valid_forever' => '2035-01-01',
  'unlimited_installs' => 99999,
  'debug' => true,
  'filesystem_initialized' => false,
)

[Tue, 22 Jul 2025 05:57:55 +0000] wpr: __construct
array (
  'prefix' => 'wpr',
  'licensing_servers' => 
  array (
    0 => 'https://dashboard.wpreset.com/api/',
  ),
  'version' => '2.04',
  'plugin_file' => '/home2/vedannqu/admin.leafngo.org/wp-content/plugins/wp-reset/wp-reset.php',
  'plugin_page' => 'tools_page_wp-reset',
  'skip_hooks' => false,
  'debug' => true,
  'js_folder' => 'https://admin.leafngo.org/wp-content/plugins/wp-reset//js/',
)
array (
  'prefix' => 'wpr',
  'licensing_servers' => 
  array (
    0 => 'https://dashboard.wpreset.com/api/',
  ),
  'version' => '2.04',
  'slug' => 'wp-reset',
  'basename' => 'wp-reset/wp-reset.php',
  'plugin_page' => 'tools_page_wp-reset',
  'plugin_file' => '/home2/vedannqu/admin.leafngo.org/wp-content/plugins/wp-reset/wp-reset.php',
  'js_folder' => 'https://admin.leafngo.org/wp-content/plugins/wp-reset//js/',
  'api_ver' => 'v1/',
  'valid_forever' => '2035-01-01',
  'unlimited_installs' => 99999,
  'debug' => true,
  'filesystem_initialized' => false,
)

[Tue, 22 Jul 2025 05:58:01 +0000] wpr: __construct
array (
  'prefix' => 'wpr',
  'licensing_servers' => 
  array (
    0 => 'https://dashboard.wpreset.com/api/',
  ),
  'version' => '2.04',
  'plugin_file' => '/home2/vedannqu/admin.leafngo.org/wp-content/plugins/wp-reset/wp-reset.php',
  'plugin_page' => 'tools_page_wp-reset',
  'skip_hooks' => false,
  'debug' => true,
  'js_folder' => 'https://admin.leafngo.org/wp-content/plugins/wp-reset//js/',
)
array (
  'prefix' => 'wpr',
  'licensing_servers' => 
  array (
    0 => 'https://dashboard.wpreset.com/api/',
  ),
  'version' => '2.04',
  'slug' => 'wp-reset',
  'basename' => 'wp-reset/wp-reset.php',
  'plugin_page' => 'tools_page_wp-reset',
  'plugin_file' => '/home2/vedannqu/admin.leafngo.org/wp-content/plugins/wp-reset/wp-reset.php',
  'js_folder' => 'https://admin.leafngo.org/wp-content/plugins/wp-reset//js/',
  'api_ver' => 'v1/',
  'valid_forever' => '2035-01-01',
  'unlimited_installs' => 99999,
  'debug' => true,
  'filesystem_initialized' => false,
)

[Tue, 22 Jul 2025 05:58:02 +0000] wpr: __construct
array (
  'prefix' => 'wpr',
  'licensing_servers' => 
  array (
    0 => 'https://dashboard.wpreset.com/api/',
  ),
  'version' => '2.04',
  'plugin_file' => '/home2/vedannqu/admin.leafngo.org/wp-content/plugins/wp-reset/wp-reset.php',
  'plugin_page' => 'tools_page_wp-reset',
  'skip_hooks' => false,
  'debug' => true,
  'js_folder' => 'https://admin.leafngo.org/wp-content/plugins/wp-reset//js/',
)
array (
  'prefix' => 'wpr',
  'licensing_servers' => 
  array (
    0 => 'https://dashboard.wpreset.com/api/',
  ),
  'version' => '2.04',
  'slug' => 'wp-reset',
  'basename' => 'wp-reset/wp-reset.php',
  'plugin_page' => 'tools_page_wp-reset',
  'plugin_file' => '/home2/vedannqu/admin.leafngo.org/wp-content/plugins/wp-reset/wp-reset.php',
  'js_folder' => 'https://admin.leafngo.org/wp-content/plugins/wp-reset//js/',
  'api_ver' => 'v1/',
  'valid_forever' => '2035-01-01',
  'unlimited_installs' => 99999,
  'debug' => true,
  'filesystem_initialized' => false,
)

[Tue, 22 Jul 2025 05:58:06 +0000] wpr: __construct
array (
  'prefix' => 'wpr',
  'licensing_servers' => 
  array (
    0 => 'https://dashboard.wpreset.com/api/',
  ),
  'version' => '2.04',
  'plugin_file' => '/home2/vedannqu/admin.leafngo.org/wp-content/plugins/wp-reset/wp-reset.php',
  'plugin_page' => 'tools_page_wp-reset',
  'skip_hooks' => false,
  'debug' => true,
  'js_folder' => 'https://admin.leafngo.org/wp-content/plugins/wp-reset//js/',
)
array (
  'prefix' => 'wpr',
  'licensing_servers' => 
  array (
    0 => 'https://dashboard.wpreset.com/api/',
  ),
  'version' => '2.04',
  'slug' => 'wp-reset',
  'basename' => 'wp-reset/wp-reset.php',
  'plugin_page' => 'tools_page_wp-reset',
  'plugin_file' => '/home2/vedannqu/admin.leafngo.org/wp-content/plugins/wp-reset/wp-reset.php',
  'js_folder' => 'https://admin.leafngo.org/wp-content/plugins/wp-reset//js/',
  'api_ver' => 'v1/',
  'valid_forever' => '2035-01-01',
  'unlimited_installs' => 99999,
  'debug' => true,
  'filesystem_initialized' => false,
)

[Tue, 22 Jul 2025 05:58:25 +0000] wpr: __construct
array (
  'prefix' => 'wpr',
  'licensing_servers' => 
  array (
    0 => 'https://dashboard.wpreset.com/api/',
  ),
  'version' => '2.04',
  'plugin_file' => '/home2/vedannqu/admin.leafngo.org/wp-content/plugins/wp-reset/wp-reset.php',
  'plugin_page' => 'tools_page_wp-reset',
  'skip_hooks' => false,
  'debug' => true,
  'js_folder' => 'https://admin.leafngo.org/wp-content/plugins/wp-reset//js/',
)
array (
  'prefix' => 'wpr',
  'licensing_servers' => 
  array (
    0 => 'https://dashboard.wpreset.com/api/',
  ),
  'version' => '2.04',
  'slug' => 'wp-reset',
  'basename' => 'wp-reset/wp-reset.php',
  'plugin_page' => 'tools_page_wp-reset',
  'plugin_file' => '/home2/vedannqu/admin.leafngo.org/wp-content/plugins/wp-reset/wp-reset.php',
  'js_folder' => 'https://admin.leafngo.org/wp-content/plugins/wp-reset//js/',
  'api_ver' => 'v1/',
  'valid_forever' => '2035-01-01',
  'unlimited_installs' => 99999,
  'debug' => true,
  'filesystem_initialized' => false,
)

